Kreds,valgsted_navn,kandidat_navn,parti,stemmer
Fredensborgkredsen,1. Asminderød,Partiliste,Socialdemokratiet,520
Fredensborgkredsen,1. Asminderød,Christine Antorini,Socialdemokratiet,99
Fredensborgkredsen,1. Asminderød,Nick Hækkerup,Socialdemokratiet,160
Fredensborgkredsen,1. Asminderød,Miki Dam Larsen,Socialdemokratiet,4
Fredensborgkredsen,1. Asminderød,Malou Lunderød,Socialdemokratiet,12
Fredensborgkredsen,1. Asminderød,Pernille Schnoor,Socialdemokratiet,76
Fredensborgkredsen,1. Asminderød,Partiliste,Radikale Venstre,71
Fredensborgkredsen,1. Asminderød,Kristian Hegaard,Radikale Venstre,23
Fredensborgkredsen,1. Asminderød,Anne Marie Geisler Andersen,Radikale Venstre,15
Fredensborgkredsen,1. Asminderød,Camilla Kampmann,Radikale Venstre,3
Fredensborgkredsen,1. Asminderød,Henrik Klitgaard,Radikale Venstre,2
Fredensborgkredsen,1. Asminderød,Martin Lidegaard,Radikale Venstre,89
Fredensborgkredsen,1. Asminderød,Helle Løvgreen Mølvig,Radikale Venstre,0
Fredensborgkredsen,1. Asminderød,Partiliste,Det Konservative Folkeparti,111
Fredensborgkredsen,1. Asminderød,Mette Thiesen,Det Konservative Folkeparti,48
Fredensborgkredsen,1. Asminderød,Mette Abildgaard,Det Konservative Folkeparti,33
Fredensborgkredsen,1. Asminderød,Thorkild Gruelund,Det Konservative Folkeparti,3
Fredensborgkredsen,1. Asminderød,Erik Lund,Det Konservative Folkeparti,9
Fredensborgkredsen,1. Asminderød,Pernille Vermund,Det Konservative Folkeparti,21
Fredensborgkredsen,1. Asminderød,Partiliste,SF - Socialistisk Folkeparti,70
Fredensborgkredsen,1. Asminderød,Trine Torp,SF - Socialistisk Folkeparti,32
Fredensborgkredsen,1. Asminderød,Nikolaj Bührmann,SF - Socialistisk Folkeparti,0
Fredensborgkredsen,1. Asminderød,Bente Borg Donkin,SF - Socialistisk Folkeparti,1
Fredensborgkredsen,1. Asminderød,Lars Iversen,SF - Socialistisk Folkeparti,5
Fredensborgkredsen,1. Asminderød,Teis Volstrup,SF - Socialistisk Folkeparti,9
Fredensborgkredsen,1. Asminderød,Partiliste,Liberal Alliance,162
Fredensborgkredsen,1. Asminderød,Niels Westy,Liberal Alliance,18
Fredensborgkredsen,1. Asminderød,Karsten Andersen,Liberal Alliance,1
Fredensborgkredsen,1. Asminderød,May-Britt Buch-Kattrup,Liberal Alliance,28
Fredensborgkredsen,1. Asminderød,Palle Christiansen,Liberal Alliance,1
Fredensborgkredsen,1. Asminderød,Anne-Marie Tørnes Hansen,Liberal Alliance,1
Fredensborgkredsen,1. Asminderød,Tommy Højegaard,Liberal Alliance,0
Fredensborgkredsen,1. Asminderød,Elisabeth Ildal,Liberal Alliance,5
Fredensborgkredsen,1. Asminderød,Jonathan Nielsen,Liberal Alliance,2
Fredensborgkredsen,1. Asminderød,Anders Samuelsen,Liberal Alliance,311
Fredensborgkredsen,1. Asminderød,Partiliste,Kristendemokraterne,4
Fredensborgkredsen,1. Asminderød,Stig Grenov,Kristendemokraterne,28
Fredensborgkredsen,1. Asminderød,Andreas Peters-Lehm,Kristendemokraterne,0
Fredensborgkredsen,1. Asminderød,Gert Svendsen,Kristendemokraterne,0
Fredensborgkredsen,1. Asminderød,Partiliste,Dansk Folkeparti,550
Fredensborgkredsen,1. Asminderød,Lucas Hultgren,Dansk Folkeparti,25
Fredensborgkredsen,1. Asminderød,Pia Adelsteen,Dansk Folkeparti,28
Fredensborgkredsen,1. Asminderød,Marlene Harpsøe,Dansk Folkeparti,77
Fredensborgkredsen,1. Asminderød,Gitte Hemmingsen,Dansk Folkeparti,14
Fredensborgkredsen,1. Asminderød,Glen Madsen,Dansk Folkeparti,18
Fredensborgkredsen,1. Asminderød,Jan Erik Messmann,Dansk Folkeparti,15
Fredensborgkredsen,1. Asminderød,Partiliste,"Venstre, Danmarks Liberale Parti",447
Fredensborgkredsen,1. Asminderød,Tinne Borch Jacobsen,"Venstre, Danmarks Liberale Parti",114
Fredensborgkredsen,1. Asminderød,Hans Andersen,"Venstre, Danmarks Liberale Parti",10
Fredensborgkredsen,1. Asminderød,Claus Hjort Frederiksen,"Venstre, Danmarks Liberale Parti",109
Fredensborgkredsen,1. Asminderød,Søren Hyldgaard,"Venstre, Danmarks Liberale Parti",14
Fredensborgkredsen,1. Asminderød,Sophie Løhde,"Venstre, Danmarks Liberale Parti",140
Fredensborgkredsen,1. Asminderød,Klaus Markussen,"Venstre, Danmarks Liberale Parti",15
Fredensborgkredsen,1. Asminderød,Partiliste,Enhedslisten - De Rød-Grønne,156
Fredensborgkredsen,1. Asminderød,Helle Osther Friedrichsen,Enhedslisten - De Rød-Grønne,19
Fredensborgkredsen,1. Asminderød,Maria Reumert Gjerding,Enhedslisten - De Rød-Grønne,20
Fredensborgkredsen,1. Asminderød,Øjvind Vilsholm,Enhedslisten - De Rød-Grønne,2
Fredensborgkredsen,1. Asminderød,Torben Kjær,Enhedslisten - De Rød-Grønne,1
Fredensborgkredsen,1. Asminderød,Margit Kjeldgaard,Enhedslisten - De Rød-Grønne,4
Fredensborgkredsen,1. Asminderød,Kent Weiss Holst,Enhedslisten - De Rød-Grønne,0
Fredensborgkredsen,1. Asminderød,Partiliste,Alternativet,139
Fredensborgkredsen,1. Asminderød,Christian Poll,Alternativet,19
Fredensborgkredsen,1. Asminderød,Michael Macdonald Arnskov,Alternativet,3
Fredensborgkredsen,1. Asminderød,Lasse Danielsen,Alternativet,4
Fredensborgkredsen,1. Asminderød,Bina Seff,Alternativet,13
Fredensborgkredsen,1. Asminderød,Aleks Jensen,(Uden for parti),0
Fredensborgkredsen,1. Asminderød,Gert Lassen,(Uden for parti),0
Fredensborgkredsen,1. Hørsholm,Partiliste,Socialdemokratiet,352
Fredensborgkredsen,1. Hørsholm,Christine Antorini,Socialdemokratiet,91
Fredensborgkredsen,1. Hørsholm,Nick Hækkerup,Socialdemokratiet,69
Fredensborgkredsen,1. Hørsholm,Miki Dam Larsen,Socialdemokratiet,3
Fredensborgkredsen,1. Hørsholm,Malou Lunderød,Socialdemokratiet,6
Fredensborgkredsen,1. Hørsholm,Pernille Schnoor,Socialdemokratiet,103
Fredensborgkredsen,1. Hørsholm,Partiliste,Radikale Venstre,100
Fredensborgkredsen,1. Hørsholm,Kristian Hegaard,Radikale Venstre,10
Fredensborgkredsen,1. Hørsholm,Anne Marie Geisler Andersen,Radikale Venstre,12
Fredensborgkredsen,1. Hørsholm,Camilla Kampmann,Radikale Venstre,6
Fredensborgkredsen,1. Hørsholm,Henrik Klitgaard,Radikale Venstre,9
Fredensborgkredsen,1. Hørsholm,Martin Lidegaard,Radikale Venstre,166
Fredensborgkredsen,1. Hørsholm,Helle Løvgreen Mølvig,Radikale Venstre,3
Fredensborgkredsen,1. Hørsholm,Partiliste,Det Konservative Folkeparti,168
Fredensborgkredsen,1. Hørsholm,Mette Thiesen,Det Konservative Folkeparti,101
Fredensborgkredsen,1. Hørsholm,Mette Abildgaard,Det Konservative Folkeparti,37
Fredensborgkredsen,1. Hørsholm,Thorkild Gruelund,Det Konservative Folkeparti,59
Fredensborgkredsen,1. Hørsholm,Erik Lund,Det Konservative Folkeparti,12
Fredensborgkredsen,1. Hørsholm,Pernille Vermund,Det Konservative Folkeparti,32
Fredensborgkredsen,1. Hørsholm,Partiliste,SF - Socialistisk Folkeparti,59
Fredensborgkredsen,1. Hørsholm,Trine Torp,SF - Socialistisk Folkeparti,25
Fredensborgkredsen,1. Hørsholm,Nikolaj Bührmann,SF - Socialistisk Folkeparti,1
Fredensborgkredsen,1. Hørsholm,Bente Borg Donkin,SF - Socialistisk Folkeparti,2
Fredensborgkredsen,1. Hørsholm,Lars Iversen,SF - Socialistisk Folkeparti,13
Fredensborgkredsen,1. Hørsholm,Teis Volstrup,SF - Socialistisk Folkeparti,5
Fredensborgkredsen,1. Hørsholm,Partiliste,Liberal Alliance,244
Fredensborgkredsen,1. Hørsholm,Niels Westy,Liberal Alliance,23
Fredensborgkredsen,1. Hørsholm,Karsten Andersen,Liberal Alliance,0
Fredensborgkredsen,1. Hørsholm,May-Britt Buch-Kattrup,Liberal Alliance,27
Fredensborgkredsen,1. Hørsholm,Palle Christiansen,Liberal Alliance,2
Fredensborgkredsen,1. Hørsholm,Anne-Marie Tørnes Hansen,Liberal Alliance,7
Fredensborgkredsen,1. Hørsholm,Tommy Højegaard,Liberal Alliance,0
Fredensborgkredsen,1. Hørsholm,Elisabeth Ildal,Liberal Alliance,4
Fredensborgkredsen,1. Hørsholm,Jonathan Nielsen,Liberal Alliance,2
Fredensborgkredsen,1. Hørsholm,Anders Samuelsen,Liberal Alliance,408
Fredensborgkredsen,1. Hørsholm,Partiliste,Kristendemokraterne,4
Fredensborgkredsen,1. Hørsholm,Stig Grenov,Kristendemokraterne,9
Fredensborgkredsen,1. Hørsholm,Andreas Peters-Lehm,Kristendemokraterne,0
Fredensborgkredsen,1. Hørsholm,Gert Svendsen,Kristendemokraterne,0
Fredensborgkredsen,1. Hørsholm,Partiliste,Dansk Folkeparti,495
Fredensborgkredsen,1. Hørsholm,Lucas Hultgren,Dansk Folkeparti,16
Fredensborgkredsen,1. Hørsholm,Pia Adelsteen,Dansk Folkeparti,27
Fredensborgkredsen,1. Hørsholm,Marlene Harpsøe,Dansk Folkeparti,16
Fredensborgkredsen,1. Hørsholm,Gitte Hemmingsen,Dansk Folkeparti,10
Fredensborgkredsen,1. Hørsholm,Glen Madsen,Dansk Folkeparti,29
Fredensborgkredsen,1. Hørsholm,Jan Erik Messmann,Dansk Folkeparti,17
Fredensborgkredsen,1. Hørsholm,Partiliste,"Venstre, Danmarks Liberale Parti",593
Fredensborgkredsen,1. Hørsholm,Tinne Borch Jacobsen,"Venstre, Danmarks Liberale Parti",75
Fredensborgkredsen,1. Hørsholm,Hans Andersen,"Venstre, Danmarks Liberale Parti",8
Fredensborgkredsen,1. Hørsholm,Claus Hjort Frederiksen,"Venstre, Danmarks Liberale Parti",210
Fredensborgkredsen,1. Hørsholm,Søren Hyldgaard,"Venstre, Danmarks Liberale Parti",29
Fredensborgkredsen,1. Hørsholm,Sophie Løhde,"Venstre, Danmarks Liberale Parti",189
Fredensborgkredsen,1. Hørsholm,Klaus Markussen,"Venstre, Danmarks Liberale Parti",3
Fredensborgkredsen,1. Hørsholm,Partiliste,Enhedslisten - De Rød-Grønne,112
Fredensborgkredsen,1. Hørsholm,Helle Osther Friedrichsen,Enhedslisten - De Rød-Grønne,14
Fredensborgkredsen,1. Hørsholm,Maria Reumert Gjerding,Enhedslisten - De Rød-Grønne,10
Fredensborgkredsen,1. Hørsholm,Øjvind Vilsholm,Enhedslisten - De Rød-Grønne,1
Fredensborgkredsen,1. Hørsholm,Torben Kjær,Enhedslisten - De Rød-Grønne,1
Fredensborgkredsen,1. Hørsholm,Margit Kjeldgaard,Enhedslisten - De Rød-Grønne,0
Fredensborgkredsen,1. Hørsholm,Kent Weiss Holst,Enhedslisten - De Rød-Grønne,0
Fredensborgkredsen,1. Hørsholm,Partiliste,Alternativet,96
Fredensborgkredsen,1. Hørsholm,Christian Poll,Alternativet,22
Fredensborgkredsen,1. Hørsholm,Michael Macdonald Arnskov,Alternativet,5
Fredensborgkredsen,1. Hørsholm,Lasse Danielsen,Alternativet,0
Fredensborgkredsen,1. Hørsholm,Bina Seff,Alternativet,5
Fredensborgkredsen,1. Hørsholm,Aleks Jensen,(Uden for parti),1
Fredensborgkredsen,1. Hørsholm,Gert Lassen,(Uden for parti),0
Fredensborgkredsen,2. Fredensborg,Partiliste,Socialdemokratiet,298
Fredensborgkredsen,2. Fredensborg,Christine Antorini,Socialdemokratiet,68
Fredensborgkredsen,2. Fredensborg,Nick Hækkerup,Socialdemokratiet,105
Fredensborgkredsen,2. Fredensborg,Miki Dam Larsen,Socialdemokratiet,2
Fredensborgkredsen,2. Fredensborg,Malou Lunderød,Socialdemokratiet,6
Fredensborgkredsen,2. Fredensborg,Pernille Schnoor,Socialdemokratiet,39
Fredensborgkredsen,2. Fredensborg,Partiliste,Radikale Venstre,76
Fredensborgkredsen,2. Fredensborg,Kristian Hegaard,Radikale Venstre,18
Fredensborgkredsen,2. Fredensborg,Anne Marie Geisler Andersen,Radikale Venstre,17
Fredensborgkredsen,2. Fredensborg,Camilla Kampmann,Radikale Venstre,4
Fredensborgkredsen,2. Fredensborg,Henrik Klitgaard,Radikale Venstre,1
Fredensborgkredsen,2. Fredensborg,Martin Lidegaard,Radikale Venstre,123
Fredensborgkredsen,2. Fredensborg,Helle Løvgreen Mølvig,Radikale Venstre,2
Fredensborgkredsen,2. Fredensborg,Partiliste,Det Konservative Folkeparti,88
Fredensborgkredsen,2. Fredensborg,Mette Thiesen,Det Konservative Folkeparti,83
Fredensborgkredsen,2. Fredensborg,Mette Abildgaard,Det Konservative Folkeparti,23
Fredensborgkredsen,2. Fredensborg,Thorkild Gruelund,Det Konservative Folkeparti,2
Fredensborgkredsen,2. Fredensborg,Erik Lund,Det Konservative Folkeparti,7
Fredensborgkredsen,2. Fredensborg,Pernille Vermund,Det Konservative Folkeparti,19
Fredensborgkredsen,2. Fredensborg,Partiliste,SF - Socialistisk Folkeparti,69
Fredensborgkredsen,2. Fredensborg,Trine Torp,SF - Socialistisk Folkeparti,25
Fredensborgkredsen,2. Fredensborg,Nikolaj Bührmann,SF - Socialistisk Folkeparti,1
Fredensborgkredsen,2. Fredensborg,Bente Borg Donkin,SF - Socialistisk Folkeparti,2
Fredensborgkredsen,2. Fredensborg,Lars Iversen,SF - Socialistisk Folkeparti,1
Fredensborgkredsen,2. Fredensborg,Teis Volstrup,SF - Socialistisk Folkeparti,6
Fredensborgkredsen,2. Fredensborg,Partiliste,Liberal Alliance,135
Fredensborgkredsen,2. Fredensborg,Niels Westy,Liberal Alliance,24
Fredensborgkredsen,2. Fredensborg,Karsten Andersen,Liberal Alliance,0
Fredensborgkredsen,2. Fredensborg,May-Britt Buch-Kattrup,Liberal Alliance,18
Fredensborgkredsen,2. Fredensborg,Palle Christiansen,Liberal Alliance,2
Fredensborgkredsen,2. Fredensborg,Anne-Marie Tørnes Hansen,Liberal Alliance,2
Fredensborgkredsen,2. Fredensborg,Tommy Højegaard,Liberal Alliance,1
Fredensborgkredsen,2. Fredensborg,Elisabeth Ildal,Liberal Alliance,5
Fredensborgkredsen,2. Fredensborg,Jonathan Nielsen,Liberal Alliance,3
Fredensborgkredsen,2. Fredensborg,Anders Samuelsen,Liberal Alliance,312
Fredensborgkredsen,2. Fredensborg,Partiliste,Kristendemokraterne,5
Fredensborgkredsen,2. Fredensborg,Stig Grenov,Kristendemokraterne,11
Fredensborgkredsen,2. Fredensborg,Andreas Peters-Lehm,Kristendemokraterne,1
Fredensborgkredsen,2. Fredensborg,Gert Svendsen,Kristendemokraterne,0
Fredensborgkredsen,2. Fredensborg,Partiliste,Dansk Folkeparti,340
Fredensborgkredsen,2. Fredensborg,Lucas Hultgren,Dansk Folkeparti,9
Fredensborgkredsen,2. Fredensborg,Pia Adelsteen,Dansk Folkeparti,14
Fredensborgkredsen,2. Fredensborg,Marlene Harpsøe,Dansk Folkeparti,28
Fredensborgkredsen,2. Fredensborg,Gitte Hemmingsen,Dansk Folkeparti,8
Fredensborgkredsen,2. Fredensborg,Glen Madsen,Dansk Folkeparti,8
Fredensborgkredsen,2. Fredensborg,Jan Erik Messmann,Dansk Folkeparti,8
Fredensborgkredsen,2. Fredensborg,Partiliste,"Venstre, Danmarks Liberale Parti",320
Fredensborgkredsen,2. Fredensborg,Tinne Borch Jacobsen,"Venstre, Danmarks Liberale Parti",149
Fredensborgkredsen,2. Fredensborg,Hans Andersen,"Venstre, Danmarks Liberale Parti",12
Fredensborgkredsen,2. Fredensborg,Claus Hjort Frederiksen,"Venstre, Danmarks Liberale Parti",108
Fredensborgkredsen,2. Fredensborg,Søren Hyldgaard,"Venstre, Danmarks Liberale Parti",7
Fredensborgkredsen,2. Fredensborg,Sophie Løhde,"Venstre, Danmarks Liberale Parti",109
Fredensborgkredsen,2. Fredensborg,Klaus Markussen,"Venstre, Danmarks Liberale Parti",13
Fredensborgkredsen,2. Fredensborg,Partiliste,Enhedslisten - De Rød-Grønne,110
Fredensborgkredsen,2. Fredensborg,Helle Osther Friedrichsen,Enhedslisten - De Rød-Grønne,7
Fredensborgkredsen,2. Fredensborg,Maria Reumert Gjerding,Enhedslisten - De Rød-Grønne,8
Fredensborgkredsen,2. Fredensborg,Øjvind Vilsholm,Enhedslisten - De Rød-Grønne,1
Fredensborgkredsen,2. Fredensborg,Torben Kjær,Enhedslisten - De Rød-Grønne,0
Fredensborgkredsen,2. Fredensborg,Margit Kjeldgaard,Enhedslisten - De Rød-Grønne,4
Fredensborgkredsen,2. Fredensborg,Kent Weiss Holst,Enhedslisten - De Rød-Grønne,0
Fredensborgkredsen,2. Fredensborg,Partiliste,Alternativet,119
Fredensborgkredsen,2. Fredensborg,Christian Poll,Alternativet,23
Fredensborgkredsen,2. Fredensborg,Michael Macdonald Arnskov,Alternativet,7
Fredensborgkredsen,2. Fredensborg,Lasse Danielsen,Alternativet,0
Fredensborgkredsen,2. Fredensborg,Bina Seff,Alternativet,12
Fredensborgkredsen,2. Fredensborg,Aleks Jensen,(Uden for parti),1
Fredensborgkredsen,2. Fredensborg,Gert Lassen,(Uden for parti),0
Fredensborgkredsen,2. Usserød,Partiliste,Socialdemokratiet,428
Fredensborgkredsen,2. Usserød,Christine Antorini,Socialdemokratiet,104
Fredensborgkredsen,2. Usserød,Nick Hækkerup,Socialdemokratiet,112
Fredensborgkredsen,2. Usserød,Miki Dam Larsen,Socialdemokratiet,3
Fredensborgkredsen,2. Usserød,Malou Lunderød,Socialdemokratiet,2
Fredensborgkredsen,2. Usserød,Pernille Schnoor,Socialdemokratiet,131
Fredensborgkredsen,2. Usserød,Partiliste,Radikale Venstre,119
Fredensborgkredsen,2. Usserød,Kristian Hegaard,Radikale Venstre,12
Fredensborgkredsen,2. Usserød,Anne Marie Geisler Andersen,Radikale Venstre,27
Fredensborgkredsen,2. Usserød,Camilla Kampmann,Radikale Venstre,3
Fredensborgkredsen,2. Usserød,Henrik Klitgaard,Radikale Venstre,7
Fredensborgkredsen,2. Usserød,Martin Lidegaard,Radikale Venstre,129
Fredensborgkredsen,2. Usserød,Helle Løvgreen Mølvig,Radikale Venstre,1
Fredensborgkredsen,2. Usserød,Partiliste,Det Konservative Folkeparti,194
Fredensborgkredsen,2. Usserød,Mette Thiesen,Det Konservative Folkeparti,122
Fredensborgkredsen,2. Usserød,Mette Abildgaard,Det Konservative Folkeparti,44
Fredensborgkredsen,2. Usserød,Thorkild Gruelund,Det Konservative Folkeparti,67
Fredensborgkredsen,2. Usserød,Erik Lund,Det Konservative Folkeparti,12
Fredensborgkredsen,2. Usserød,Pernille Vermund,Det Konservative Folkeparti,36
Fredensborgkredsen,2. Usserød,Partiliste,SF - Socialistisk Folkeparti,53
Fredensborgkredsen,2. Usserød,Trine Torp,SF - Socialistisk Folkeparti,28
Fredensborgkredsen,2. Usserød,Nikolaj Bührmann,SF - Socialistisk Folkeparti,3
Fredensborgkredsen,2. Usserød,Bente Borg Donkin,SF - Socialistisk Folkeparti,4
Fredensborgkredsen,2. Usserød,Lars Iversen,SF - Socialistisk Folkeparti,13
Fredensborgkredsen,2. Usserød,Teis Volstrup,SF - Socialistisk Folkeparti,4
Fredensborgkredsen,2. Usserød,Partiliste,Liberal Alliance,233
Fredensborgkredsen,2. Usserød,Niels Westy,Liberal Alliance,19
Fredensborgkredsen,2. Usserød,Karsten Andersen,Liberal Alliance,1
Fredensborgkredsen,2. Usserød,May-Britt Buch-Kattrup,Liberal Alliance,14
Fredensborgkredsen,2. Usserød,Palle Christiansen,Liberal Alliance,1
Fredensborgkredsen,2. Usserød,Anne-Marie Tørnes Hansen,Liberal Alliance,0
Fredensborgkredsen,2. Usserød,Tommy Højegaard,Liberal Alliance,0
Fredensborgkredsen,2. Usserød,Elisabeth Ildal,Liberal Alliance,5
Fredensborgkredsen,2. Usserød,Jonathan Nielsen,Liberal Alliance,4
Fredensborgkredsen,2. Usserød,Anders Samuelsen,Liberal Alliance,400
Fredensborgkredsen,2. Usserød,Partiliste,Kristendemokraterne,2
Fredensborgkredsen,2. Usserød,Stig Grenov,Kristendemokraterne,7
Fredensborgkredsen,2. Usserød,Andreas Peters-Lehm,Kristendemokraterne,0
Fredensborgkredsen,2. Usserød,Gert Svendsen,Kristendemokraterne,0
Fredensborgkredsen,2. Usserød,Partiliste,Dansk Folkeparti,560
Fredensborgkredsen,2. Usserød,Lucas Hultgren,Dansk Folkeparti,27
Fredensborgkredsen,2. Usserød,Pia Adelsteen,Dansk Folkeparti,27
Fredensborgkredsen,2. Usserød,Marlene Harpsøe,Dansk Folkeparti,16
Fredensborgkredsen,2. Usserød,Gitte Hemmingsen,Dansk Folkeparti,4
Fredensborgkredsen,2. Usserød,Glen Madsen,Dansk Folkeparti,34
Fredensborgkredsen,2. Usserød,Jan Erik Messmann,Dansk Folkeparti,22
Fredensborgkredsen,2. Usserød,Partiliste,"Venstre, Danmarks Liberale Parti",596
Fredensborgkredsen,2. Usserød,Tinne Borch Jacobsen,"Venstre, Danmarks Liberale Parti",36
Fredensborgkredsen,2. Usserød,Hans Andersen,"Venstre, Danmarks Liberale Parti",12
Fredensborgkredsen,2. Usserød,Claus Hjort Frederiksen,"Venstre, Danmarks Liberale Parti",182
Fredensborgkredsen,2. Usserød,Søren Hyldgaard,"Venstre, Danmarks Liberale Parti",27
Fredensborgkredsen,2. Usserød,Sophie Løhde,"Venstre, Danmarks Liberale Parti",201
Fredensborgkredsen,2. Usserød,Klaus Markussen,"Venstre, Danmarks Liberale Parti",5
Fredensborgkredsen,2. Usserød,Partiliste,Enhedslisten - De Rød-Grønne,103
Fredensborgkredsen,2. Usserød,Helle Osther Friedrichsen,Enhedslisten - De Rød-Grønne,13
Fredensborgkredsen,2. Usserød,Maria Reumert Gjerding,Enhedslisten - De Rød-Grønne,11
Fredensborgkredsen,2. Usserød,Øjvind Vilsholm,Enhedslisten - De Rød-Grønne,2
Fredensborgkredsen,2. Usserød,Torben Kjær,Enhedslisten - De Rød-Grønne,1
Fredensborgkredsen,2. Usserød,Margit Kjeldgaard,Enhedslisten - De Rød-Grønne,0
Fredensborgkredsen,2. Usserød,Kent Weiss Holst,Enhedslisten - De Rød-Grønne,0
Fredensborgkredsen,2. Usserød,Partiliste,Alternativet,92
Fredensborgkredsen,2. Usserød,Christian Poll,Alternativet,13
Fredensborgkredsen,2. Usserød,Michael Macdonald Arnskov,Alternativet,1
Fredensborgkredsen,2. Usserød,Lasse Danielsen,Alternativet,4
Fredensborgkredsen,2. Usserød,Bina Seff,Alternativet,6
Fredensborgkredsen,2. Usserød,Aleks Jensen,(Uden for parti),0
Fredensborgkredsen,2. Usserød,Gert Lassen,(Uden for parti),0
Fredensborgkredsen,3. Humlebæk,Partiliste,Socialdemokratiet,362
Fredensborgkredsen,3. Humlebæk,Christine Antorini,Socialdemokratiet,68
Fredensborgkredsen,3. Humlebæk,Nick Hækkerup,Socialdemokratiet,95
Fredensborgkredsen,3. Humlebæk,Miki Dam Larsen,Socialdemokratiet,2
Fredensborgkredsen,3. Humlebæk,Malou Lunderød,Socialdemokratiet,6
Fredensborgkredsen,3. Humlebæk,Pernille Schnoor,Socialdemokratiet,75
Fredensborgkredsen,3. Humlebæk,Partiliste,Radikale Venstre,77
Fredensborgkredsen,3. Humlebæk,Kristian Hegaard,Radikale Venstre,49
Fredensborgkredsen,3. Humlebæk,Anne Marie Geisler Andersen,Radikale Venstre,6
Fredensborgkredsen,3. Humlebæk,Camilla Kampmann,Radikale Venstre,5
Fredensborgkredsen,3. Humlebæk,Henrik Klitgaard,Radikale Venstre,2
Fredensborgkredsen,3. Humlebæk,Martin Lidegaard,Radikale Venstre,147
Fredensborgkredsen,3. Humlebæk,Helle Løvgreen Mølvig,Radikale Venstre,2
Fredensborgkredsen,3. Humlebæk,Partiliste,Det Konservative Folkeparti,87
Fredensborgkredsen,3. Humlebæk,Mette Thiesen,Det Konservative Folkeparti,36
Fredensborgkredsen,3. Humlebæk,Mette Abildgaard,Det Konservative Folkeparti,19
Fredensborgkredsen,3. Humlebæk,Thorkild Gruelund,Det Konservative Folkeparti,6
Fredensborgkredsen,3. Humlebæk,Erik Lund,Det Konservative Folkeparti,6
Fredensborgkredsen,3. Humlebæk,Pernille Vermund,Det Konservative Folkeparti,29
Fredensborgkredsen,3. Humlebæk,Partiliste,SF - Socialistisk Folkeparti,78
Fredensborgkredsen,3. Humlebæk,Trine Torp,SF - Socialistisk Folkeparti,42
Fredensborgkredsen,3. Humlebæk,Nikolaj Bührmann,SF - Socialistisk Folkeparti,0
Fredensborgkredsen,3. Humlebæk,Bente Borg Donkin,SF - Socialistisk Folkeparti,1
Fredensborgkredsen,3. Humlebæk,Lars Iversen,SF - Socialistisk Folkeparti,1
Fredensborgkredsen,3. Humlebæk,Teis Volstrup,SF - Socialistisk Folkeparti,4
Fredensborgkredsen,3. Humlebæk,Partiliste,Liberal Alliance,120
Fredensborgkredsen,3. Humlebæk,Niels Westy,Liberal Alliance,18
Fredensborgkredsen,3. Humlebæk,Karsten Andersen,Liberal Alliance,3
Fredensborgkredsen,3. Humlebæk,May-Britt Buch-Kattrup,Liberal Alliance,12
Fredensborgkredsen,3. Humlebæk,Palle Christiansen,Liberal Alliance,1
Fredensborgkredsen,3. Humlebæk,Anne-Marie Tørnes Hansen,Liberal Alliance,1
Fredensborgkredsen,3. Humlebæk,Tommy Højegaard,Liberal Alliance,0
Fredensborgkredsen,3. Humlebæk,Elisabeth Ildal,Liberal Alliance,3
Fredensborgkredsen,3. Humlebæk,Jonathan Nielsen,Liberal Alliance,3
Fredensborgkredsen,3. Humlebæk,Anders Samuelsen,Liberal Alliance,220
Fredensborgkredsen,3. Humlebæk,Partiliste,Kristendemokraterne,6
Fredensborgkredsen,3. Humlebæk,Stig Grenov,Kristendemokraterne,1
Fredensborgkredsen,3. Humlebæk,Andreas Peters-Lehm,Kristendemokraterne,0
Fredensborgkredsen,3. Humlebæk,Gert Svendsen,Kristendemokraterne,0
Fredensborgkredsen,3. Humlebæk,Partiliste,Dansk Folkeparti,303
Fredensborgkredsen,3. Humlebæk,Lucas Hultgren,Dansk Folkeparti,18
Fredensborgkredsen,3. Humlebæk,Pia Adelsteen,Dansk Folkeparti,16
Fredensborgkredsen,3. Humlebæk,Marlene Harpsøe,Dansk Folkeparti,73
Fredensborgkredsen,3. Humlebæk,Gitte Hemmingsen,Dansk Folkeparti,3
Fredensborgkredsen,3. Humlebæk,Glen Madsen,Dansk Folkeparti,19
Fredensborgkredsen,3. Humlebæk,Jan Erik Messmann,Dansk Folkeparti,7
Fredensborgkredsen,3. Humlebæk,Partiliste,"Venstre, Danmarks Liberale Parti",293
Fredensborgkredsen,3. Humlebæk,Tinne Borch Jacobsen,"Venstre, Danmarks Liberale Parti",47
Fredensborgkredsen,3. Humlebæk,Hans Andersen,"Venstre, Danmarks Liberale Parti",10
Fredensborgkredsen,3. Humlebæk,Claus Hjort Frederiksen,"Venstre, Danmarks Liberale Parti",186
Fredensborgkredsen,3. Humlebæk,Søren Hyldgaard,"Venstre, Danmarks Liberale Parti",14
Fredensborgkredsen,3. Humlebæk,Sophie Løhde,"Venstre, Danmarks Liberale Parti",65
Fredensborgkredsen,3. Humlebæk,Klaus Markussen,"Venstre, Danmarks Liberale Parti",2
Fredensborgkredsen,3. Humlebæk,Partiliste,Enhedslisten - De Rød-Grønne,147
Fredensborgkredsen,3. Humlebæk,Helle Osther Friedrichsen,Enhedslisten - De Rød-Grønne,31
Fredensborgkredsen,3. Humlebæk,Maria Reumert Gjerding,Enhedslisten - De Rød-Grønne,9
Fredensborgkredsen,3. Humlebæk,Øjvind Vilsholm,Enhedslisten - De Rød-Grønne,2
Fredensborgkredsen,3. Humlebæk,Torben Kjær,Enhedslisten - De Rød-Grønne,0
Fredensborgkredsen,3. Humlebæk,Margit Kjeldgaard,Enhedslisten - De Rød-Grønne,2
Fredensborgkredsen,3. Humlebæk,Kent Weiss Holst,Enhedslisten - De Rød-Grønne,1
Fredensborgkredsen,3. Humlebæk,Partiliste,Alternativet,159
Fredensborgkredsen,3. Humlebæk,Christian Poll,Alternativet,24
Fredensborgkredsen,3. Humlebæk,Michael Macdonald Arnskov,Alternativet,5
Fredensborgkredsen,3. Humlebæk,Lasse Danielsen,Alternativet,3
Fredensborgkredsen,3. Humlebæk,Bina Seff,Alternativet,10
Fredensborgkredsen,3. Humlebæk,Aleks Jensen,(Uden for parti),2
Fredensborgkredsen,3. Humlebæk,Gert Lassen,(Uden for parti),2
Fredensborgkredsen,3. Rungsted,Partiliste,Socialdemokratiet,153
Fredensborgkredsen,3. Rungsted,Christine Antorini,Socialdemokratiet,32
Fredensborgkredsen,3. Rungsted,Nick Hækkerup,Socialdemokratiet,36
Fredensborgkredsen,3. Rungsted,Miki Dam Larsen,Socialdemokratiet,0
Fredensborgkredsen,3. Rungsted,Malou Lunderød,Socialdemokratiet,4
Fredensborgkredsen,3. Rungsted,Pernille Schnoor,Socialdemokratiet,33
Fredensborgkredsen,3. Rungsted,Partiliste,Radikale Venstre,65
Fredensborgkredsen,3. Rungsted,Kristian Hegaard,Radikale Venstre,7
Fredensborgkredsen,3. Rungsted,Anne Marie Geisler Andersen,Radikale Venstre,7
Fredensborgkredsen,3. Rungsted,Camilla Kampmann,Radikale Venstre,0
Fredensborgkredsen,3. Rungsted,Henrik Klitgaard,Radikale Venstre,10
Fredensborgkredsen,3. Rungsted,Martin Lidegaard,Radikale Venstre,119
Fredensborgkredsen,3. Rungsted,Helle Løvgreen Mølvig,Radikale Venstre,1
Fredensborgkredsen,3. Rungsted,Partiliste,Det Konservative Folkeparti,158
Fredensborgkredsen,3. Rungsted,Mette Thiesen,Det Konservative Folkeparti,97
Fredensborgkredsen,3. Rungsted,Mette Abildgaard,Det Konservative Folkeparti,28
Fredensborgkredsen,3. Rungsted,Thorkild Gruelund,Det Konservative Folkeparti,27
Fredensborgkredsen,3. Rungsted,Erik Lund,Det Konservative Folkeparti,8
Fredensborgkredsen,3. Rungsted,Pernille Vermund,Det Konservative Folkeparti,27
Fredensborgkredsen,3. Rungsted,Partiliste,SF - Socialistisk Folkeparti,14
Fredensborgkredsen,3. Rungsted,Trine Torp,SF - Socialistisk Folkeparti,3
Fredensborgkredsen,3. Rungsted,Nikolaj Bührmann,SF - Socialistisk Folkeparti,1
Fredensborgkredsen,3. Rungsted,Bente Borg Donkin,SF - Socialistisk Folkeparti,0
Fredensborgkredsen,3. Rungsted,Lars Iversen,SF - Socialistisk Folkeparti,7
Fredensborgkredsen,3. Rungsted,Teis Volstrup,SF - Socialistisk Folkeparti,0
Fredensborgkredsen,3. Rungsted,Partiliste,Liberal Alliance,276
Fredensborgkredsen,3. Rungsted,Niels Westy,Liberal Alliance,27
Fredensborgkredsen,3. Rungsted,Karsten Andersen,Liberal Alliance,2
Fredensborgkredsen,3. Rungsted,May-Britt Buch-Kattrup,Liberal Alliance,23
Fredensborgkredsen,3. Rungsted,Palle Christiansen,Liberal Alliance,1
Fredensborgkredsen,3. Rungsted,Anne-Marie Tørnes Hansen,Liberal Alliance,2
Fredensborgkredsen,3. Rungsted,Tommy Højegaard,Liberal Alliance,0
Fredensborgkredsen,3. Rungsted,Elisabeth Ildal,Liberal Alliance,22
Fredensborgkredsen,3. Rungsted,Jonathan Nielsen,Liberal Alliance,4
Fredensborgkredsen,3. Rungsted,Anders Samuelsen,Liberal Alliance,588
Fredensborgkredsen,3. Rungsted,Partiliste,Kristendemokraterne,3
Fredensborgkredsen,3. Rungsted,Stig Grenov,Kristendemokraterne,2
Fredensborgkredsen,3. Rungsted,Andreas Peters-Lehm,Kristendemokraterne,0
Fredensborgkredsen,3. Rungsted,Gert Svendsen,Kristendemokraterne,0
Fredensborgkredsen,3. Rungsted,Partiliste,Dansk Folkeparti,154
Fredensborgkredsen,3. Rungsted,Lucas Hultgren,Dansk Folkeparti,8
Fredensborgkredsen,3. Rungsted,Pia Adelsteen,Dansk Folkeparti,12
Fredensborgkredsen,3. Rungsted,Marlene Harpsøe,Dansk Folkeparti,7
Fredensborgkredsen,3. Rungsted,Gitte Hemmingsen,Dansk Folkeparti,2
Fredensborgkredsen,3. Rungsted,Glen Madsen,Dansk Folkeparti,11
Fredensborgkredsen,3. Rungsted,Jan Erik Messmann,Dansk Folkeparti,10
Fredensborgkredsen,3. Rungsted,Partiliste,"Venstre, Danmarks Liberale Parti",495
Fredensborgkredsen,3. Rungsted,Tinne Borch Jacobsen,"Venstre, Danmarks Liberale Parti",33
Fredensborgkredsen,3. Rungsted,Hans Andersen,"Venstre, Danmarks Liberale Parti",11
Fredensborgkredsen,3. Rungsted,Claus Hjort Frederiksen,"Venstre, Danmarks Liberale Parti",260
Fredensborgkredsen,3. Rungsted,Søren Hyldgaard,"Venstre, Danmarks Liberale Parti",23
Fredensborgkredsen,3. Rungsted,Sophie Løhde,"Venstre, Danmarks Liberale Parti",148
Fredensborgkredsen,3. Rungsted,Klaus Markussen,"Venstre, Danmarks Liberale Parti",5
Fredensborgkredsen,3. Rungsted,Partiliste,Enhedslisten - De Rød-Grønne,29
Fredensborgkredsen,3. Rungsted,Helle Osther Friedrichsen,Enhedslisten - De Rød-Grønne,2
Fredensborgkredsen,3. Rungsted,Maria Reumert Gjerding,Enhedslisten - De Rød-Grønne,4
Fredensborgkredsen,3. Rungsted,Øjvind Vilsholm,Enhedslisten - De Rød-Grønne,1
Fredensborgkredsen,3. Rungsted,Torben Kjær,Enhedslisten - De Rød-Grønne,0
Fredensborgkredsen,3. Rungsted,Margit Kjeldgaard,Enhedslisten - De Rød-Grønne,1
Fredensborgkredsen,3. Rungsted,Kent Weiss Holst,Enhedslisten - De Rød-Grønne,0
Fredensborgkredsen,3. Rungsted,Partiliste,Alternativet,55
Fredensborgkredsen,3. Rungsted,Christian Poll,Alternativet,6
Fredensborgkredsen,3. Rungsted,Michael Macdonald Arnskov,Alternativet,4
Fredensborgkredsen,3. Rungsted,Lasse Danielsen,Alternativet,0
Fredensborgkredsen,3. Rungsted,Bina Seff,Alternativet,4
Fredensborgkredsen,3. Rungsted,Aleks Jensen,(Uden for parti),0
Fredensborgkredsen,3. Rungsted,Gert Lassen,(Uden for parti),0
Fredensborgkredsen,4. Baunebjerg,Partiliste,Socialdemokratiet,406
Fredensborgkredsen,4. Baunebjerg,Christine Antorini,Socialdemokratiet,63
Fredensborgkredsen,4. Baunebjerg,Nick Hækkerup,Socialdemokratiet,117
Fredensborgkredsen,4. Baunebjerg,Miki Dam Larsen,Socialdemokratiet,2
Fredensborgkredsen,4. Baunebjerg,Malou Lunderød,Socialdemokratiet,11
Fredensborgkredsen,4. Baunebjerg,Pernille Schnoor,Socialdemokratiet,106
Fredensborgkredsen,4. Baunebjerg,Partiliste,Radikale Venstre,63
Fredensborgkredsen,4. Baunebjerg,Kristian Hegaard,Radikale Venstre,67
Fredensborgkredsen,4. Baunebjerg,Anne Marie Geisler Andersen,Radikale Venstre,14
Fredensborgkredsen,4. Baunebjerg,Camilla Kampmann,Radikale Venstre,6
Fredensborgkredsen,4. Baunebjerg,Henrik Klitgaard,Radikale Venstre,2
Fredensborgkredsen,4. Baunebjerg,Martin Lidegaard,Radikale Venstre,122
Fredensborgkredsen,4. Baunebjerg,Helle Løvgreen Mølvig,Radikale Venstre,2
Fredensborgkredsen,4. Baunebjerg,Partiliste,Det Konservative Folkeparti,55
Fredensborgkredsen,4. Baunebjerg,Mette Thiesen,Det Konservative Folkeparti,30
Fredensborgkredsen,4. Baunebjerg,Mette Abildgaard,Det Konservative Folkeparti,11
Fredensborgkredsen,4. Baunebjerg,Thorkild Gruelund,Det Konservative Folkeparti,6
Fredensborgkredsen,4. Baunebjerg,Erik Lund,Det Konservative Folkeparti,6
Fredensborgkredsen,4. Baunebjerg,Pernille Vermund,Det Konservative Folkeparti,26
Fredensborgkredsen,4. Baunebjerg,Partiliste,SF - Socialistisk Folkeparti,90
Fredensborgkredsen,4. Baunebjerg,Trine Torp,SF - Socialistisk Folkeparti,63
Fredensborgkredsen,4. Baunebjerg,Nikolaj Bührmann,SF - Socialistisk Folkeparti,2
Fredensborgkredsen,4. Baunebjerg,Bente Borg Donkin,SF - Socialistisk Folkeparti,4
Fredensborgkredsen,4. Baunebjerg,Lars Iversen,SF - Socialistisk Folkeparti,7
Fredensborgkredsen,4. Baunebjerg,Teis Volstrup,SF - Socialistisk Folkeparti,12
Fredensborgkredsen,4. Baunebjerg,Partiliste,Liberal Alliance,100
Fredensborgkredsen,4. Baunebjerg,Niels Westy,Liberal Alliance,14
Fredensborgkredsen,4. Baunebjerg,Karsten Andersen,Liberal Alliance,0
Fredensborgkredsen,4. Baunebjerg,May-Britt Buch-Kattrup,Liberal Alliance,4
Fredensborgkredsen,4. Baunebjerg,Palle Christiansen,Liberal Alliance,1
Fredensborgkredsen,4. Baunebjerg,Anne-Marie Tørnes Hansen,Liberal Alliance,2
Fredensborgkredsen,4. Baunebjerg,Tommy Højegaard,Liberal Alliance,0
Fredensborgkredsen,4. Baunebjerg,Elisabeth Ildal,Liberal Alliance,1
Fredensborgkredsen,4. Baunebjerg,Jonathan Nielsen,Liberal Alliance,0
Fredensborgkredsen,4. Baunebjerg,Anders Samuelsen,Liberal Alliance,184
Fredensborgkredsen,4. Baunebjerg,Partiliste,Kristendemokraterne,1
Fredensborgkredsen,4. Baunebjerg,Stig Grenov,Kristendemokraterne,7
Fredensborgkredsen,4. Baunebjerg,Andreas Peters-Lehm,Kristendemokraterne,0
Fredensborgkredsen,4. Baunebjerg,Gert Svendsen,Kristendemokraterne,0
Fredensborgkredsen,4. Baunebjerg,Partiliste,Dansk Folkeparti,407
Fredensborgkredsen,4. Baunebjerg,Lucas Hultgren,Dansk Folkeparti,8
Fredensborgkredsen,4. Baunebjerg,Pia Adelsteen,Dansk Folkeparti,18
Fredensborgkredsen,4. Baunebjerg,Marlene Harpsøe,Dansk Folkeparti,117
Fredensborgkredsen,4. Baunebjerg,Gitte Hemmingsen,Dansk Folkeparti,9
Fredensborgkredsen,4. Baunebjerg,Glen Madsen,Dansk Folkeparti,17
Fredensborgkredsen,4. Baunebjerg,Jan Erik Messmann,Dansk Folkeparti,15
Fredensborgkredsen,4. Baunebjerg,Partiliste,"Venstre, Danmarks Liberale Parti",210
Fredensborgkredsen,4. Baunebjerg,Tinne Borch Jacobsen,"Venstre, Danmarks Liberale Parti",63
Fredensborgkredsen,4. Baunebjerg,Hans Andersen,"Venstre, Danmarks Liberale Parti",8
Fredensborgkredsen,4. Baunebjerg,Claus Hjort Frederiksen,"Venstre, Danmarks Liberale Parti",119
Fredensborgkredsen,4. Baunebjerg,Søren Hyldgaard,"Venstre, Danmarks Liberale Parti",13
Fredensborgkredsen,4. Baunebjerg,Sophie Løhde,"Venstre, Danmarks Liberale Parti",65
Fredensborgkredsen,4. Baunebjerg,Klaus Markussen,"Venstre, Danmarks Liberale Parti",2
Fredensborgkredsen,4. Baunebjerg,Partiliste,Enhedslisten - De Rød-Grønne,186
Fredensborgkredsen,4. Baunebjerg,Helle Osther Friedrichsen,Enhedslisten - De Rød-Grønne,37
Fredensborgkredsen,4. Baunebjerg,Maria Reumert Gjerding,Enhedslisten - De Rød-Grønne,24
Fredensborgkredsen,4. Baunebjerg,Øjvind Vilsholm,Enhedslisten - De Rød-Grønne,0
Fredensborgkredsen,4. Baunebjerg,Torben Kjær,Enhedslisten - De Rød-Grønne,1
Fredensborgkredsen,4. Baunebjerg,Margit Kjeldgaard,Enhedslisten - De Rød-Grønne,2
Fredensborgkredsen,4. Baunebjerg,Kent Weiss Holst,Enhedslisten - De Rød-Grønne,1
Fredensborgkredsen,4. Baunebjerg,Partiliste,Alternativet,143
Fredensborgkredsen,4. Baunebjerg,Christian Poll,Alternativet,28
Fredensborgkredsen,4. Baunebjerg,Michael Macdonald Arnskov,Alternativet,4
Fredensborgkredsen,4. Baunebjerg,Lasse Danielsen,Alternativet,4
Fredensborgkredsen,4. Baunebjerg,Bina Seff,Alternativet,8
Fredensborgkredsen,4. Baunebjerg,Aleks Jensen,(Uden for parti),1
Fredensborgkredsen,4. Baunebjerg,Gert Lassen,(Uden for parti),0
Fredensborgkredsen,4. Grønnegade,Partiliste,Socialdemokratiet,17
Fredensborgkredsen,4. Grønnegade,Christine Antorini,Socialdemokratiet,8
Fredensborgkredsen,4. Grønnegade,Nick Hækkerup,Socialdemokratiet,2
Fredensborgkredsen,4. Grønnegade,Miki Dam Larsen,Socialdemokratiet,0
Fredensborgkredsen,4. Grønnegade,Malou Lunderød,Socialdemokratiet,3
Fredensborgkredsen,4. Grønnegade,Pernille Schnoor,Socialdemokratiet,6
Fredensborgkredsen,4. Grønnegade,Partiliste,Radikale Venstre,6
Fredensborgkredsen,4. Grønnegade,Kristian Hegaard,Radikale Venstre,0
Fredensborgkredsen,4. Grønnegade,Anne Marie Geisler Andersen,Radikale Venstre,1
Fredensborgkredsen,4. Grønnegade,Camilla Kampmann,Radikale Venstre,1
Fredensborgkredsen,4. Grønnegade,Henrik Klitgaard,Radikale Venstre,0
Fredensborgkredsen,4. Grønnegade,Martin Lidegaard,Radikale Venstre,10
Fredensborgkredsen,4. Grønnegade,Helle Løvgreen Mølvig,Radikale Venstre,0
Fredensborgkredsen,4. Grønnegade,Partiliste,Det Konservative Folkeparti,16
Fredensborgkredsen,4. Grønnegade,Mette Thiesen,Det Konservative Folkeparti,19
Fredensborgkredsen,4. Grønnegade,Mette Abildgaard,Det Konservative Folkeparti,4
Fredensborgkredsen,4. Grønnegade,Thorkild Gruelund,Det Konservative Folkeparti,4
Fredensborgkredsen,4. Grønnegade,Erik Lund,Det Konservative Folkeparti,0
Fredensborgkredsen,4. Grønnegade,Pernille Vermund,Det Konservative Folkeparti,5
Fredensborgkredsen,4. Grønnegade,Partiliste,SF - Socialistisk Folkeparti,2
Fredensborgkredsen,4. Grønnegade,Trine Torp,SF - Socialistisk Folkeparti,0
Fredensborgkredsen,4. Grønnegade,Nikolaj Bührmann,SF - Socialistisk Folkeparti,0
Fredensborgkredsen,4. Grønnegade,Bente Borg Donkin,SF - Socialistisk Folkeparti,0
Fredensborgkredsen,4. Grønnegade,Lars Iversen,SF - Socialistisk Folkeparti,0
Fredensborgkredsen,4. Grønnegade,Teis Volstrup,SF - Socialistisk Folkeparti,0
Fredensborgkredsen,4. Grønnegade,Partiliste,Liberal Alliance,23
Fredensborgkredsen,4. Grønnegade,Niels Westy,Liberal Alliance,1
Fredensborgkredsen,4. Grønnegade,Karsten Andersen,Liberal Alliance,1
Fredensborgkredsen,4. Grønnegade,May-Britt Buch-Kattrup,Liberal Alliance,10
Fredensborgkredsen,4. Grønnegade,Palle Christiansen,Liberal Alliance,0
Fredensborgkredsen,4. Grønnegade,Anne-Marie Tørnes Hansen,Liberal Alliance,0
Fredensborgkredsen,4. Grønnegade,Tommy Højegaard,Liberal Alliance,0
Fredensborgkredsen,4. Grønnegade,Elisabeth Ildal,Liberal Alliance,0
Fredensborgkredsen,4. Grønnegade,Jonathan Nielsen,Liberal Alliance,1
Fredensborgkredsen,4. Grønnegade,Anders Samuelsen,Liberal Alliance,28
Fredensborgkredsen,4. Grønnegade,Partiliste,Kristendemokraterne,1
Fredensborgkredsen,4. Grønnegade,Stig Grenov,Kristendemokraterne,1
Fredensborgkredsen,4. Grønnegade,Andreas Peters-Lehm,Kristendemokraterne,0
Fredensborgkredsen,4. Grønnegade,Gert Svendsen,Kristendemokraterne,0
Fredensborgkredsen,4. Grønnegade,Partiliste,Dansk Folkeparti,31
Fredensborgkredsen,4. Grønnegade,Lucas Hultgren,Dansk Folkeparti,1
Fredensborgkredsen,4. Grønnegade,Pia Adelsteen,Dansk Folkeparti,1
Fredensborgkredsen,4. Grønnegade,Marlene Harpsøe,Dansk Folkeparti,1
Fredensborgkredsen,4. Grønnegade,Gitte Hemmingsen,Dansk Folkeparti,1
Fredensborgkredsen,4. Grønnegade,Glen Madsen,Dansk Folkeparti,1
Fredensborgkredsen,4. Grønnegade,Jan Erik Messmann,Dansk Folkeparti,0
Fredensborgkredsen,4. Grønnegade,Partiliste,"Venstre, Danmarks Liberale Parti",42
Fredensborgkredsen,4. Grønnegade,Tinne Borch Jacobsen,"Venstre, Danmarks Liberale Parti",5
Fredensborgkredsen,4. Grønnegade,Hans Andersen,"Venstre, Danmarks Liberale Parti",0
Fredensborgkredsen,4. Grønnegade,Claus Hjort Frederiksen,"Venstre, Danmarks Liberale Parti",13
Fredensborgkredsen,4. Grønnegade,Søren Hyldgaard,"Venstre, Danmarks Liberale Parti",2
Fredensborgkredsen,4. Grønnegade,Sophie Løhde,"Venstre, Danmarks Liberale Parti",21
Fredensborgkredsen,4. Grønnegade,Klaus Markussen,"Venstre, Danmarks Liberale Parti",0
Fredensborgkredsen,4. Grønnegade,Partiliste,Enhedslisten - De Rød-Grønne,6
Fredensborgkredsen,4. Grønnegade,Helle Osther Friedrichsen,Enhedslisten - De Rød-Grønne,2
Fredensborgkredsen,4. Grønnegade,Maria Reumert Gjerding,Enhedslisten - De Rød-Grønne,0
Fredensborgkredsen,4. Grønnegade,Øjvind Vilsholm,Enhedslisten - De Rød-Grønne,0
Fredensborgkredsen,4. Grønnegade,Torben Kjær,Enhedslisten - De Rød-Grønne,0
Fredensborgkredsen,4. Grønnegade,Margit Kjeldgaard,Enhedslisten - De Rød-Grønne,0
Fredensborgkredsen,4. Grønnegade,Kent Weiss Holst,Enhedslisten - De Rød-Grønne,0
Fredensborgkredsen,4. Grønnegade,Partiliste,Alternativet,3
Fredensborgkredsen,4. Grønnegade,Christian Poll,Alternativet,4
Fredensborgkredsen,4. Grønnegade,Michael Macdonald Arnskov,Alternativet,0
Fredensborgkredsen,4. Grønnegade,Lasse Danielsen,Alternativet,0
Fredensborgkredsen,4. Grønnegade,Bina Seff,Alternativet,2
Fredensborgkredsen,4. Grønnegade,Aleks Jensen,(Uden for parti),0
Fredensborgkredsen,4. Grønnegade,Gert Lassen,(Uden for parti),0
Fredensborgkredsen,5. Ullerød,Partiliste,Socialdemokratiet,349
Fredensborgkredsen,5. Ullerød,Christine Antorini,Socialdemokratiet,60
Fredensborgkredsen,5. Ullerød,Nick Hækkerup,Socialdemokratiet,88
Fredensborgkredsen,5. Ullerød,Miki Dam Larsen,Socialdemokratiet,4
Fredensborgkredsen,5. Ullerød,Malou Lunderød,Socialdemokratiet,11
Fredensborgkredsen,5. Ullerød,Pernille Schnoor,Socialdemokratiet,87
Fredensborgkredsen,5. Ullerød,Partiliste,Radikale Venstre,69
Fredensborgkredsen,5. Ullerød,Kristian Hegaard,Radikale Venstre,23
Fredensborgkredsen,5. Ullerød,Anne Marie Geisler Andersen,Radikale Venstre,10
Fredensborgkredsen,5. Ullerød,Camilla Kampmann,Radikale Venstre,0
Fredensborgkredsen,5. Ullerød,Henrik Klitgaard,Radikale Venstre,3
Fredensborgkredsen,5. Ullerød,Martin Lidegaard,Radikale Venstre,93
Fredensborgkredsen,5. Ullerød,Helle Løvgreen Mølvig,Radikale Venstre,1
Fredensborgkredsen,5. Ullerød,Partiliste,Det Konservative Folkeparti,76
Fredensborgkredsen,5. Ullerød,Mette Thiesen,Det Konservative Folkeparti,31
Fredensborgkredsen,5. Ullerød,Mette Abildgaard,Det Konservative Folkeparti,17
Fredensborgkredsen,5. Ullerød,Thorkild Gruelund,Det Konservative Folkeparti,9
Fredensborgkredsen,5. Ullerød,Erik Lund,Det Konservative Folkeparti,2
Fredensborgkredsen,5. Ullerød,Pernille Vermund,Det Konservative Folkeparti,25
Fredensborgkredsen,5. Ullerød,Partiliste,SF - Socialistisk Folkeparti,65
Fredensborgkredsen,5. Ullerød,Trine Torp,SF - Socialistisk Folkeparti,43
Fredensborgkredsen,5. Ullerød,Nikolaj Bührmann,SF - Socialistisk Folkeparti,1
Fredensborgkredsen,5. Ullerød,Bente Borg Donkin,SF - Socialistisk Folkeparti,1
Fredensborgkredsen,5. Ullerød,Lars Iversen,SF - Socialistisk Folkeparti,2
Fredensborgkredsen,5. Ullerød,Teis Volstrup,SF - Socialistisk Folkeparti,4
Fredensborgkredsen,5. Ullerød,Partiliste,Liberal Alliance,88
Fredensborgkredsen,5. Ullerød,Niels Westy,Liberal Alliance,9
Fredensborgkredsen,5. Ullerød,Karsten Andersen,Liberal Alliance,1
Fredensborgkredsen,5. Ullerød,May-Britt Buch-Kattrup,Liberal Alliance,8
Fredensborgkredsen,5. Ullerød,Palle Christiansen,Liberal Alliance,2
Fredensborgkredsen,5. Ullerød,Anne-Marie Tørnes Hansen,Liberal Alliance,2
Fredensborgkredsen,5. Ullerød,Tommy Højegaard,Liberal Alliance,0
Fredensborgkredsen,5. Ullerød,Elisabeth Ildal,Liberal Alliance,8
Fredensborgkredsen,5. Ullerød,Jonathan Nielsen,Liberal Alliance,1
Fredensborgkredsen,5. Ullerød,Anders Samuelsen,Liberal Alliance,206
Fredensborgkredsen,5. Ullerød,Partiliste,Kristendemokraterne,3
Fredensborgkredsen,5. Ullerød,Stig Grenov,Kristendemokraterne,4
Fredensborgkredsen,5. Ullerød,Andreas Peters-Lehm,Kristendemokraterne,0
Fredensborgkredsen,5. Ullerød,Gert Svendsen,Kristendemokraterne,0
Fredensborgkredsen,5. Ullerød,Partiliste,Dansk Folkeparti,343
Fredensborgkredsen,5. Ullerød,Lucas Hultgren,Dansk Folkeparti,13
Fredensborgkredsen,5. Ullerød,Pia Adelsteen,Dansk Folkeparti,16
Fredensborgkredsen,5. Ullerød,Marlene Harpsøe,Dansk Folkeparti,26
Fredensborgkredsen,5. Ullerød,Gitte Hemmingsen,Dansk Folkeparti,7
Fredensborgkredsen,5. Ullerød,Glen Madsen,Dansk Folkeparti,14
Fredensborgkredsen,5. Ullerød,Jan Erik Messmann,Dansk Folkeparti,7
Fredensborgkredsen,5. Ullerød,Partiliste,"Venstre, Danmarks Liberale Parti",286
Fredensborgkredsen,5. Ullerød,Tinne Borch Jacobsen,"Venstre, Danmarks Liberale Parti",52
Fredensborgkredsen,5. Ullerød,Hans Andersen,"Venstre, Danmarks Liberale Parti",6
Fredensborgkredsen,5. Ullerød,Claus Hjort Frederiksen,"Venstre, Danmarks Liberale Parti",97
Fredensborgkredsen,5. Ullerød,Søren Hyldgaard,"Venstre, Danmarks Liberale Parti",17
Fredensborgkredsen,5. Ullerød,Sophie Løhde,"Venstre, Danmarks Liberale Parti",84
Fredensborgkredsen,5. Ullerød,Klaus Markussen,"Venstre, Danmarks Liberale Parti",3
Fredensborgkredsen,5. Ullerød,Partiliste,Enhedslisten - De Rød-Grønne,166
Fredensborgkredsen,5. Ullerød,Helle Osther Friedrichsen,Enhedslisten - De Rød-Grønne,34
Fredensborgkredsen,5. Ullerød,Maria Reumert Gjerding,Enhedslisten - De Rød-Grønne,11
Fredensborgkredsen,5. Ullerød,Øjvind Vilsholm,Enhedslisten - De Rød-Grønne,3
Fredensborgkredsen,5. Ullerød,Torben Kjær,Enhedslisten - De Rød-Grønne,2
Fredensborgkredsen,5. Ullerød,Margit Kjeldgaard,Enhedslisten - De Rød-Grønne,1
Fredensborgkredsen,5. Ullerød,Kent Weiss Holst,Enhedslisten - De Rød-Grønne,1
Fredensborgkredsen,5. Ullerød,Partiliste,Alternativet,91
Fredensborgkredsen,5. Ullerød,Christian Poll,Alternativet,16
Fredensborgkredsen,5. Ullerød,Michael Macdonald Arnskov,Alternativet,6
Fredensborgkredsen,5. Ullerød,Lasse Danielsen,Alternativet,4
Fredensborgkredsen,5. Ullerød,Bina Seff,Alternativet,11
Fredensborgkredsen,5. Ullerød,Aleks Jensen,(Uden for parti),3
Fredensborgkredsen,5. Ullerød,Gert Lassen,(Uden for parti),2
Fredensborgkredsen,5. Vallerød,Partiliste,Socialdemokratiet,422
Fredensborgkredsen,5. Vallerød,Christine Antorini,Socialdemokratiet,81
Fredensborgkredsen,5. Vallerød,Nick Hækkerup,Socialdemokratiet,72
Fredensborgkredsen,5. Vallerød,Miki Dam Larsen,Socialdemokratiet,2
Fredensborgkredsen,5. Vallerød,Malou Lunderød,Socialdemokratiet,8
Fredensborgkredsen,5. Vallerød,Pernille Schnoor,Socialdemokratiet,101
Fredensborgkredsen,5. Vallerød,Partiliste,Radikale Venstre,105
Fredensborgkredsen,5. Vallerød,Kristian Hegaard,Radikale Venstre,18
Fredensborgkredsen,5. Vallerød,Anne Marie Geisler Andersen,Radikale Venstre,12
Fredensborgkredsen,5. Vallerød,Camilla Kampmann,Radikale Venstre,4
Fredensborgkredsen,5. Vallerød,Henrik Klitgaard,Radikale Venstre,18
Fredensborgkredsen,5. Vallerød,Martin Lidegaard,Radikale Venstre,128
Fredensborgkredsen,5. Vallerød,Helle Løvgreen Mølvig,Radikale Venstre,3
Fredensborgkredsen,5. Vallerød,Partiliste,Det Konservative Folkeparti,207
Fredensborgkredsen,5. Vallerød,Mette Thiesen,Det Konservative Folkeparti,110
Fredensborgkredsen,5. Vallerød,Mette Abildgaard,Det Konservative Folkeparti,42
Fredensborgkredsen,5. Vallerød,Thorkild Gruelund,Det Konservative Folkeparti,40
Fredensborgkredsen,5. Vallerød,Erik Lund,Det Konservative Folkeparti,9
Fredensborgkredsen,5. Vallerød,Pernille Vermund,Det Konservative Folkeparti,41
Fredensborgkredsen,5. Vallerød,Partiliste,SF - Socialistisk Folkeparti,46
Fredensborgkredsen,5. Vallerød,Trine Torp,SF - Socialistisk Folkeparti,20
Fredensborgkredsen,5. Vallerød,Nikolaj Bührmann,SF - Socialistisk Folkeparti,1
Fredensborgkredsen,5. Vallerød,Bente Borg Donkin,SF - Socialistisk Folkeparti,1
Fredensborgkredsen,5. Vallerød,Lars Iversen,SF - Socialistisk Folkeparti,5
Fredensborgkredsen,5. Vallerød,Teis Volstrup,SF - Socialistisk Folkeparti,2
Fredensborgkredsen,5. Vallerød,Partiliste,Liberal Alliance,262
Fredensborgkredsen,5. Vallerød,Niels Westy,Liberal Alliance,22
Fredensborgkredsen,5. Vallerød,Karsten Andersen,Liberal Alliance,2
Fredensborgkredsen,5. Vallerød,May-Britt Buch-Kattrup,Liberal Alliance,27
Fredensborgkredsen,5. Vallerød,Palle Christiansen,Liberal Alliance,4
Fredensborgkredsen,5. Vallerød,Anne-Marie Tørnes Hansen,Liberal Alliance,2
Fredensborgkredsen,5. Vallerød,Tommy Højegaard,Liberal Alliance,0
Fredensborgkredsen,5. Vallerød,Elisabeth Ildal,Liberal Alliance,13
Fredensborgkredsen,5. Vallerød,Jonathan Nielsen,Liberal Alliance,4
Fredensborgkredsen,5. Vallerød,Anders Samuelsen,Liberal Alliance,523
Fredensborgkredsen,5. Vallerød,Partiliste,Kristendemokraterne,6
Fredensborgkredsen,5. Vallerød,Stig Grenov,Kristendemokraterne,3
Fredensborgkredsen,5. Vallerød,Andreas Peters-Lehm,Kristendemokraterne,0
Fredensborgkredsen,5. Vallerød,Gert Svendsen,Kristendemokraterne,0
Fredensborgkredsen,5. Vallerød,Partiliste,Dansk Folkeparti,505
Fredensborgkredsen,5. Vallerød,Lucas Hultgren,Dansk Folkeparti,20
Fredensborgkredsen,5. Vallerød,Pia Adelsteen,Dansk Folkeparti,18
Fredensborgkredsen,5. Vallerød,Marlene Harpsøe,Dansk Folkeparti,20
Fredensborgkredsen,5. Vallerød,Gitte Hemmingsen,Dansk Folkeparti,9
Fredensborgkredsen,5. Vallerød,Glen Madsen,Dansk Folkeparti,50
Fredensborgkredsen,5. Vallerød,Jan Erik Messmann,Dansk Folkeparti,12
Fredensborgkredsen,5. Vallerød,Partiliste,"Venstre, Danmarks Liberale Parti",635
Fredensborgkredsen,5. Vallerød,Tinne Borch Jacobsen,"Venstre, Danmarks Liberale Parti",69
Fredensborgkredsen,5. Vallerød,Hans Andersen,"Venstre, Danmarks Liberale Parti",2
Fredensborgkredsen,5. Vallerød,Claus Hjort Frederiksen,"Venstre, Danmarks Liberale Parti",249
Fredensborgkredsen,5. Vallerød,Søren Hyldgaard,"Venstre, Danmarks Liberale Parti",19
Fredensborgkredsen,5. Vallerød,Sophie Løhde,"Venstre, Danmarks Liberale Parti",179
Fredensborgkredsen,5. Vallerød,Klaus Markussen,"Venstre, Danmarks Liberale Parti",2
Fredensborgkredsen,5. Vallerød,Partiliste,Enhedslisten - De Rød-Grønne,96
Fredensborgkredsen,5. Vallerød,Helle Osther Friedrichsen,Enhedslisten - De Rød-Grønne,20
Fredensborgkredsen,5. Vallerød,Maria Reumert Gjerding,Enhedslisten - De Rød-Grønne,20
Fredensborgkredsen,5. Vallerød,Øjvind Vilsholm,Enhedslisten - De Rød-Grønne,1
Fredensborgkredsen,5. Vallerød,Torben Kjær,Enhedslisten - De Rød-Grønne,0
Fredensborgkredsen,5. Vallerød,Margit Kjeldgaard,Enhedslisten - De Rød-Grønne,2
Fredensborgkredsen,5. Vallerød,Kent Weiss Holst,Enhedslisten - De Rød-Grønne,0
Fredensborgkredsen,5. Vallerød,Partiliste,Alternativet,96
Fredensborgkredsen,5. Vallerød,Christian Poll,Alternativet,16
Fredensborgkredsen,5. Vallerød,Michael Macdonald Arnskov,Alternativet,1
Fredensborgkredsen,5. Vallerød,Lasse Danielsen,Alternativet,1
Fredensborgkredsen,5. Vallerød,Bina Seff,Alternativet,8
Fredensborgkredsen,5. Vallerød,Aleks Jensen,(Uden for parti),1
Fredensborgkredsen,5. Vallerød,Gert Lassen,(Uden for parti),0
Fredensborgkredsen,6. Brønsholm,Partiliste,Socialdemokratiet,326
Fredensborgkredsen,6. Brønsholm,Christine Antorini,Socialdemokratiet,71
Fredensborgkredsen,6. Brønsholm,Nick Hækkerup,Socialdemokratiet,95
Fredensborgkredsen,6. Brønsholm,Miki Dam Larsen,Socialdemokratiet,2
Fredensborgkredsen,6. Brønsholm,Malou Lunderød,Socialdemokratiet,7
Fredensborgkredsen,6. Brønsholm,Pernille Schnoor,Socialdemokratiet,92
Fredensborgkredsen,6. Brønsholm,Partiliste,Radikale Venstre,56
Fredensborgkredsen,6. Brønsholm,Kristian Hegaard,Radikale Venstre,14
Fredensborgkredsen,6. Brønsholm,Anne Marie Geisler Andersen,Radikale Venstre,9
Fredensborgkredsen,6. Brønsholm,Camilla Kampmann,Radikale Venstre,5
Fredensborgkredsen,6. Brønsholm,Henrik Klitgaard,Radikale Venstre,1
Fredensborgkredsen,6. Brønsholm,Martin Lidegaard,Radikale Venstre,60
Fredensborgkredsen,6. Brønsholm,Helle Løvgreen Mølvig,Radikale Venstre,3
Fredensborgkredsen,6. Brønsholm,Partiliste,Det Konservative Folkeparti,62
Fredensborgkredsen,6. Brønsholm,Mette Thiesen,Det Konservative Folkeparti,37
Fredensborgkredsen,6. Brønsholm,Mette Abildgaard,Det Konservative Folkeparti,21
Fredensborgkredsen,6. Brønsholm,Thorkild Gruelund,Det Konservative Folkeparti,11
Fredensborgkredsen,6. Brønsholm,Erik Lund,Det Konservative Folkeparti,11
Fredensborgkredsen,6. Brønsholm,Pernille Vermund,Det Konservative Folkeparti,20
Fredensborgkredsen,6. Brønsholm,Partiliste,SF - Socialistisk Folkeparti,60
Fredensborgkredsen,6. Brønsholm,Trine Torp,SF - Socialistisk Folkeparti,26
Fredensborgkredsen,6. Brønsholm,Nikolaj Bührmann,SF - Socialistisk Folkeparti,3
Fredensborgkredsen,6. Brønsholm,Bente Borg Donkin,SF - Socialistisk Folkeparti,2
Fredensborgkredsen,6. Brønsholm,Lars Iversen,SF - Socialistisk Folkeparti,1
Fredensborgkredsen,6. Brønsholm,Teis Volstrup,SF - Socialistisk Folkeparti,2
Fredensborgkredsen,6. Brønsholm,Partiliste,Liberal Alliance,98
Fredensborgkredsen,6. Brønsholm,Niels Westy,Liberal Alliance,4
Fredensborgkredsen,6. Brønsholm,Karsten Andersen,Liberal Alliance,1
Fredensborgkredsen,6. Brønsholm,May-Britt Buch-Kattrup,Liberal Alliance,10
Fredensborgkredsen,6. Brønsholm,Palle Christiansen,Liberal Alliance,2
Fredensborgkredsen,6. Brønsholm,Anne-Marie Tørnes Hansen,Liberal Alliance,0
Fredensborgkredsen,6. Brønsholm,Tommy Højegaard,Liberal Alliance,0
Fredensborgkredsen,6. Brønsholm,Elisabeth Ildal,Liberal Alliance,2
Fredensborgkredsen,6. Brønsholm,Jonathan Nielsen,Liberal Alliance,1
Fredensborgkredsen,6. Brønsholm,Anders Samuelsen,Liberal Alliance,171
Fredensborgkredsen,6. Brønsholm,Partiliste,Kristendemokraterne,8
Fredensborgkredsen,6. Brønsholm,Stig Grenov,Kristendemokraterne,14
Fredensborgkredsen,6. Brønsholm,Andreas Peters-Lehm,Kristendemokraterne,2
Fredensborgkredsen,6. Brønsholm,Gert Svendsen,Kristendemokraterne,0
Fredensborgkredsen,6. Brønsholm,Partiliste,Dansk Folkeparti,507
Fredensborgkredsen,6. Brønsholm,Lucas Hultgren,Dansk Folkeparti,26
Fredensborgkredsen,6. Brønsholm,Pia Adelsteen,Dansk Folkeparti,23
Fredensborgkredsen,6. Brønsholm,Marlene Harpsøe,Dansk Folkeparti,38
Fredensborgkredsen,6. Brønsholm,Gitte Hemmingsen,Dansk Folkeparti,15
Fredensborgkredsen,6. Brønsholm,Glen Madsen,Dansk Folkeparti,21
Fredensborgkredsen,6. Brønsholm,Jan Erik Messmann,Dansk Folkeparti,25
Fredensborgkredsen,6. Brønsholm,Partiliste,"Venstre, Danmarks Liberale Parti",352
Fredensborgkredsen,6. Brønsholm,Tinne Borch Jacobsen,"Venstre, Danmarks Liberale Parti",73
Fredensborgkredsen,6. Brønsholm,Hans Andersen,"Venstre, Danmarks Liberale Parti",15
Fredensborgkredsen,6. Brønsholm,Claus Hjort Frederiksen,"Venstre, Danmarks Liberale Parti",97
Fredensborgkredsen,6. Brønsholm,Søren Hyldgaard,"Venstre, Danmarks Liberale Parti",11
Fredensborgkredsen,6. Brønsholm,Sophie Løhde,"Venstre, Danmarks Liberale Parti",121
Fredensborgkredsen,6. Brønsholm,Klaus Markussen,"Venstre, Danmarks Liberale Parti",1
Fredensborgkredsen,6. Brønsholm,Partiliste,Enhedslisten - De Rød-Grønne,120
Fredensborgkredsen,6. Brønsholm,Helle Osther Friedrichsen,Enhedslisten - De Rød-Grønne,22
Fredensborgkredsen,6. Brønsholm,Maria Reumert Gjerding,Enhedslisten - De Rød-Grønne,15
Fredensborgkredsen,6. Brønsholm,Øjvind Vilsholm,Enhedslisten - De Rød-Grønne,1
Fredensborgkredsen,6. Brønsholm,Torben Kjær,Enhedslisten - De Rød-Grønne,0
Fredensborgkredsen,6. Brønsholm,Margit Kjeldgaard,Enhedslisten - De Rød-Grønne,0
Fredensborgkredsen,6. Brønsholm,Kent Weiss Holst,Enhedslisten - De Rød-Grønne,0
Fredensborgkredsen,6. Brønsholm,Partiliste,Alternativet,57
Fredensborgkredsen,6. Brønsholm,Christian Poll,Alternativet,8
Fredensborgkredsen,6. Brønsholm,Michael Macdonald Arnskov,Alternativet,2
Fredensborgkredsen,6. Brønsholm,Lasse Danielsen,Alternativet,1
Fredensborgkredsen,6. Brønsholm,Bina Seff,Alternativet,1
Fredensborgkredsen,6. Brønsholm,Aleks Jensen,(Uden for parti),1
Fredensborgkredsen,6. Brønsholm,Gert Lassen,(Uden for parti),0
Fredensborgkredsen,7. Niverød,Partiliste,Socialdemokratiet,316
Fredensborgkredsen,7. Niverød,Christine Antorini,Socialdemokratiet,64
Fredensborgkredsen,7. Niverød,Nick Hækkerup,Socialdemokratiet,79
Fredensborgkredsen,7. Niverød,Miki Dam Larsen,Socialdemokratiet,3
Fredensborgkredsen,7. Niverød,Malou Lunderød,Socialdemokratiet,8
Fredensborgkredsen,7. Niverød,Pernille Schnoor,Socialdemokratiet,102
Fredensborgkredsen,7. Niverød,Partiliste,Radikale Venstre,45
Fredensborgkredsen,7. Niverød,Kristian Hegaard,Radikale Venstre,15
Fredensborgkredsen,7. Niverød,Anne Marie Geisler Andersen,Radikale Venstre,10
Fredensborgkredsen,7. Niverød,Camilla Kampmann,Radikale Venstre,1
Fredensborgkredsen,7. Niverød,Henrik Klitgaard,Radikale Venstre,4
Fredensborgkredsen,7. Niverød,Martin Lidegaard,Radikale Venstre,67
Fredensborgkredsen,7. Niverød,Helle Løvgreen Mølvig,Radikale Venstre,2
Fredensborgkredsen,7. Niverød,Partiliste,Det Konservative Folkeparti,51
Fredensborgkredsen,7. Niverød,Mette Thiesen,Det Konservative Folkeparti,32
Fredensborgkredsen,7. Niverød,Mette Abildgaard,Det Konservative Folkeparti,11
Fredensborgkredsen,7. Niverød,Thorkild Gruelund,Det Konservative Folkeparti,7
Fredensborgkredsen,7. Niverød,Erik Lund,Det Konservative Folkeparti,5
Fredensborgkredsen,7. Niverød,Pernille Vermund,Det Konservative Folkeparti,11
Fredensborgkredsen,7. Niverød,Partiliste,SF - Socialistisk Folkeparti,71
Fredensborgkredsen,7. Niverød,Trine Torp,SF - Socialistisk Folkeparti,53
Fredensborgkredsen,7. Niverød,Nikolaj Bührmann,SF - Socialistisk Folkeparti,1
Fredensborgkredsen,7. Niverød,Bente Borg Donkin,SF - Socialistisk Folkeparti,2
Fredensborgkredsen,7. Niverød,Lars Iversen,SF - Socialistisk Folkeparti,2
Fredensborgkredsen,7. Niverød,Teis Volstrup,SF - Socialistisk Folkeparti,5
Fredensborgkredsen,7. Niverød,Partiliste,Liberal Alliance,84
Fredensborgkredsen,7. Niverød,Niels Westy,Liberal Alliance,12
Fredensborgkredsen,7. Niverød,Karsten Andersen,Liberal Alliance,0
Fredensborgkredsen,7. Niverød,May-Britt Buch-Kattrup,Liberal Alliance,8
Fredensborgkredsen,7. Niverød,Palle Christiansen,Liberal Alliance,1
Fredensborgkredsen,7. Niverød,Anne-Marie Tørnes Hansen,Liberal Alliance,1
Fredensborgkredsen,7. Niverød,Tommy Højegaard,Liberal Alliance,0
Fredensborgkredsen,7. Niverød,Elisabeth Ildal,Liberal Alliance,3
Fredensborgkredsen,7. Niverød,Jonathan Nielsen,Liberal Alliance,1
Fredensborgkredsen,7. Niverød,Anders Samuelsen,Liberal Alliance,117
Fredensborgkredsen,7. Niverød,Partiliste,Kristendemokraterne,2
Fredensborgkredsen,7. Niverød,Stig Grenov,Kristendemokraterne,5
Fredensborgkredsen,7. Niverød,Andreas Peters-Lehm,Kristendemokraterne,0
Fredensborgkredsen,7. Niverød,Gert Svendsen,Kristendemokraterne,0
Fredensborgkredsen,7. Niverød,Partiliste,Dansk Folkeparti,419
Fredensborgkredsen,7. Niverød,Lucas Hultgren,Dansk Folkeparti,12
Fredensborgkredsen,7. Niverød,Pia Adelsteen,Dansk Folkeparti,23
Fredensborgkredsen,7. Niverød,Marlene Harpsøe,Dansk Folkeparti,38
Fredensborgkredsen,7. Niverød,Gitte Hemmingsen,Dansk Folkeparti,11
Fredensborgkredsen,7. Niverød,Glen Madsen,Dansk Folkeparti,23
Fredensborgkredsen,7. Niverød,Jan Erik Messmann,Dansk Folkeparti,17
Fredensborgkredsen,7. Niverød,Partiliste,"Venstre, Danmarks Liberale Parti",249
Fredensborgkredsen,7. Niverød,Tinne Borch Jacobsen,"Venstre, Danmarks Liberale Parti",47
Fredensborgkredsen,7. Niverød,Hans Andersen,"Venstre, Danmarks Liberale Parti",12
Fredensborgkredsen,7. Niverød,Claus Hjort Frederiksen,"Venstre, Danmarks Liberale Parti",81
Fredensborgkredsen,7. Niverød,Søren Hyldgaard,"Venstre, Danmarks Liberale Parti",16
Fredensborgkredsen,7. Niverød,Sophie Løhde,"Venstre, Danmarks Liberale Parti",77
Fredensborgkredsen,7. Niverød,Klaus Markussen,"Venstre, Danmarks Liberale Parti",8
Fredensborgkredsen,7. Niverød,Partiliste,Enhedslisten - De Rød-Grønne,131
Fredensborgkredsen,7. Niverød,Helle Osther Friedrichsen,Enhedslisten - De Rød-Grønne,29
Fredensborgkredsen,7. Niverød,Maria Reumert Gjerding,Enhedslisten - De Rød-Grønne,23
Fredensborgkredsen,7. Niverød,Øjvind Vilsholm,Enhedslisten - De Rød-Grønne,2
Fredensborgkredsen,7. Niverød,Torben Kjær,Enhedslisten - De Rød-Grønne,1
Fredensborgkredsen,7. Niverød,Margit Kjeldgaard,Enhedslisten - De Rød-Grønne,3
Fredensborgkredsen,7. Niverød,Kent Weiss Holst,Enhedslisten - De Rød-Grønne,0
Fredensborgkredsen,7. Niverød,Partiliste,Alternativet,93
Fredensborgkredsen,7. Niverød,Christian Poll,Alternativet,20
Fredensborgkredsen,7. Niverød,Michael Macdonald Arnskov,Alternativet,3
Fredensborgkredsen,7. Niverød,Lasse Danielsen,Alternativet,3
Fredensborgkredsen,7. Niverød,Bina Seff,Alternativet,1
Fredensborgkredsen,7. Niverød,Aleks Jensen,(Uden for parti),1
Fredensborgkredsen,7. Niverød,Gert Lassen,(Uden for parti),0
Fredensborgkredsen,8. Karlebo,Partiliste,Socialdemokratiet,65
Fredensborgkredsen,8. Karlebo,Christine Antorini,Socialdemokratiet,16
Fredensborgkredsen,8. Karlebo,Nick Hækkerup,Socialdemokratiet,13
Fredensborgkredsen,8. Karlebo,Miki Dam Larsen,Socialdemokratiet,0
Fredensborgkredsen,8. Karlebo,Malou Lunderød,Socialdemokratiet,1
Fredensborgkredsen,8. Karlebo,Pernille Schnoor,Socialdemokratiet,8
Fredensborgkredsen,8. Karlebo,Partiliste,Radikale Venstre,11
Fredensborgkredsen,8. Karlebo,Kristian Hegaard,Radikale Venstre,1
Fredensborgkredsen,8. Karlebo,Anne Marie Geisler Andersen,Radikale Venstre,2
Fredensborgkredsen,8. Karlebo,Camilla Kampmann,Radikale Venstre,2
Fredensborgkredsen,8. Karlebo,Henrik Klitgaard,Radikale Venstre,1
Fredensborgkredsen,8. Karlebo,Martin Lidegaard,Radikale Venstre,19
Fredensborgkredsen,8. Karlebo,Helle Løvgreen Mølvig,Radikale Venstre,0
Fredensborgkredsen,8. Karlebo,Partiliste,Det Konservative Folkeparti,17
Fredensborgkredsen,8. Karlebo,Mette Thiesen,Det Konservative Folkeparti,11
Fredensborgkredsen,8. Karlebo,Mette Abildgaard,Det Konservative Folkeparti,6
Fredensborgkredsen,8. Karlebo,Thorkild Gruelund,Det Konservative Folkeparti,2
Fredensborgkredsen,8. Karlebo,Erik Lund,Det Konservative Folkeparti,7
Fredensborgkredsen,8. Karlebo,Pernille Vermund,Det Konservative Folkeparti,4
Fredensborgkredsen,8. Karlebo,Partiliste,SF - Socialistisk Folkeparti,10
Fredensborgkredsen,8. Karlebo,Trine Torp,SF - Socialistisk Folkeparti,8
Fredensborgkredsen,8. Karlebo,Nikolaj Bührmann,SF - Socialistisk Folkeparti,0
Fredensborgkredsen,8. Karlebo,Bente Borg Donkin,SF - Socialistisk Folkeparti,0
Fredensborgkredsen,8. Karlebo,Lars Iversen,SF - Socialistisk Folkeparti,2
Fredensborgkredsen,8. Karlebo,Teis Volstrup,SF - Socialistisk Folkeparti,2
Fredensborgkredsen,8. Karlebo,Partiliste,Liberal Alliance,49
Fredensborgkredsen,8. Karlebo,Niels Westy,Liberal Alliance,5
Fredensborgkredsen,8. Karlebo,Karsten Andersen,Liberal Alliance,0
Fredensborgkredsen,8. Karlebo,May-Britt Buch-Kattrup,Liberal Alliance,37
Fredensborgkredsen,8. Karlebo,Palle Christiansen,Liberal Alliance,0
Fredensborgkredsen,8. Karlebo,Anne-Marie Tørnes Hansen,Liberal Alliance,0
Fredensborgkredsen,8. Karlebo,Tommy Højegaard,Liberal Alliance,0
Fredensborgkredsen,8. Karlebo,Elisabeth Ildal,Liberal Alliance,0
Fredensborgkredsen,8. Karlebo,Jonathan Nielsen,Liberal Alliance,1
Fredensborgkredsen,8. Karlebo,Anders Samuelsen,Liberal Alliance,79
Fredensborgkredsen,8. Karlebo,Partiliste,Kristendemokraterne,0
Fredensborgkredsen,8. Karlebo,Stig Grenov,Kristendemokraterne,6
Fredensborgkredsen,8. Karlebo,Andreas Peters-Lehm,Kristendemokraterne,0
Fredensborgkredsen,8. Karlebo,Gert Svendsen,Kristendemokraterne,0
Fredensborgkredsen,8. Karlebo,Partiliste,Dansk Folkeparti,106
Fredensborgkredsen,8. Karlebo,Lucas Hultgren,Dansk Folkeparti,3
Fredensborgkredsen,8. Karlebo,Pia Adelsteen,Dansk Folkeparti,4
Fredensborgkredsen,8. Karlebo,Marlene Harpsøe,Dansk Folkeparti,7
Fredensborgkredsen,8. Karlebo,Gitte Hemmingsen,Dansk Folkeparti,0
Fredensborgkredsen,8. Karlebo,Glen Madsen,Dansk Folkeparti,7
Fredensborgkredsen,8. Karlebo,Jan Erik Messmann,Dansk Folkeparti,5
Fredensborgkredsen,8. Karlebo,Partiliste,"Venstre, Danmarks Liberale Parti",97
Fredensborgkredsen,8. Karlebo,Tinne Borch Jacobsen,"Venstre, Danmarks Liberale Parti",27
Fredensborgkredsen,8. Karlebo,Hans Andersen,"Venstre, Danmarks Liberale Parti",8
Fredensborgkredsen,8. Karlebo,Claus Hjort Frederiksen,"Venstre, Danmarks Liberale Parti",39
Fredensborgkredsen,8. Karlebo,Søren Hyldgaard,"Venstre, Danmarks Liberale Parti",5
Fredensborgkredsen,8. Karlebo,Sophie Løhde,"Venstre, Danmarks Liberale Parti",32
Fredensborgkredsen,8. Karlebo,Klaus Markussen,"Venstre, Danmarks Liberale Parti",2
Fredensborgkredsen,8. Karlebo,Partiliste,Enhedslisten - De Rød-Grønne,21
Fredensborgkredsen,8. Karlebo,Helle Osther Friedrichsen,Enhedslisten - De Rød-Grønne,5
Fredensborgkredsen,8. Karlebo,Maria Reumert Gjerding,Enhedslisten - De Rød-Grønne,2
Fredensborgkredsen,8. Karlebo,Øjvind Vilsholm,Enhedslisten - De Rød-Grønne,0
Fredensborgkredsen,8. Karlebo,Torben Kjær,Enhedslisten - De Rød-Grønne,1
Fredensborgkredsen,8. Karlebo,Margit Kjeldgaard,Enhedslisten - De Rød-Grønne,0
Fredensborgkredsen,8. Karlebo,Kent Weiss Holst,Enhedslisten - De Rød-Grønne,0
Fredensborgkredsen,8. Karlebo,Partiliste,Alternativet,32
Fredensborgkredsen,8. Karlebo,Christian Poll,Alternativet,6
Fredensborgkredsen,8. Karlebo,Michael Macdonald Arnskov,Alternativet,0
Fredensborgkredsen,8. Karlebo,Lasse Danielsen,Alternativet,0
Fredensborgkredsen,8. Karlebo,Bina Seff,Alternativet,1
Fredensborgkredsen,8. Karlebo,Aleks Jensen,(Uden for parti),0
Fredensborgkredsen,8. Karlebo,Gert Lassen,(Uden for parti),0
Fredensborgkredsen,9. Nivå,Partiliste,Socialdemokratiet,302
Fredensborgkredsen,9. Nivå,Christine Antorini,Socialdemokratiet,82
Fredensborgkredsen,9. Nivå,Nick Hækkerup,Socialdemokratiet,78
Fredensborgkredsen,9. Nivå,Miki Dam Larsen,Socialdemokratiet,4
Fredensborgkredsen,9. Nivå,Malou Lunderød,Socialdemokratiet,6
Fredensborgkredsen,9. Nivå,Pernille Schnoor,Socialdemokratiet,98
Fredensborgkredsen,9. Nivå,Partiliste,Radikale Venstre,58
Fredensborgkredsen,9. Nivå,Kristian Hegaard,Radikale Venstre,27
Fredensborgkredsen,9. Nivå,Anne Marie Geisler Andersen,Radikale Venstre,5
Fredensborgkredsen,9. Nivå,Camilla Kampmann,Radikale Venstre,3
Fredensborgkredsen,9. Nivå,Henrik Klitgaard,Radikale Venstre,3
Fredensborgkredsen,9. Nivå,Martin Lidegaard,Radikale Venstre,98
Fredensborgkredsen,9. Nivå,Helle Løvgreen Mølvig,Radikale Venstre,0
Fredensborgkredsen,9. Nivå,Partiliste,Det Konservative Folkeparti,41
Fredensborgkredsen,9. Nivå,Mette Thiesen,Det Konservative Folkeparti,31
Fredensborgkredsen,9. Nivå,Mette Abildgaard,Det Konservative Folkeparti,11
Fredensborgkredsen,9. Nivå,Thorkild Gruelund,Det Konservative Folkeparti,8
Fredensborgkredsen,9. Nivå,Erik Lund,Det Konservative Folkeparti,9
Fredensborgkredsen,9. Nivå,Pernille Vermund,Det Konservative Folkeparti,7
Fredensborgkredsen,9. Nivå,Partiliste,SF - Socialistisk Folkeparti,69
Fredensborgkredsen,9. Nivå,Trine Torp,SF - Socialistisk Folkeparti,25
Fredensborgkredsen,9. Nivå,Nikolaj Bührmann,SF - Socialistisk Folkeparti,4
Fredensborgkredsen,9. Nivå,Bente Borg Donkin,SF - Socialistisk Folkeparti,1
Fredensborgkredsen,9. Nivå,Lars Iversen,SF - Socialistisk Folkeparti,4
Fredensborgkredsen,9. Nivå,Teis Volstrup,SF - Socialistisk Folkeparti,5
Fredensborgkredsen,9. Nivå,Partiliste,Liberal Alliance,79
Fredensborgkredsen,9. Nivå,Niels Westy,Liberal Alliance,8
Fredensborgkredsen,9. Nivå,Karsten Andersen,Liberal Alliance,1
Fredensborgkredsen,9. Nivå,May-Britt Buch-Kattrup,Liberal Alliance,9
Fredensborgkredsen,9. Nivå,Palle Christiansen,Liberal Alliance,0
Fredensborgkredsen,9. Nivå,Anne-Marie Tørnes Hansen,Liberal Alliance,5
Fredensborgkredsen,9. Nivå,Tommy Højegaard,Liberal Alliance,0
Fredensborgkredsen,9. Nivå,Elisabeth Ildal,Liberal Alliance,4
Fredensborgkredsen,9. Nivå,Jonathan Nielsen,Liberal Alliance,1
Fredensborgkredsen,9. Nivå,Anders Samuelsen,Liberal Alliance,83
Fredensborgkredsen,9. Nivå,Partiliste,Kristendemokraterne,4
Fredensborgkredsen,9. Nivå,Stig Grenov,Kristendemokraterne,10
Fredensborgkredsen,9. Nivå,Andreas Peters-Lehm,Kristendemokraterne,1
Fredensborgkredsen,9. Nivå,Gert Svendsen,Kristendemokraterne,0
Fredensborgkredsen,9. Nivå,Partiliste,Dansk Folkeparti,275
Fredensborgkredsen,9. Nivå,Lucas Hultgren,Dansk Folkeparti,8
Fredensborgkredsen,9. Nivå,Pia Adelsteen,Dansk Folkeparti,20
Fredensborgkredsen,9. Nivå,Marlene Harpsøe,Dansk Folkeparti,19
Fredensborgkredsen,9. Nivå,Gitte Hemmingsen,Dansk Folkeparti,2
Fredensborgkredsen,9. Nivå,Glen Madsen,Dansk Folkeparti,5
Fredensborgkredsen,9. Nivå,Jan Erik Messmann,Dansk Folkeparti,10
Fredensborgkredsen,9. Nivå,Partiliste,"Venstre, Danmarks Liberale Parti",208
Fredensborgkredsen,9. Nivå,Tinne Borch Jacobsen,"Venstre, Danmarks Liberale Parti",43
Fredensborgkredsen,9. Nivå,Hans Andersen,"Venstre, Danmarks Liberale Parti",6
Fredensborgkredsen,9. Nivå,Claus Hjort Frederiksen,"Venstre, Danmarks Liberale Parti",99
Fredensborgkredsen,9. Nivå,Søren Hyldgaard,"Venstre, Danmarks Liberale Parti",8
Fredensborgkredsen,9. Nivå,Sophie Løhde,"Venstre, Danmarks Liberale Parti",53
Fredensborgkredsen,9. Nivå,Klaus Markussen,"Venstre, Danmarks Liberale Parti",2
Fredensborgkredsen,9. Nivå,Partiliste,Enhedslisten - De Rød-Grønne,133
Fredensborgkredsen,9. Nivå,Helle Osther Friedrichsen,Enhedslisten - De Rød-Grønne,27
Fredensborgkredsen,9. Nivå,Maria Reumert Gjerding,Enhedslisten - De Rød-Grønne,16
Fredensborgkredsen,9. Nivå,Øjvind Vilsholm,Enhedslisten - De Rød-Grønne,1
Fredensborgkredsen,9. Nivå,Torben Kjær,Enhedslisten - De Rød-Grønne,2
Fredensborgkredsen,9. Nivå,Margit Kjeldgaard,Enhedslisten - De Rød-Grønne,1
Fredensborgkredsen,9. Nivå,Kent Weiss Holst,Enhedslisten - De Rød-Grønne,2
Fredensborgkredsen,9. Nivå,Partiliste,Alternativet,85
Fredensborgkredsen,9. Nivå,Christian Poll,Alternativet,10
Fredensborgkredsen,9. Nivå,Michael Macdonald Arnskov,Alternativet,4
Fredensborgkredsen,9. Nivå,Lasse Danielsen,Alternativet,2
Fredensborgkredsen,9. Nivå,Bina Seff,Alternativet,5
Fredensborgkredsen,9. Nivå,Aleks Jensen,(Uden for parti),0
Fredensborgkredsen,9. Nivå,Gert Lassen,(Uden for parti),0
