Kommune;Afstemningsområde;Bogstavbetegnelse;Listenavn;Navn;Stemmetal
Dragør;1. Dragør Skole;A;Socialdemokratiet;Listestemmer;288
Dragør;1. Dragør Skole;A;Socialdemokratiet;Lars Gaardhøj, København;56
Dragør;1. Dragør Skole;A;Socialdemokratiet;Trine Birk Andersen, Holbæk;5
Dragør;1. Dragør Skole;A;Socialdemokratiet;Jarl Feyling, København;2
Dragør;1. Dragør Skole;A;Socialdemokratiet;Sofie de Bretteville, Ballerup;9
Dragør;1. Dragør Skole;A;Socialdemokratiet;Michael Schmidt, Halsnæs;0
Dragør;1. Dragør Skole;A;Socialdemokratiet;Laila Kildesgaard, Bornholm;9
Dragør;1. Dragør Skole;A;Socialdemokratiet;Susanne Lundvald, Næstved;2
Dragør;1. Dragør Skole;A;Socialdemokratiet;Sara Smith Hald, Valby;1
Dragør;1. Dragør Skole;A;Socialdemokratiet;Nicolai Kampmann, Hvidovre;2
Dragør;1. Dragør Skole;A;Socialdemokratiet;Sine Reffstrup, Ringsted;5
Dragør;1. Dragør Skole;A;Socialdemokratiet;Vibeke Westh, Frederiksberg;4
Dragør;1. Dragør Skole;A;Socialdemokratiet;Susanne Due Kristensen, Hillerød;3
Dragør;1. Dragør Skole;A;Socialdemokratiet;Thomas Adelskov, Odsherred;3
Dragør;1. Dragør Skole;A;Socialdemokratiet;Brian Høier, Tårnby;61
Dragør;1. Dragør Skole;A;Socialdemokratiet;Martin Baden, Ishøj;0
Dragør;1. Dragør Skole;A;Socialdemokratiet;Torben Klitmøller Hollmann, Lolland;0
Dragør;1. Dragør Skole;A;Socialdemokratiet;Ole Terkelsen, Valby;2
Dragør;1. Dragør Skole;A;Socialdemokratiet;Martin Thor Pedersen, Helsingør;0
Dragør;1. Dragør Skole;A;Socialdemokratiet;Katrine Skov, Gladsaxe;0
Dragør;1. Dragør Skole;A;Socialdemokratiet;Lisette Lind Larsen, Faxe;0
Dragør;1. Dragør Skole;A;Socialdemokratiet;Ulrik Juhl Hansen, Vesterbro;0
Dragør;1. Dragør Skole;A;Socialdemokratiet;Kirsten Rask, Kalundborg;1
Dragør;1. Dragør Skole;A;Socialdemokratiet;Niels Christian Dahl, Allerød;2
Dragør;1. Dragør Skole;A;Socialdemokratiet;Hari Neupane, Ørestad;0
Dragør;1. Dragør Skole;A;Socialdemokratiet;Håkon Nielsen, Rødovre;1
Dragør;1. Dragør Skole;A;Socialdemokratiet;Helle Lethmar, Køge;0
Dragør;1. Dragør Skole;A;Socialdemokratiet;Bodil Kornbek, Lyngby-Taarbæk;0
Dragør;1. Dragør Skole;A;Socialdemokratiet;John Hansen, Guldborgsund;3
Dragør;1. Dragør Skole;A;Socialdemokratiet;Kenneth Nielsen, Slagelse;0
Dragør;1. Dragør Skole;A;Socialdemokratiet;Claus Heje, Høje-Taastrup;1
Dragør;1. Dragør Skole;A;Socialdemokratiet;Rasmus Oxfeldt Larsen, Vordingborg;3
Dragør;1. Dragør Skole;A;Socialdemokratiet;Frederik Haugstrup Jacobsen, Østerbro;2
Dragør;1. Dragør Skole;A;Socialdemokratiet;Steen S. Hansen, Stevns;0
Dragør;1. Dragør Skole;A;Socialdemokratiet;Stina Højgaard, Greve;1
Dragør;1. Dragør Skole;A;Socialdemokratiet;René Vejby Kierch, Roskilde;1
Dragør;1. Dragør Skole;A;Socialdemokratiet;Mikkel Krog, Lejre;0
Dragør;1. Dragør Skole;A;Socialdemokratiet;Jan Månsson, Sorø;0
Dragør;1. Dragør Skole;A;Socialdemokratiet;Camilla Hoffmann, København;3
Dragør;1. Dragør Skole;A;Socialdemokratiet;Line Andrup, Egedal;0
Dragør;1. Dragør Skole;A;Socialdemokratiet;Ludwig Heldt, København;0
Dragør;1. Dragør Skole;A;Socialdemokratiet;Stig Ekman, Bispebjerg;3
Dragør;1. Dragør Skole;A;Socialdemokratiet;Alice Rudkjær, Rudersdal;1
Dragør;1. Dragør Skole;A;Socialdemokratiet;Mille Koch Rømer, Østerbro;1
Dragør;1. Dragør Skole;A;Socialdemokratiet;Dickte Noël Toft, Hørsholm;1
Dragør;1. Dragør Skole;A;Socialdemokratiet;Felex Pedersen, Odsherred;1
Dragør;1. Dragør Skole;A;Socialdemokratiet;Gitte Simoni, Roskilde;0
Dragør;1. Dragør Skole;B;Radikale Venstre;Listestemmer;138
Dragør;1. Dragør Skole;B;Radikale Venstre;Thomas Rohden, København;10
Dragør;1. Dragør Skole;B;Radikale Venstre;Anne Møller Ronex, Holbæk;5
Dragør;1. Dragør Skole;B;Radikale Venstre;Stinus Lindgreen, Lyngby-Taarbæk;12
Dragør;1. Dragør Skole;B;Radikale Venstre;Jeppe Fransson, Roskilde;0
Dragør;1. Dragør Skole;B;Radikale Venstre;Sofie Holm, København;6
Dragør;1. Dragør Skole;B;Radikale Venstre;Christina Thorholm, Hillerød;5
Dragør;1. Dragør Skole;B;Radikale Venstre;Nadeem Farooq, Høje-Taastrup;1
Dragør;1. Dragør Skole;B;Radikale Venstre;Tine Hessner, Furesø;0
Dragør;1. Dragør Skole;B;Radikale Venstre;Kristian Kirk Mailand, Bornholm;2
Dragør;1. Dragør Skole;B;Radikale Venstre;Freja Wirlander, Hvidovre;0
Dragør;1. Dragør Skole;B;Radikale Venstre;Ruben Kidde, Frederiksberg;2
Dragør;1. Dragør Skole;B;Radikale Venstre;Vibeke Grønbæk, Vordingborg;1
Dragør;1. Dragør Skole;B;Radikale Venstre;Line Krogh Lay, Stevns;4
Dragør;1. Dragør Skole;B;Radikale Venstre;Brian Køster, Hvidovre;0
Dragør;1. Dragør Skole;B;Radikale Venstre;Thomas Baark, Guldborgsund;1
Dragør;1. Dragør Skole;B;Radikale Venstre;Lars Hoppe Søe, Næstved;0
Dragør;1. Dragør Skole;B;Radikale Venstre;Jacob Netteberg, Birkerød;1
Dragør;1. Dragør Skole;B;Radikale Venstre;Maria Katarina Nielsen, Frederikssund;1
Dragør;1. Dragør Skole;B;Radikale Venstre;Søren Burcharth, København;0
Dragør;1. Dragør Skole;B;Radikale Venstre;Julie Herdal Molbech, København;3
Dragør;1. Dragør Skole;B;Radikale Venstre;Anders Medum Groth, Furesø;0
Dragør;1. Dragør Skole;B;Radikale Venstre;Søs Haugaard, København;1
Dragør;1. Dragør Skole;B;Radikale Venstre;Kim Pagels, Solrød;0
Dragør;1. Dragør Skole;B;Radikale Venstre;Jørgen Suhr, Hillerød;0
Dragør;1. Dragør Skole;B;Radikale Venstre;Martin Schepelern, København;1
Dragør;1. Dragør Skole;B;Radikale Venstre;Christian Fink Elkjær, Rudersdal;0
Dragør;1. Dragør Skole;B;Radikale Venstre;Peter L. Sørensen, Gribskov;0
Dragør;1. Dragør Skole;B;Radikale Venstre;Gitte Kjær-Westermann, Lyngby-Taarbæk;0
Dragør;1. Dragør Skole;B;Radikale Venstre;Kim Mandix, København;0
Dragør;1. Dragør Skole;B;Radikale Venstre;Rikke Mortensen, Egedal;0
Dragør;1. Dragør Skole;B;Radikale Venstre;Trine Dybkjær, Gentofte;1
Dragør;1. Dragør Skole;B;Radikale Venstre;Marianne Bredgaard Karlsson, Fredensborg;0
Dragør;1. Dragør Skole;B;Radikale Venstre;Christina Falkberg, Gladsaxe;2
Dragør;1. Dragør Skole;B;Radikale Venstre;Kashif Ahmad, København;1
Dragør;1. Dragør Skole;B;Radikale Venstre;Irfan Gilani, Brøndby;0
Dragør;1. Dragør Skole;B;Radikale Venstre;Edris Qasimi, Sorø;0
Dragør;1. Dragør Skole;B;Radikale Venstre;Lartey Lawson, København;0
Dragør;1. Dragør Skole;B;Radikale Venstre;Oruc Polat, Albertslund;0
Dragør;1. Dragør Skole;B;Radikale Venstre;Merete Them Kjølholm, Allerød;0
Dragør;1. Dragør Skole;B;Radikale Venstre;Jesper Luthman, Espergærde;1
Dragør;1. Dragør Skole;B;Radikale Venstre;Bjørn Bjerrehøj, Tårnby;9
Dragør;1. Dragør Skole;B;Radikale Venstre;Claus Rehfeld, København;0
Dragør;1. Dragør Skole;B;Radikale Venstre;Charlotte Saabye Sørensen, København N;4
Dragør;1. Dragør Skole;B;Radikale Venstre;Lars Green Bach, Ballerup;0
Dragør;1. Dragør Skole;B;Radikale Venstre;Claus Wachmann, Gladsaxe;0
Dragør;1. Dragør Skole;B;Radikale Venstre;Alina Protsyk, København;0
Dragør;1. Dragør Skole;B;Radikale Venstre;Marianne Fritzen, Odsherred;0
Dragør;1. Dragør Skole;B;Radikale Venstre;Emilie U. Andersen-Ranberg, Hørsholm;6
Dragør;1. Dragør Skole;B;Radikale Venstre;Magnus Dræby, Halsnæs;0
Dragør;1. Dragør Skole;B;Radikale Venstre;Knud Mogensen, Helsingør;2
Dragør;1. Dragør Skole;B;Radikale Venstre;Emilie Borch Sloth, Glostrup;0
Dragør;1. Dragør Skole;C;Det Konservative Folkeparti;Listestemmer;349
Dragør;1. Dragør Skole;C;Det Konservative Folkeparti;Christoffer Buster Reinhardt, Rudersdal;49
Dragør;1. Dragør Skole;C;Det Konservative Folkeparti;Line Ervolder, København;14
Dragør;1. Dragør Skole;C;Det Konservative Folkeparti;Christian Wedell-Neergaard, Køge;3
Dragør;1. Dragør Skole;C;Det Konservative Folkeparti;Jesper Marcus, Gentofte;1
Dragør;1. Dragør Skole;C;Det Konservative Folkeparti;Christian Vigilius, Gentofte;2
Dragør;1. Dragør Skole;C;Det Konservative Folkeparti;Tina-Mia Eriksen, Ringsted;2
Dragør;1. Dragør Skole;C;Det Konservative Folkeparti;Turan Akbulut, Høje-Taastrup;0
Dragør;1. Dragør Skole;C;Det Konservative Folkeparti;Jacob Rosenberg, Frederiksberg;5
Dragør;1. Dragør Skole;C;Det Konservative Folkeparti;Stine Østlund, Hillerød;1
Dragør;1. Dragør Skole;C;Det Konservative Folkeparti;Mogens Anneberg, Bornholm;4
Dragør;1. Dragør Skole;C;Det Konservative Folkeparti;Helge Adam Møller, Næstved;8
Dragør;1. Dragør Skole;C;Det Konservative Folkeparti;Kenneth Gøtterup, Amager;680
Dragør;1. Dragør Skole;C;Det Konservative Folkeparti;Dorte Vilhelmsen, Herlev;0
Dragør;1. Dragør Skole;C;Det Konservative Folkeparti;Jørgen Johansen, Allerød;5
Dragør;1. Dragør Skole;C;Det Konservative Folkeparti;Mogens Hallager, Roskilde;0
Dragør;1. Dragør Skole;C;Det Konservative Folkeparti;Søren Friis Trebbien, Hvidovre;1
Dragør;1. Dragør Skole;C;Det Konservative Folkeparti;Maj Allin Thorup, Hørsholm;4
Dragør;1. Dragør Skole;C;Det Konservative Folkeparti;Patrick Lehto, Tårnby;4
Dragør;1. Dragør Skole;C;Det Konservative Folkeparti;John Tefke, Lyngby;0
Dragør;1. Dragør Skole;C;Det Konservative Folkeparti;Lars Carstensen, Furesø;0
Dragør;1. Dragør Skole;C;Det Konservative Folkeparti;Rico Djernis, København;1
Dragør;1. Dragør Skole;C;Det Konservative Folkeparti;Trine Egetved, Gribskov;1
Dragør;1. Dragør Skole;C;Det Konservative Folkeparti;Rebecca Plomin, Gladsaxe;0
Dragør;1. Dragør Skole;C;Det Konservative Folkeparti;Mette Aagaard, Lolland;1
Dragør;1. Dragør Skole;C;Det Konservative Folkeparti;Michael Mathiesen, Helsingør;2
Dragør;1. Dragør Skole;C;Det Konservative Folkeparti;Vilhelm Møller, Faxe;1
Dragør;1. Dragør Skole;C;Det Konservative Folkeparti;Birgitte Neergaard-Kofod, Egedal;0
Dragør;1. Dragør Skole;C;Det Konservative Folkeparti;Thomas Christophersen, Holbæk;2
Dragør;1. Dragør Skole;C;Det Konservative Folkeparti;Celine Lind Jakobsen, Fredensborg;1
Dragør;1. Dragør Skole;C;Det Konservative Folkeparti;Claus Neergaard, Næstved;0
Dragør;1. Dragør Skole;C;Det Konservative Folkeparti;Jan H. Klit, København;0
Dragør;1. Dragør Skole;C;Det Konservative Folkeparti;Therese Hejnfelt, Frederikssund;0
Dragør;1. Dragør Skole;C;Det Konservative Folkeparti;Carsten Petersen, Sorø;0
Dragør;1. Dragør Skole;C;Det Konservative Folkeparti;Camilla Sabroe Parbst, Roskilde;0
Dragør;1. Dragør Skole;C;Det Konservative Folkeparti;Frederik Germann, Halsnæs;0
Dragør;1. Dragør Skole;C;Det Konservative Folkeparti;Jesper Adler, Vordingborg;0
Dragør;1. Dragør Skole;C;Det Konservative Folkeparti;Thomas von Jessen, Fredensborg;0
Dragør;1. Dragør Skole;C;Det Konservative Folkeparti;Ali Ünsal, Køge;0
Dragør;1. Dragør Skole;C;Det Konservative Folkeparti;Henrik Jacobsen, Lolland;1
Dragør;1. Dragør Skole;C;Det Konservative Folkeparti;Jesper Tvilde, Fredensborg;2
Dragør;1. Dragør Skole;C;Det Konservative Folkeparti;Egon Bo, Slagelse;0
Dragør;1. Dragør Skole;C;Det Konservative Folkeparti;Kim Drejer Nielsen, Rødovre;0
Dragør;1. Dragør Skole;C;Det Konservative Folkeparti;Peter Horsted Hansen, Odsherred;0
Dragør;1. Dragør Skole;C;Det Konservative Folkeparti;Jane Christensen, Kalundborg;1
Dragør;1. Dragør Skole;C;Det Konservative Folkeparti;Jess Eiberg Hansen, Greve;0
Dragør;1. Dragør Skole;C;Det Konservative Folkeparti;Jan Færch, Solrød;1
Dragør;1. Dragør Skole;C;Det Konservative Folkeparti;Simon Krabbe, Ballerup;1
Dragør;1. Dragør Skole;C;Det Konservative Folkeparti;Ida Busk, København;1
Dragør;1. Dragør Skole;C;Det Konservative Folkeparti;Victoria Helene Olsen, Roskilde;0
Dragør;1. Dragør Skole;C;Det Konservative Folkeparti;Mathias Schwartz Kirkegaard, Greve;0
Dragør;1. Dragør Skole;C;Det Konservative Folkeparti;Egil Hulgaard, Furesø;2
Dragør;1. Dragør Skole;F;SF - Socialistisk Folkeparti;Listestemmer;157
Dragør;1. Dragør Skole;F;SF - Socialistisk Folkeparti;Peter Westermann, København;21
Dragør;1. Dragør Skole;F;SF - Socialistisk Folkeparti;Hanne Svenningsen, Lejre;7
Dragør;1. Dragør Skole;F;SF - Socialistisk Folkeparti;Sadek Al-Amood, Valby;1
Dragør;1. Dragør Skole;F;SF - Socialistisk Folkeparti;Emilie Esmann, Amager;48
Dragør;1. Dragør Skole;F;SF - Socialistisk Folkeparti;Julie Hoff Sørensen, Stevns;0
Dragør;1. Dragør Skole;F;SF - Socialistisk Folkeparti;Anja Rosengreen, Halsnæs;2
Dragør;1. Dragør Skole;F;SF - Socialistisk Folkeparti;Phillip Bergenhammer Østergaard, Tårnby;7
Dragør;1. Dragør Skole;F;SF - Socialistisk Folkeparti;Joan Kragh, Guldborgsund;5
Dragør;1. Dragør Skole;F;SF - Socialistisk Folkeparti;Thomas Garfort, Rønne;2
Dragør;1. Dragør Skole;F;SF - Socialistisk Folkeparti;Trine Schaltz, København;1
Dragør;1. Dragør Skole;F;SF - Socialistisk Folkeparti;Kirsten Balle, Herlev;2
Dragør;1. Dragør Skole;F;SF - Socialistisk Folkeparti;Maja Roesen, Køge;0
Dragør;1. Dragør Skole;F;SF - Socialistisk Folkeparti;Frank Hedegaard, København;2
Dragør;1. Dragør Skole;F;SF - Socialistisk Folkeparti;Bente Borg Donkin, Helsingør;0
Dragør;1. Dragør Skole;F;SF - Socialistisk Folkeparti;Kim Elmose, Roskilde;0
Dragør;1. Dragør Skole;F;SF - Socialistisk Folkeparti;Poul Reher Jensen, Gladsaxe;0
Dragør;1. Dragør Skole;F;SF - Socialistisk Folkeparti;Eva Larsen, Greve;0
Dragør;1. Dragør Skole;F;SF - Socialistisk Folkeparti;Christina Dilling-Munk, Ringsted;1
Dragør;1. Dragør Skole;F;SF - Socialistisk Folkeparti;Olaf Johansen, Slagelse;0
Dragør;1. Dragør Skole;F;SF - Socialistisk Folkeparti;Ken Patrick Petersson, Taastrup;1
Dragør;1. Dragør Skole;F;SF - Socialistisk Folkeparti;Vagn Kjær-Hansen, Brøndby;0
Dragør;1. Dragør Skole;F;SF - Socialistisk Folkeparti;Jonas Niemann, Gentofte;0
Dragør;1. Dragør Skole;F;SF - Socialistisk Folkeparti;Marie-Louise Jørgensen, Hvidovre;1
Dragør;1. Dragør Skole;F;SF - Socialistisk Folkeparti;Jette Leth Buhl, Næstved;0
Dragør;1. Dragør Skole;F;SF - Socialistisk Folkeparti;Jan Kjældgaard, Farum;0
Dragør;1. Dragør Skole;F;SF - Socialistisk Folkeparti;Lars Christiansen, Maribo;0
Dragør;1. Dragør Skole;F;SF - Socialistisk Folkeparti;Torben Kjeldsen, Rørvig;0
Dragør;1. Dragør Skole;I;Liberal Alliance;Listestemmer;162
Dragør;1. Dragør Skole;I;Liberal Alliance;Dorthe Mikkelsen, Vallensbæk;13
Dragør;1. Dragør Skole;I;Liberal Alliance;Nicolai Wang, København;9
Dragør;1. Dragør Skole;I;Liberal Alliance;Villum Christensen, Slagelse;0
Dragør;1. Dragør Skole;I;Liberal Alliance;Johannes Grand, Ballerup;2
Dragør;1. Dragør Skole;I;Liberal Alliance;Klaus Kristiansen, Lejre;1
Dragør;1. Dragør Skole;I;Liberal Alliance;Lasse Holt, Lyngby-Taarbæk;2
Dragør;1. Dragør Skole;I;Liberal Alliance;Eik Dahl Bidstrup, Dragør;39
Dragør;1. Dragør Skole;I;Liberal Alliance;Robert Mørck, Furesø;0
Dragør;1. Dragør Skole;I;Liberal Alliance;Peter Dits Christensen, Solrød;0
Dragør;1. Dragør Skole;I;Liberal Alliance;Lars Winther, Egedal;1
Dragør;1. Dragør Skole;I;Liberal Alliance;Patrizia Venturelli Christensen, Gentofte;0
Dragør;1. Dragør Skole;I;Liberal Alliance;Sten Schmidl Søbjærg, Gribskov;0
Dragør;1. Dragør Skole;I;Liberal Alliance;Frederik Tuxen Bjerrum, Frederiksberg;3
Dragør;1. Dragør Skole;I;Liberal Alliance;Flemming Sørensen, Holbæk;1
Dragør;1. Dragør Skole;I;Liberal Alliance;Michael Rask, Greve;0
Dragør;1. Dragør Skole;I;Liberal Alliance;Steen Tofteng, Gribskov;1
Dragør;1. Dragør Skole;I;Liberal Alliance;Gert L. Heglund, Gentofte;0
Dragør;1. Dragør Skole;I;Liberal Alliance;Søren Kragh, Sorø;1
Dragør;1. Dragør Skole;J;Demokraterne - hele Danmark skal leve;Listestemmer;0
Dragør;1. Dragør Skole;J;Demokraterne - hele Danmark skal leve;Lave Knud Broch;0
Dragør;1. Dragør Skole;J;Demokraterne - hele Danmark skal leve;Lasse Larsen;0
Dragør;1. Dragør Skole;J;Demokraterne - hele Danmark skal leve;Elisabeth Bergsøe;1
Dragør;1. Dragør Skole;J;Demokraterne - hele Danmark skal leve;Michaell Ravn;0
Dragør;1. Dragør Skole;J;Demokraterne - hele Danmark skal leve;Jesper Morville;0
Dragør;1. Dragør Skole;K;Kristendemokraterne;Listestemmer;1
Dragør;1. Dragør Skole;K;Kristendemokraterne;Jesper Housgaard;1
Dragør;1. Dragør Skole;K;Kristendemokraterne;Axel Ljungquist;1
Dragør;1. Dragør Skole;K;Kristendemokraterne;Bjarne Hartung Kirkegaard;0
Dragør;1. Dragør Skole;K;Kristendemokraterne;Eva Guldfred;1
Dragør;1. Dragør Skole;K;Kristendemokraterne;Cæcilia Nilsson;4
Dragør;1. Dragør Skole;K;Kristendemokraterne;Britta Kristensen;0
Dragør;1. Dragør Skole;K;Kristendemokraterne;Finn Andersen;0
Dragør;1. Dragør Skole;K;Kristendemokraterne;Johnnie Gregersen;0
Dragør;1. Dragør Skole;K;Kristendemokraterne;Kurt Pedersen;0
Dragør;1. Dragør Skole;K;Kristendemokraterne;Mogens Riis Pedersen;0
Dragør;1. Dragør Skole;K;Kristendemokraterne;Niels Chresten Andersen;0
Dragør;1. Dragør Skole;L;Bylisten;Listestemmer;0
Dragør;1. Dragør Skole;L;Bylisten;Nicolai Otto Mønsted Hermansen;0
Dragør;1. Dragør Skole;L;Bylisten;Lars Thomsen;0
Dragør;1. Dragør Skole;L;Bylisten;Mette Strange Hagen;0
Dragør;1. Dragør Skole;L;Bylisten;Sabine Lind;0
Dragør;1. Dragør Skole;L;Bylisten;Ditte Sieling Emanuel;0
Dragør;1. Dragør Skole;L;Bylisten;Lise-Lotte Dahlgaard Mortensen;0
Dragør;1. Dragør Skole;L;Bylisten;Don Winther;0
Dragør;1. Dragør Skole;L;Bylisten;Abaz Sabani;0
Dragør;1. Dragør Skole;L;Bylisten;Carsten Bardy Aaen;0
Dragør;1. Dragør Skole;L;Bylisten;Imad Daher;0
Dragør;1. Dragør Skole;M;Moderaterne;Listestemmer;52
Dragør;1. Dragør Skole;M;Moderaterne;Rasmus Lund-Nielsen, Gladsaxe;11
Dragør;1. Dragør Skole;M;Moderaterne;Charlotte Bagge, Stege;0
Dragør;1. Dragør Skole;M;Moderaterne;Lars Lindskov, Roskilde;0
Dragør;1. Dragør Skole;M;Moderaterne;Lisbeth Dam Larsen, Dragør;47
Dragør;1. Dragør Skole;M;Moderaterne;Bergur Løkke Rasmussen, Helsingør;1
Dragør;1. Dragør Skole;M;Moderaterne;Deniz Kücükavci, Herlev;0
Dragør;1. Dragør Skole;M;Moderaterne;Dorthe Beck-Nyling, København;1
Dragør;1. Dragør Skole;M;Moderaterne;Søren Hyldgaard, Rudersdal;0
Dragør;1. Dragør Skole;M;Moderaterne;Kurt Pii, Frederiksberg;0
Dragør;1. Dragør Skole;M;Moderaterne;Jeanette Vedelstjerne, Lyngby-Taarbæk;1
Dragør;1. Dragør Skole;M;Moderaterne;Rasmus Meggele Stein, Stevns;0
Dragør;1. Dragør Skole;M;Moderaterne;Mia Linda Møller, Næstved;1
Dragør;1. Dragør Skole;M;Moderaterne;Josée Linnemann, Fredensborg;1
Dragør;1. Dragør Skole;M;Moderaterne;Zishan Ali, Ballerup;0
Dragør;1. Dragør Skole;M;Moderaterne;Mads Søe Daugaard, Kalundborg;2
Dragør;1. Dragør Skole;M;Moderaterne;Jan Carlsen, Roskilde;1
Dragør;1. Dragør Skole;M;Moderaterne;René Arnt, Taastrup;0
Dragør;1. Dragør Skole;M;Moderaterne;Emin Bülent Kaya, Køge;0
Dragør;1. Dragør Skole;M;Moderaterne;Andreas Raben, København;0
Dragør;1. Dragør Skole;M;Moderaterne;Rasmus Abrahamsen, Greve;0
Dragør;1. Dragør Skole;M;Moderaterne;Erik Moesby Nordstrøm, Furesø;0
Dragør;1. Dragør Skole;M;Moderaterne;Klavs A. Holm, Hellerup;0
Dragør;1. Dragør Skole;N;Nyt Sjælland;Listestemmer;0
Dragør;1. Dragør Skole;N;Nyt Sjælland;Malene Holm, København;2
Dragør;1. Dragør Skole;N;Nyt Sjælland;Liselott Blixt, Greve;1
Dragør;1. Dragør Skole;N;Nyt Sjælland;Annelise Madsen, Ishøj;0
Dragør;1. Dragør Skole;N;Nyt Sjælland;Katrine Ehlern, København;0
Dragør;1. Dragør Skole;N;Nyt Sjælland;Bachir Belmajdoub, København;0
Dragør;1. Dragør Skole;N;Nyt Sjælland;Eva Fotland, København;0
Dragør;1. Dragør Skole;N;Nyt Sjælland;Benny Hansen, Ishøj;0
Dragør;1. Dragør Skole;N;Nyt Sjælland;Knud Rasmussen, Solrød;0
Dragør;1. Dragør Skole;O;Dansk Folkeparti;Listestemmer;61
Dragør;1. Dragør Skole;O;Dansk Folkeparti;Pia Kjærsgaard;167
Dragør;1. Dragør Skole;O;Dansk Folkeparti;Jan Herskov;2
Dragør;1. Dragør Skole;O;Dansk Folkeparti;Julie Jacobsen;0
Dragør;1. Dragør Skole;O;Dansk Folkeparti;John Vind;0
Dragør;1. Dragør Skole;O;Dansk Folkeparti;Søren Lund Hansen;1
Dragør;1. Dragør Skole;O;Dansk Folkeparti;Nickolai Hamann;1
Dragør;1. Dragør Skole;O;Dansk Folkeparti;Nana Harring;0
Dragør;1. Dragør Skole;O;Dansk Folkeparti;René Danielsson;0
Dragør;1. Dragør Skole;O;Dansk Folkeparti;Jette Juul;1
Dragør;1. Dragør Skole;O;Dansk Folkeparti;Gert Løfgren;2
Dragør;1. Dragør Skole;O;Dansk Folkeparti;Jan Erik Messmann;1
Dragør;1. Dragør Skole;O;Dansk Folkeparti;Githa Nelander;0
Dragør;1. Dragør Skole;O;Dansk Folkeparti;Martin Rosbjørn;0
Dragør;1. Dragør Skole;O;Dansk Folkeparti;Anette Skafte;0
Dragør;1. Dragør Skole;O;Dansk Folkeparti;Kristian Tørning;0
Dragør;1. Dragør Skole;O;Dansk Folkeparti;David Gerschwald;0
Dragør;1. Dragør Skole;O;Dansk Folkeparti;Søsser Grønnegård;1
Dragør;1. Dragør Skole;O;Dansk Folkeparti;Allan Øster Steensen;0
Dragør;1. Dragør Skole;O;Dansk Folkeparti;Auli Romanow;0
Dragør;1. Dragør Skole;O;Dansk Folkeparti;Allan Blak;0
Dragør;1. Dragør Skole;O;Dansk Folkeparti;Mikkel Hartwich;1
Dragør;1. Dragør Skole;O;Dansk Folkeparti;Steen Løfstrøm;0
Dragør;1. Dragør Skole;P;DKP - Kommunisterne;Listestemmer;2
Dragør;1. Dragør Skole;P;DKP - Kommunisterne;Rikke Galina Frydensbjerg Carlsson;1
Dragør;1. Dragør Skole;P;DKP - Kommunisterne;Kim W. Bilfeldt;0
Dragør;1. Dragør Skole;P;DKP - Kommunisterne;Lars Emanuel;0
Dragør;1. Dragør Skole;P;DKP - Kommunisterne;Hans Nielsen;0
Dragør;1. Dragør Skole;P;DKP - Kommunisterne;Sine Bilfeldt;0
Dragør;1. Dragør Skole;P;DKP - Kommunisterne;B. Tscherning;0
Dragør;1. Dragør Skole;R;Kommunistisk Parti;Listestemmer;5
Dragør;1. Dragør Skole;R;Kommunistisk Parti;Claus Carlsen, Roskilde;0
Dragør;1. Dragør Skole;R;Kommunistisk Parti;Klara Poder, Rødovre;0
Dragør;1. Dragør Skole;R;Kommunistisk Parti;Ravin Gomei, Roskilde;0
Dragør;1. Dragør Skole;R;Kommunistisk Parti;Niklas Svenningsen, Nivå;0
Dragør;1. Dragør Skole;R;Kommunistisk Parti;Rosa Mørch Jørgensen, København S;1
Dragør;1. Dragør Skole;R;Kommunistisk Parti;Rune Jørgensen, København Ø;0
Dragør;1. Dragør Skole;R;Kommunistisk Parti;Kim Lykkegaard, København N;0
Dragør;1. Dragør Skole;R;Kommunistisk Parti;Magnus Mørk, Hårlev;0
Dragør;1. Dragør Skole;T;Sydhavslisten;Listestemmer;2
Dragør;1. Dragør Skole;T;Sydhavslisten;Karen Esmark Hansen;3
Dragør;1. Dragør Skole;T;Sydhavslisten;Kasper Ibsen;0
Dragør;1. Dragør Skole;U;Alliancen for Børnene, Ungdommen og Fremtiden;Listestemmer;3
Dragør;1. Dragør Skole;U;Alliancen for Børnene, Ungdommen og Fremtiden;Flemming Blicher;0
Dragør;1. Dragør Skole;U;Alliancen for Børnene, Ungdommen og Fremtiden;Henrik Vendelbo Petersen;0
Dragør;1. Dragør Skole;U;Alliancen for Børnene, Ungdommen og Fremtiden;Markus Hvass;0
Dragør;1. Dragør Skole;V;Venstre, Danmarks Liberale Parti;Listestemmer;121
Dragør;1. Dragør Skole;V;Venstre, Danmarks Liberale Parti;Camilla Hove Lund, Holbæk;12
Dragør;1. Dragør Skole;V;Venstre, Danmarks Liberale Parti;Randi Mondorf, Rudersdal;4
Dragør;1. Dragør Skole;V;Venstre, Danmarks Liberale Parti;Iben Krog, København;10
Dragør;1. Dragør Skole;V;Venstre, Danmarks Liberale Parti;Christine Dal Thrane, Lyngby-Taarbæk;8
Dragør;1. Dragør Skole;V;Venstre, Danmarks Liberale Parti;Anders Koefoed, Slagelse;0
Dragør;1. Dragør Skole;V;Venstre, Danmarks Liberale Parti;Bent Jørgensen, Roskilde;1
Dragør;1. Dragør Skole;V;Venstre, Danmarks Liberale Parti;Josefine Paaske, Køge;1
Dragør;1. Dragør Skole;V;Venstre, Danmarks Liberale Parti;Flemming Damgaard Larsen, Lejre;0
Dragør;1. Dragør Skole;V;Venstre, Danmarks Liberale Parti;Claus Ljungberg Jørgensen, København;1
Dragør;1. Dragør Skole;V;Venstre, Danmarks Liberale Parti;Bjarne Kongsted, Holbæk;0
Dragør;1. Dragør Skole;V;Venstre, Danmarks Liberale Parti;Søren Vang Fischer, Kalundborg;0
Dragør;1. Dragør Skole;V;Venstre, Danmarks Liberale Parti;Rikke Engelbrecht Andersen, Næstved;0
Dragør;1. Dragør Skole;V;Venstre, Danmarks Liberale Parti;Mark Bjerre Ebbesen, Køge;0
Dragør;1. Dragør Skole;V;Venstre, Danmarks Liberale Parti;Lone Mortensen, Greve;0
Dragør;1. Dragør Skole;V;Venstre, Danmarks Liberale Parti;Claus Bakke, Vordingborg;0
Dragør;1. Dragør Skole;V;Venstre, Danmarks Liberale Parti;John Schmidt Andersen, Frederikssund;0
Dragør;1. Dragør Skole;V;Venstre, Danmarks Liberale Parti;Mads Justsen, Gentofte;0
Dragør;1. Dragør Skole;V;Venstre, Danmarks Liberale Parti;Morten Bille, Ullerød;0
Dragør;1. Dragør Skole;V;Venstre, Danmarks Liberale Parti;Per Roswall, Gribskov;0
Dragør;1. Dragør Skole;V;Venstre, Danmarks Liberale Parti;Dorthe Adelsbech, Faxe;1
Dragør;1. Dragør Skole;V;Venstre, Danmarks Liberale Parti;Thomas Skov Rasmussen, Egedal;0
Dragør;1. Dragør Skole;V;Venstre, Danmarks Liberale Parti;Dorte Holm Hansen, Odsherred;1
Dragør;1. Dragør Skole;V;Venstre, Danmarks Liberale Parti;Gunnar Sumberg, Gladsaxe;0
Dragør;1. Dragør Skole;V;Venstre, Danmarks Liberale Parti;Karin Nødgaard, Ringsted;2
Dragør;1. Dragør Skole;V;Venstre, Danmarks Liberale Parti;Jesper Hammer, Fredensborg;0
Dragør;1. Dragør Skole;V;Venstre, Danmarks Liberale Parti;Kristina Kongsted, Helsingør;0
Dragør;1. Dragør Skole;V;Venstre, Danmarks Liberale Parti;Paul Thomsen, Farum;1
Dragør;1. Dragør Skole;V;Venstre, Danmarks Liberale Parti;Lisbeth Skov, Allerød;0
Dragør;1. Dragør Skole;V;Venstre, Danmarks Liberale Parti;Christian Wikström, Hørsholm;0
Dragør;1. Dragør Skole;V;Venstre, Danmarks Liberale Parti;Kåre Spliid, Sorø;1
Dragør;1. Dragør Skole;V;Venstre, Danmarks Liberale Parti;Niels Hörup, Solrød Strand;0
Dragør;1. Dragør Skole;V;Venstre, Danmarks Liberale Parti;Lisbeth Kjærholt, Høje-Taastrup;2
Dragør;1. Dragør Skole;V;Venstre, Danmarks Liberale Parti;Nina Skaarup, Måløv;0
Dragør;1. Dragør Skole;V;Venstre, Danmarks Liberale Parti;Gert Jensen, Glostrup;0
Dragør;1. Dragør Skole;V;Venstre, Danmarks Liberale Parti;Martin Grønkjær, Brøndby;0
Dragør;1. Dragør Skole;V;Venstre, Danmarks Liberale Parti;Helle Barth, Dragør;84
Dragør;1. Dragør Skole;V;Venstre, Danmarks Liberale Parti;Gert Biilmann, Herlev;0
Dragør;1. Dragør Skole;V;Venstre, Danmarks Liberale Parti;Claus Rasmussen, Albertslund;2
Dragør;1. Dragør Skole;V;Venstre, Danmarks Liberale Parti;Pia Skourup, Ishøj;0
Dragør;1. Dragør Skole;V;Venstre, Danmarks Liberale Parti;Torben Skytte Raahede, København;2
Dragør;1. Dragør Skole;V;Venstre, Danmarks Liberale Parti;Jens-Kristian Lütken, København;1
Dragør;1. Dragør Skole;V;Venstre, Danmarks Liberale Parti;Louise Theilade Thomsen, København;0
Dragør;1. Dragør Skole;V;Venstre, Danmarks Liberale Parti;Cille Egholm, København;2
Dragør;1. Dragør Skole;V;Venstre, Danmarks Liberale Parti;Claus Buch, København NV;0
Dragør;1. Dragør Skole;Æ;Danmarksdemokraterne - Inger Støjberg;Listestemmer;31
Dragør;1. Dragør Skole;Æ;Danmarksdemokraterne - Inger Støjberg;Brian Mørch, Solrød;0
Dragør;1. Dragør Skole;Æ;Danmarksdemokraterne - Inger Støjberg;Bente Abrahamsen, Faxe;0
Dragør;1. Dragør Skole;Æ;Danmarksdemokraterne - Inger Støjberg;Astrid Barslund, Lejre;0
Dragør;1. Dragør Skole;Æ;Danmarksdemokraterne - Inger Støjberg;Benny Bindslev, Tårnby;4
Dragør;1. Dragør Skole;Æ;Danmarksdemokraterne - Inger Støjberg;Jeanne Blum, Ringsted;0
Dragør;1. Dragør Skole;Æ;Danmarksdemokraterne - Inger Støjberg;Kasper Cederholm, København;1
Dragør;1. Dragør Skole;Æ;Danmarksdemokraterne - Inger Støjberg;Benny Damgaard, Lolland;0
Dragør;1. Dragør Skole;Æ;Danmarksdemokraterne - Inger Støjberg;Susanne Damsgaard, Gladsaxe;0
Dragør;1. Dragør Skole;Æ;Danmarksdemokraterne - Inger Støjberg;Glenn Hansen, Vordingborg;0
Dragør;1. Dragør Skole;Æ;Danmarksdemokraterne - Inger Støjberg;Marie Hansen, Kalundborg;0
Dragør;1. Dragør Skole;Æ;Danmarksdemokraterne - Inger Støjberg;Arne S. Hansen, Tårnby;2
Dragør;1. Dragør Skole;Æ;Danmarksdemokraterne - Inger Støjberg;Michael Hendriksen, Bornholm;0
Dragør;1. Dragør Skole;Æ;Danmarksdemokraterne - Inger Støjberg;Helle Jørgensen, Glostrup;0
Dragør;1. Dragør Skole;Æ;Danmarksdemokraterne - Inger Støjberg;Klaus Kjelstrup, Køge;0
Dragør;1. Dragør Skole;Æ;Danmarksdemokraterne - Inger Støjberg;Palle Kristiansen, Slagelse;0
Dragør;1. Dragør Skole;Æ;Danmarksdemokraterne - Inger Støjberg;Kim B. Nielsen, Roskilde;0
Dragør;1. Dragør Skole;Æ;Danmarksdemokraterne - Inger Støjberg;Maibritt Nielsen, Frederikssund;1
Dragør;1. Dragør Skole;Æ;Danmarksdemokraterne - Inger Støjberg;Bob Richard Nielsen, Guldborgsund;0
Dragør;1. Dragør Skole;Æ;Danmarksdemokraterne - Inger Støjberg;Jonas Nørgaard, Odsherred;0
Dragør;1. Dragør Skole;Æ;Danmarksdemokraterne - Inger Støjberg;Arne Olsen, Sorø;0
Dragør;1. Dragør Skole;Æ;Danmarksdemokraterne - Inger Støjberg;Dina Person, Slagelse;0
Dragør;1. Dragør Skole;Æ;Danmarksdemokraterne - Inger Støjberg;Ken Riberholt-Rischel, Gribskov;1
Dragør;1. Dragør Skole;Æ;Danmarksdemokraterne - Inger Støjberg;Michael Rosenmark, Ringsted;0
Dragør;1. Dragør Skole;Æ;Danmarksdemokraterne - Inger Støjberg;Katrine Schiller, Halsnæs;0
Dragør;1. Dragør Skole;Æ;Danmarksdemokraterne - Inger Støjberg;Therese Skaarup, Gentofte;0
Dragør;1. Dragør Skole;Æ;Danmarksdemokraterne - Inger Støjberg;Anna Spindler, Holbæk;0
Dragør;1. Dragør Skole;Æ;Danmarksdemokraterne - Inger Støjberg;Gitte Svendsdatter, Odsherred;0
Dragør;1. Dragør Skole;Æ;Danmarksdemokraterne - Inger Støjberg;Jette Wied Weiss, Stevns;0
Dragør;1. Dragør Skole;Æ;Danmarksdemokraterne - Inger Støjberg;Edvard Aas, Furesø;0
Dragør;1. Dragør Skole;Ø;Enhedslisten - De Rød-Grønne;Listestemmer;81
Dragør;1. Dragør Skole;Ø;Enhedslisten - De Rød-Grønne;Tormod Olsen, København;8
Dragør;1. Dragør Skole;Ø;Enhedslisten - De Rød-Grønne;Gül Øzcan, Glostrup;1
Dragør;1. Dragør Skole;Ø;Enhedslisten - De Rød-Grønne;Bruno Jerup, Næstved;2
Dragør;1. Dragør Skole;Ø;Enhedslisten - De Rød-Grønne;Helena Hedegaard Udsen, København;9
Dragør;1. Dragør Skole;Ø;Enhedslisten - De Rød-Grønne;Sanne Friborg, Bornholm;1
Dragør;1. Dragør Skole;Ø;Enhedslisten - De Rød-Grønne;Carli Hækkerup, Ringsted;0
Dragør;1. Dragør Skole;Ø;Enhedslisten - De Rød-Grønne;Christian Wegener Jørgensen, København;1
Dragør;1. Dragør Skole;Ø;Enhedslisten - De Rød-Grønne;Birgit Jensen Hamming, Holbæk;0
Dragør;1. Dragør Skole;Ø;Enhedslisten - De Rød-Grønne;Luise Bak, Vallensbæk;0
Dragør;1. Dragør Skole;Ø;Enhedslisten - De Rød-Grønne;Martin Buhl, Frederiksberg;2
Dragør;1. Dragør Skole;Ø;Enhedslisten - De Rød-Grønne;Helene Vadsten, Sorø;3
Dragør;1. Dragør Skole;Ø;Enhedslisten - De Rød-Grønne;Torben Conrad, København N;0
Dragør;1. Dragør Skole;Ø;Enhedslisten - De Rød-Grønne;Peter la Cour, Hvidovre;1
Dragør;1. Dragør Skole;Ø;Enhedslisten - De Rød-Grønne;Gert Petersen, Roskilde;0
Dragør;1. Dragør Skole;Ø;Enhedslisten - De Rød-Grønne;Søren Rasmussen, Vangede;0
Dragør;1. Dragør Skole;Ø;Enhedslisten - De Rød-Grønne;Harald Viuff, København SV;1
Dragør;1. Dragør Skole;Ø;Enhedslisten - De Rød-Grønne;Susanne Pahlmann, Greve;0
Dragør;1. Dragør Skole;Ø;Enhedslisten - De Rød-Grønne;Janus Balleby Rønbach, Brøndby;0
Dragør;1. Dragør Skole;Ø;Enhedslisten - De Rød-Grønne;Dan Kiving, Sorø;0
Dragør;1. Dragør Skole;Ø;Enhedslisten - De Rød-Grønne;Michael Hemming Nielsen, Gribskov;0
Dragør;1. Dragør Skole;Ø;Enhedslisten - De Rød-Grønne;Annie Hagel, Gilleleje;0
Dragør;1. Dragør Skole;Ø;Enhedslisten - De Rød-Grønne;Palle Eghjort, Vordingborg;0
Dragør;1. Dragør Skole;Ø;Enhedslisten - De Rød-Grønne;Thue Christian Thann Nikolajsen, København NV;2
Dragør;1. Dragør Skole;Ø;Enhedslisten - De Rød-Grønne;Rasmus Petersen, Frederikssund;0
Dragør;1. Dragør Skole;Ø;Enhedslisten - De Rød-Grønne;Niels Erik Danielsen, Høng;0
Dragør;1. Dragør Skole;Ø;Enhedslisten - De Rød-Grønne;Marianne Dithmer, Herlev;0
Dragør;1. Dragør Skole;Ø;Enhedslisten - De Rød-Grønne;Kim Larsen, Kastrup;4
Dragør;1. Dragør Skole;Ø;Enhedslisten - De Rød-Grønne;Jeppe Lynge Ravn, Odsherred;0
Dragør;1. Dragør Skole;Ø;Enhedslisten - De Rød-Grønne;Mette Bang Larsen, Frederiksberg;0
Dragør;1. Dragør Skole;Ø;Enhedslisten - De Rød-Grønne;Arne Würgler, Gribskov;0
Dragør;1. Dragør Skole;Ø;Enhedslisten - De Rød-Grønne;Bente Lerche-Thomsen, Guldborgsund;2
Dragør;1. Dragør Skole;Ø;Enhedslisten - De Rød-Grønne;Johannes Jacobsen, Køge;0
Dragør;1. Dragør Skole;Ø;Enhedslisten - De Rød-Grønne;Åge Skovrind, Roskilde;0
Dragør;1. Dragør Skole;Ø;Enhedslisten - De Rød-Grønne;Morten Stig Pedersen, Holbæk;0
Dragør;1. Dragør Skole;Ø;Enhedslisten - De Rød-Grønne;Amanda Amadea Badu, Lejre;3
Dragør;1. Dragør Skole;Ø;Enhedslisten - De Rød-Grønne;Peter Roswall, Stevns;0
Dragør;1. Dragør Skole;Ø;Enhedslisten - De Rød-Grønne;Morten Hjort, Stege;0
Dragør;1. Dragør Skole;Ø;Enhedslisten - De Rød-Grønne;Jan Erik Abildskov Nielsen, Lolland;0
Dragør;1. Dragør Skole;Ø;Enhedslisten - De Rød-Grønne;Birgit Gedionsen, Solrød;0
Dragør;1. Dragør Skole;Ø;Enhedslisten - De Rød-Grønne;Jan Kjærgaard, Faxe;0
Dragør;1. Dragør Skole;Ø;Enhedslisten - De Rød-Grønne;Helle Nørregaard, Vordingborg;0
Dragør;1. Dragør Skole;Å;Alternativet;Listestemmer;13
Dragør;1. Dragør Skole;Å;Alternativet;Kim Hjerrild, Frederiksberg;0
Dragør;1. Dragør Skole;Å;Alternativet;Qasam Nazir Ahmad, Frederiksværk;0
Dragør;1. Dragør Skole;Å;Alternativet;Mette Friis, Nyrup;1
Dragør;1. Dragør Skole;Å;Alternativet;Simon Rigét, Gribskov;0
Dragør;1. Dragør Skole;Å;Alternativet;Yurdal Cicek, Næstved;0
Dragør;1. Dragør Skole;Å;Alternativet;Birgitte Kehler Holst, København;4
Dragør;1. Dragør Skole;Å;Alternativet;Michael Monberg, Køge;0
Dragør;1. Dragør Skole;Å;Alternativet;Liselotte Katarina Rotfeld, Næstved;0
Dragør;1. Dragør Skole;Å;Alternativet;Nanna Høyrup, Hundested;0
Dragør;1. Dragør Skole;Å;Alternativet;Martin Kjærulff, København NV;1
Dragør;1. Dragør Skole;Å;Alternativet;Mariann Hansen, Greve;0
Dragør;1. Dragør Skole;Å;Alternativet;Thomas Anker, København;1
Dragør;1. Dragør Skole;Å;Alternativet;Mette Bram, Frederiksberg;4
Dragør;1. Dragør Skole;Å;Alternativet;Nana L. Buttenschøn, Glostrup;0
Dragør;1. Dragør Skole;Å;Alternativet;Kristian Flindt Dyrkjøb, København V;1
Dragør;1. Dragør Skole;Å;Alternativet;Per Fabricius Ramsing, København;0
Dragør;4. Hollænderhallen;A;Socialdemokratiet;Listestemmer;523
Dragør;4. Hollænderhallen;A;Socialdemokratiet;Lars Gaardhøj, København;108
Dragør;4. Hollænderhallen;A;Socialdemokratiet;Trine Birk Andersen, Holbæk;10
Dragør;4. Hollænderhallen;A;Socialdemokratiet;Jarl Feyling, København;6
Dragør;4. Hollænderhallen;A;Socialdemokratiet;Sofie de Bretteville, Ballerup;12
Dragør;4. Hollænderhallen;A;Socialdemokratiet;Michael Schmidt, Halsnæs;0
Dragør;4. Hollænderhallen;A;Socialdemokratiet;Laila Kildesgaard, Bornholm;9
Dragør;4. Hollænderhallen;A;Socialdemokratiet;Susanne Lundvald, Næstved;3
Dragør;4. Hollænderhallen;A;Socialdemokratiet;Sara Smith Hald, Valby;4
Dragør;4. Hollænderhallen;A;Socialdemokratiet;Nicolai Kampmann, Hvidovre;5
Dragør;4. Hollænderhallen;A;Socialdemokratiet;Sine Reffstrup, Ringsted;1
Dragør;4. Hollænderhallen;A;Socialdemokratiet;Vibeke Westh, Frederiksberg;7
Dragør;4. Hollænderhallen;A;Socialdemokratiet;Susanne Due Kristensen, Hillerød;0
Dragør;4. Hollænderhallen;A;Socialdemokratiet;Thomas Adelskov, Odsherred;5
Dragør;4. Hollænderhallen;A;Socialdemokratiet;Brian Høier, Tårnby;115
Dragør;4. Hollænderhallen;A;Socialdemokratiet;Martin Baden, Ishøj;0
Dragør;4. Hollænderhallen;A;Socialdemokratiet;Torben Klitmøller Hollmann, Lolland;7
Dragør;4. Hollænderhallen;A;Socialdemokratiet;Ole Terkelsen, Valby;3
Dragør;4. Hollænderhallen;A;Socialdemokratiet;Martin Thor Pedersen, Helsingør;4
Dragør;4. Hollænderhallen;A;Socialdemokratiet;Katrine Skov, Gladsaxe;1
Dragør;4. Hollænderhallen;A;Socialdemokratiet;Lisette Lind Larsen, Faxe;0
Dragør;4. Hollænderhallen;A;Socialdemokratiet;Ulrik Juhl Hansen, Vesterbro;0
Dragør;4. Hollænderhallen;A;Socialdemokratiet;Kirsten Rask, Kalundborg;2
Dragør;4. Hollænderhallen;A;Socialdemokratiet;Niels Christian Dahl, Allerød;3
Dragør;4. Hollænderhallen;A;Socialdemokratiet;Hari Neupane, Ørestad;1
Dragør;4. Hollænderhallen;A;Socialdemokratiet;Håkon Nielsen, Rødovre;0
Dragør;4. Hollænderhallen;A;Socialdemokratiet;Helle Lethmar, Køge;3
Dragør;4. Hollænderhallen;A;Socialdemokratiet;Bodil Kornbek, Lyngby-Taarbæk;1
Dragør;4. Hollænderhallen;A;Socialdemokratiet;John Hansen, Guldborgsund;1
Dragør;4. Hollænderhallen;A;Socialdemokratiet;Kenneth Nielsen, Slagelse;4
Dragør;4. Hollænderhallen;A;Socialdemokratiet;Claus Heje, Høje-Taastrup;2
Dragør;4. Hollænderhallen;A;Socialdemokratiet;Rasmus Oxfeldt Larsen, Vordingborg;0
Dragør;4. Hollænderhallen;A;Socialdemokratiet;Frederik Haugstrup Jacobsen, Østerbro;0
Dragør;4. Hollænderhallen;A;Socialdemokratiet;Steen S. Hansen, Stevns;1
Dragør;4. Hollænderhallen;A;Socialdemokratiet;Stina Højgaard, Greve;0
Dragør;4. Hollænderhallen;A;Socialdemokratiet;René Vejby Kierch, Roskilde;0
Dragør;4. Hollænderhallen;A;Socialdemokratiet;Mikkel Krog, Lejre;0
Dragør;4. Hollænderhallen;A;Socialdemokratiet;Jan Månsson, Sorø;1
Dragør;4. Hollænderhallen;A;Socialdemokratiet;Camilla Hoffmann, København;7
Dragør;4. Hollænderhallen;A;Socialdemokratiet;Line Andrup, Egedal;0
Dragør;4. Hollænderhallen;A;Socialdemokratiet;Ludwig Heldt, København;0
Dragør;4. Hollænderhallen;A;Socialdemokratiet;Stig Ekman, Bispebjerg;0
Dragør;4. Hollænderhallen;A;Socialdemokratiet;Alice Rudkjær, Rudersdal;1
Dragør;4. Hollænderhallen;A;Socialdemokratiet;Mille Koch Rømer, Østerbro;1
Dragør;4. Hollænderhallen;A;Socialdemokratiet;Dickte Noël Toft, Hørsholm;1
Dragør;4. Hollænderhallen;A;Socialdemokratiet;Felex Pedersen, Odsherred;0
Dragør;4. Hollænderhallen;A;Socialdemokratiet;Gitte Simoni, Roskilde;2
Dragør;4. Hollænderhallen;B;Radikale Venstre;Listestemmer;154
Dragør;4. Hollænderhallen;B;Radikale Venstre;Thomas Rohden, København;20
Dragør;4. Hollænderhallen;B;Radikale Venstre;Anne Møller Ronex, Holbæk;12
Dragør;4. Hollænderhallen;B;Radikale Venstre;Stinus Lindgreen, Lyngby-Taarbæk;15
Dragør;4. Hollænderhallen;B;Radikale Venstre;Jeppe Fransson, Roskilde;2
Dragør;4. Hollænderhallen;B;Radikale Venstre;Sofie Holm, København;8
Dragør;4. Hollænderhallen;B;Radikale Venstre;Christina Thorholm, Hillerød;2
Dragør;4. Hollænderhallen;B;Radikale Venstre;Nadeem Farooq, Høje-Taastrup;4
Dragør;4. Hollænderhallen;B;Radikale Venstre;Tine Hessner, Furesø;1
Dragør;4. Hollænderhallen;B;Radikale Venstre;Kristian Kirk Mailand, Bornholm;0
Dragør;4. Hollænderhallen;B;Radikale Venstre;Freja Wirlander, Hvidovre;3
Dragør;4. Hollænderhallen;B;Radikale Venstre;Ruben Kidde, Frederiksberg;8
Dragør;4. Hollænderhallen;B;Radikale Venstre;Vibeke Grønbæk, Vordingborg;1
Dragør;4. Hollænderhallen;B;Radikale Venstre;Line Krogh Lay, Stevns;1
Dragør;4. Hollænderhallen;B;Radikale Venstre;Brian Køster, Hvidovre;1
Dragør;4. Hollænderhallen;B;Radikale Venstre;Thomas Baark, Guldborgsund;1
Dragør;4. Hollænderhallen;B;Radikale Venstre;Lars Hoppe Søe, Næstved;1
Dragør;4. Hollænderhallen;B;Radikale Venstre;Jacob Netteberg, Birkerød;0
Dragør;4. Hollænderhallen;B;Radikale Venstre;Maria Katarina Nielsen, Frederikssund;2
Dragør;4. Hollænderhallen;B;Radikale Venstre;Søren Burcharth, København;1
Dragør;4. Hollænderhallen;B;Radikale Venstre;Julie Herdal Molbech, København;3
Dragør;4. Hollænderhallen;B;Radikale Venstre;Anders Medum Groth, Furesø;0
Dragør;4. Hollænderhallen;B;Radikale Venstre;Søs Haugaard, København;1
Dragør;4. Hollænderhallen;B;Radikale Venstre;Kim Pagels, Solrød;0
Dragør;4. Hollænderhallen;B;Radikale Venstre;Jørgen Suhr, Hillerød;0
Dragør;4. Hollænderhallen;B;Radikale Venstre;Martin Schepelern, København;0
Dragør;4. Hollænderhallen;B;Radikale Venstre;Christian Fink Elkjær, Rudersdal;1
Dragør;4. Hollænderhallen;B;Radikale Venstre;Peter L. Sørensen, Gribskov;3
Dragør;4. Hollænderhallen;B;Radikale Venstre;Gitte Kjær-Westermann, Lyngby-Taarbæk;1
Dragør;4. Hollænderhallen;B;Radikale Venstre;Kim Mandix, København;0
Dragør;4. Hollænderhallen;B;Radikale Venstre;Rikke Mortensen, Egedal;2
Dragør;4. Hollænderhallen;B;Radikale Venstre;Trine Dybkjær, Gentofte;3
Dragør;4. Hollænderhallen;B;Radikale Venstre;Marianne Bredgaard Karlsson, Fredensborg;0
Dragør;4. Hollænderhallen;B;Radikale Venstre;Christina Falkberg, Gladsaxe;6
Dragør;4. Hollænderhallen;B;Radikale Venstre;Kashif Ahmad, København;3
Dragør;4. Hollænderhallen;B;Radikale Venstre;Irfan Gilani, Brøndby;5
Dragør;4. Hollænderhallen;B;Radikale Venstre;Edris Qasimi, Sorø;0
Dragør;4. Hollænderhallen;B;Radikale Venstre;Lartey Lawson, København;0
Dragør;4. Hollænderhallen;B;Radikale Venstre;Oruc Polat, Albertslund;2
Dragør;4. Hollænderhallen;B;Radikale Venstre;Merete Them Kjølholm, Allerød;0
Dragør;4. Hollænderhallen;B;Radikale Venstre;Jesper Luthman, Espergærde;1
Dragør;4. Hollænderhallen;B;Radikale Venstre;Bjørn Bjerrehøj, Tårnby;6
Dragør;4. Hollænderhallen;B;Radikale Venstre;Claus Rehfeld, København;1
Dragør;4. Hollænderhallen;B;Radikale Venstre;Charlotte Saabye Sørensen, København N;5
Dragør;4. Hollænderhallen;B;Radikale Venstre;Lars Green Bach, Ballerup;0
Dragør;4. Hollænderhallen;B;Radikale Venstre;Claus Wachmann, Gladsaxe;1
Dragør;4. Hollænderhallen;B;Radikale Venstre;Alina Protsyk, København;0
Dragør;4. Hollænderhallen;B;Radikale Venstre;Marianne Fritzen, Odsherred;0
Dragør;4. Hollænderhallen;B;Radikale Venstre;Emilie U. Andersen-Ranberg, Hørsholm;4
Dragør;4. Hollænderhallen;B;Radikale Venstre;Magnus Dræby, Halsnæs;1
Dragør;4. Hollænderhallen;B;Radikale Venstre;Knud Mogensen, Helsingør;1
Dragør;4. Hollænderhallen;B;Radikale Venstre;Emilie Borch Sloth, Glostrup;0
Dragør;4. Hollænderhallen;C;Det Konservative Folkeparti;Listestemmer;532
Dragør;4. Hollænderhallen;C;Det Konservative Folkeparti;Christoffer Buster Reinhardt, Rudersdal;82
Dragør;4. Hollænderhallen;C;Det Konservative Folkeparti;Line Ervolder, København;23
Dragør;4. Hollænderhallen;C;Det Konservative Folkeparti;Christian Wedell-Neergaard, Køge;2
Dragør;4. Hollænderhallen;C;Det Konservative Folkeparti;Jesper Marcus, Gentofte;4
Dragør;4. Hollænderhallen;C;Det Konservative Folkeparti;Christian Vigilius, Gentofte;0
Dragør;4. Hollænderhallen;C;Det Konservative Folkeparti;Tina-Mia Eriksen, Ringsted;3
Dragør;4. Hollænderhallen;C;Det Konservative Folkeparti;Turan Akbulut, Høje-Taastrup;2
Dragør;4. Hollænderhallen;C;Det Konservative Folkeparti;Jacob Rosenberg, Frederiksberg;16
Dragør;4. Hollænderhallen;C;Det Konservative Folkeparti;Stine Østlund, Hillerød;4
Dragør;4. Hollænderhallen;C;Det Konservative Folkeparti;Mogens Anneberg, Bornholm;5
Dragør;4. Hollænderhallen;C;Det Konservative Folkeparti;Helge Adam Møller, Næstved;18
Dragør;4. Hollænderhallen;C;Det Konservative Folkeparti;Kenneth Gøtterup, Amager;881
Dragør;4. Hollænderhallen;C;Det Konservative Folkeparti;Dorte Vilhelmsen, Herlev;3
Dragør;4. Hollænderhallen;C;Det Konservative Folkeparti;Jørgen Johansen, Allerød;1
Dragør;4. Hollænderhallen;C;Det Konservative Folkeparti;Mogens Hallager, Roskilde;0
Dragør;4. Hollænderhallen;C;Det Konservative Folkeparti;Søren Friis Trebbien, Hvidovre;4
Dragør;4. Hollænderhallen;C;Det Konservative Folkeparti;Maj Allin Thorup, Hørsholm;0
Dragør;4. Hollænderhallen;C;Det Konservative Folkeparti;Patrick Lehto, Tårnby;13
Dragør;4. Hollænderhallen;C;Det Konservative Folkeparti;John Tefke, Lyngby;2
Dragør;4. Hollænderhallen;C;Det Konservative Folkeparti;Lars Carstensen, Furesø;3
Dragør;4. Hollænderhallen;C;Det Konservative Folkeparti;Rico Djernis, København;0
Dragør;4. Hollænderhallen;C;Det Konservative Folkeparti;Trine Egetved, Gribskov;4
Dragør;4. Hollænderhallen;C;Det Konservative Folkeparti;Rebecca Plomin, Gladsaxe;1
Dragør;4. Hollænderhallen;C;Det Konservative Folkeparti;Mette Aagaard, Lolland;3
Dragør;4. Hollænderhallen;C;Det Konservative Folkeparti;Michael Mathiesen, Helsingør;1
Dragør;4. Hollænderhallen;C;Det Konservative Folkeparti;Vilhelm Møller, Faxe;0
Dragør;4. Hollænderhallen;C;Det Konservative Folkeparti;Birgitte Neergaard-Kofod, Egedal;3
Dragør;4. Hollænderhallen;C;Det Konservative Folkeparti;Thomas Christophersen, Holbæk;2
Dragør;4. Hollænderhallen;C;Det Konservative Folkeparti;Celine Lind Jakobsen, Fredensborg;0
Dragør;4. Hollænderhallen;C;Det Konservative Folkeparti;Claus Neergaard, Næstved;1
Dragør;4. Hollænderhallen;C;Det Konservative Folkeparti;Jan H. Klit, København;2
Dragør;4. Hollænderhallen;C;Det Konservative Folkeparti;Therese Hejnfelt, Frederikssund;0
Dragør;4. Hollænderhallen;C;Det Konservative Folkeparti;Carsten Petersen, Sorø;0
Dragør;4. Hollænderhallen;C;Det Konservative Folkeparti;Camilla Sabroe Parbst, Roskilde;1
Dragør;4. Hollænderhallen;C;Det Konservative Folkeparti;Frederik Germann, Halsnæs;0
Dragør;4. Hollænderhallen;C;Det Konservative Folkeparti;Jesper Adler, Vordingborg;1
Dragør;4. Hollænderhallen;C;Det Konservative Folkeparti;Thomas von Jessen, Fredensborg;0
Dragør;4. Hollænderhallen;C;Det Konservative Folkeparti;Ali Ünsal, Køge;0
Dragør;4. Hollænderhallen;C;Det Konservative Folkeparti;Henrik Jacobsen, Lolland;1
Dragør;4. Hollænderhallen;C;Det Konservative Folkeparti;Jesper Tvilde, Fredensborg;0
Dragør;4. Hollænderhallen;C;Det Konservative Folkeparti;Egon Bo, Slagelse;0
Dragør;4. Hollænderhallen;C;Det Konservative Folkeparti;Kim Drejer Nielsen, Rødovre;1
Dragør;4. Hollænderhallen;C;Det Konservative Folkeparti;Peter Horsted Hansen, Odsherred;1
Dragør;4. Hollænderhallen;C;Det Konservative Folkeparti;Jane Christensen, Kalundborg;0
Dragør;4. Hollænderhallen;C;Det Konservative Folkeparti;Jess Eiberg Hansen, Greve;0
Dragør;4. Hollænderhallen;C;Det Konservative Folkeparti;Jan Færch, Solrød;3
Dragør;4. Hollænderhallen;C;Det Konservative Folkeparti;Simon Krabbe, Ballerup;3
Dragør;4. Hollænderhallen;C;Det Konservative Folkeparti;Ida Busk, København;3
Dragør;4. Hollænderhallen;C;Det Konservative Folkeparti;Victoria Helene Olsen, Roskilde;2
Dragør;4. Hollænderhallen;C;Det Konservative Folkeparti;Mathias Schwartz Kirkegaard, Greve;1
Dragør;4. Hollænderhallen;C;Det Konservative Folkeparti;Egil Hulgaard, Furesø;0
Dragør;4. Hollænderhallen;F;SF - Socialistisk Folkeparti;Listestemmer;290
Dragør;4. Hollænderhallen;F;SF - Socialistisk Folkeparti;Peter Westermann, København;22
Dragør;4. Hollænderhallen;F;SF - Socialistisk Folkeparti;Hanne Svenningsen, Lejre;3
Dragør;4. Hollænderhallen;F;SF - Socialistisk Folkeparti;Sadek Al-Amood, Valby;4
Dragør;4. Hollænderhallen;F;SF - Socialistisk Folkeparti;Emilie Esmann, Amager;63
Dragør;4. Hollænderhallen;F;SF - Socialistisk Folkeparti;Julie Hoff Sørensen, Stevns;2
Dragør;4. Hollænderhallen;F;SF - Socialistisk Folkeparti;Anja Rosengreen, Halsnæs;2
Dragør;4. Hollænderhallen;F;SF - Socialistisk Folkeparti;Phillip Bergenhammer Østergaard, Tårnby;15
Dragør;4. Hollænderhallen;F;SF - Socialistisk Folkeparti;Joan Kragh, Guldborgsund;3
Dragør;4. Hollænderhallen;F;SF - Socialistisk Folkeparti;Thomas Garfort, Rønne;3
Dragør;4. Hollænderhallen;F;SF - Socialistisk Folkeparti;Trine Schaltz, København;7
Dragør;4. Hollænderhallen;F;SF - Socialistisk Folkeparti;Kirsten Balle, Herlev;3
Dragør;4. Hollænderhallen;F;SF - Socialistisk Folkeparti;Maja Roesen, Køge;2
Dragør;4. Hollænderhallen;F;SF - Socialistisk Folkeparti;Frank Hedegaard, København;0
Dragør;4. Hollænderhallen;F;SF - Socialistisk Folkeparti;Bente Borg Donkin, Helsingør;0
Dragør;4. Hollænderhallen;F;SF - Socialistisk Folkeparti;Kim Elmose, Roskilde;1
Dragør;4. Hollænderhallen;F;SF - Socialistisk Folkeparti;Poul Reher Jensen, Gladsaxe;0
Dragør;4. Hollænderhallen;F;SF - Socialistisk Folkeparti;Eva Larsen, Greve;0
Dragør;4. Hollænderhallen;F;SF - Socialistisk Folkeparti;Christina Dilling-Munk, Ringsted;3
Dragør;4. Hollænderhallen;F;SF - Socialistisk Folkeparti;Olaf Johansen, Slagelse;0
Dragør;4. Hollænderhallen;F;SF - Socialistisk Folkeparti;Ken Patrick Petersson, Taastrup;0
Dragør;4. Hollænderhallen;F;SF - Socialistisk Folkeparti;Vagn Kjær-Hansen, Brøndby;0
Dragør;4. Hollænderhallen;F;SF - Socialistisk Folkeparti;Jonas Niemann, Gentofte;2
Dragør;4. Hollænderhallen;F;SF - Socialistisk Folkeparti;Marie-Louise Jørgensen, Hvidovre;1
Dragør;4. Hollænderhallen;F;SF - Socialistisk Folkeparti;Jette Leth Buhl, Næstved;0
Dragør;4. Hollænderhallen;F;SF - Socialistisk Folkeparti;Jan Kjældgaard, Farum;0
Dragør;4. Hollænderhallen;F;SF - Socialistisk Folkeparti;Lars Christiansen, Maribo;0
Dragør;4. Hollænderhallen;F;SF - Socialistisk Folkeparti;Torben Kjeldsen, Rørvig;0
Dragør;4. Hollænderhallen;I;Liberal Alliance;Listestemmer;219
Dragør;4. Hollænderhallen;I;Liberal Alliance;Dorthe Mikkelsen, Vallensbæk;20
Dragør;4. Hollænderhallen;I;Liberal Alliance;Nicolai Wang, København;12
Dragør;4. Hollænderhallen;I;Liberal Alliance;Villum Christensen, Slagelse;1
Dragør;4. Hollænderhallen;I;Liberal Alliance;Johannes Grand, Ballerup;2
Dragør;4. Hollænderhallen;I;Liberal Alliance;Klaus Kristiansen, Lejre;0
Dragør;4. Hollænderhallen;I;Liberal Alliance;Lasse Holt, Lyngby-Taarbæk;2
Dragør;4. Hollænderhallen;I;Liberal Alliance;Eik Dahl Bidstrup, Dragør;59
Dragør;4. Hollænderhallen;I;Liberal Alliance;Robert Mørck, Furesø;0
Dragør;4. Hollænderhallen;I;Liberal Alliance;Peter Dits Christensen, Solrød;0
Dragør;4. Hollænderhallen;I;Liberal Alliance;Lars Winther, Egedal;2
Dragør;4. Hollænderhallen;I;Liberal Alliance;Patrizia Venturelli Christensen, Gentofte;3
Dragør;4. Hollænderhallen;I;Liberal Alliance;Sten Schmidl Søbjærg, Gribskov;0
Dragør;4. Hollænderhallen;I;Liberal Alliance;Frederik Tuxen Bjerrum, Frederiksberg;4
Dragør;4. Hollænderhallen;I;Liberal Alliance;Flemming Sørensen, Holbæk;0
Dragør;4. Hollænderhallen;I;Liberal Alliance;Michael Rask, Greve;1
Dragør;4. Hollænderhallen;I;Liberal Alliance;Steen Tofteng, Gribskov;3
Dragør;4. Hollænderhallen;I;Liberal Alliance;Gert L. Heglund, Gentofte;0
Dragør;4. Hollænderhallen;I;Liberal Alliance;Søren Kragh, Sorø;0
Dragør;4. Hollænderhallen;J;Demokraterne - hele Danmark skal leve;Listestemmer;4
Dragør;4. Hollænderhallen;J;Demokraterne - hele Danmark skal leve;Lave Knud Broch;0
Dragør;4. Hollænderhallen;J;Demokraterne - hele Danmark skal leve;Lasse Larsen;0
Dragør;4. Hollænderhallen;J;Demokraterne - hele Danmark skal leve;Elisabeth Bergsøe;0
Dragør;4. Hollænderhallen;J;Demokraterne - hele Danmark skal leve;Michaell Ravn;0
Dragør;4. Hollænderhallen;J;Demokraterne - hele Danmark skal leve;Jesper Morville;0
Dragør;4. Hollænderhallen;K;Kristendemokraterne;Listestemmer;1
Dragør;4. Hollænderhallen;K;Kristendemokraterne;Jesper Housgaard;0
Dragør;4. Hollænderhallen;K;Kristendemokraterne;Axel Ljungquist;0
Dragør;4. Hollænderhallen;K;Kristendemokraterne;Bjarne Hartung Kirkegaard;0
Dragør;4. Hollænderhallen;K;Kristendemokraterne;Eva Guldfred;0
Dragør;4. Hollænderhallen;K;Kristendemokraterne;Cæcilia Nilsson;1
Dragør;4. Hollænderhallen;K;Kristendemokraterne;Britta Kristensen;0
Dragør;4. Hollænderhallen;K;Kristendemokraterne;Finn Andersen;0
Dragør;4. Hollænderhallen;K;Kristendemokraterne;Johnnie Gregersen;0
Dragør;4. Hollænderhallen;K;Kristendemokraterne;Kurt Pedersen;0
Dragør;4. Hollænderhallen;K;Kristendemokraterne;Mogens Riis Pedersen;0
Dragør;4. Hollænderhallen;K;Kristendemokraterne;Niels Chresten Andersen;0
Dragør;4. Hollænderhallen;L;Bylisten;Listestemmer;1
Dragør;4. Hollænderhallen;L;Bylisten;Nicolai Otto Mønsted Hermansen;0
Dragør;4. Hollænderhallen;L;Bylisten;Lars Thomsen;1
Dragør;4. Hollænderhallen;L;Bylisten;Mette Strange Hagen;0
Dragør;4. Hollænderhallen;L;Bylisten;Sabine Lind;0
Dragør;4. Hollænderhallen;L;Bylisten;Ditte Sieling Emanuel;0
Dragør;4. Hollænderhallen;L;Bylisten;Lise-Lotte Dahlgaard Mortensen;0
Dragør;4. Hollænderhallen;L;Bylisten;Don Winther;0
Dragør;4. Hollænderhallen;L;Bylisten;Abaz Sabani;0
Dragør;4. Hollænderhallen;L;Bylisten;Carsten Bardy Aaen;0
Dragør;4. Hollænderhallen;L;Bylisten;Imad Daher;0
Dragør;4. Hollænderhallen;M;Moderaterne;Listestemmer;45
Dragør;4. Hollænderhallen;M;Moderaterne;Rasmus Lund-Nielsen, Gladsaxe;6
Dragør;4. Hollænderhallen;M;Moderaterne;Charlotte Bagge, Stege;0
Dragør;4. Hollænderhallen;M;Moderaterne;Lars Lindskov, Roskilde;0
Dragør;4. Hollænderhallen;M;Moderaterne;Lisbeth Dam Larsen, Dragør;62
Dragør;4. Hollænderhallen;M;Moderaterne;Bergur Løkke Rasmussen, Helsingør;3
Dragør;4. Hollænderhallen;M;Moderaterne;Deniz Kücükavci, Herlev;1
Dragør;4. Hollænderhallen;M;Moderaterne;Dorthe Beck-Nyling, København;4
Dragør;4. Hollænderhallen;M;Moderaterne;Søren Hyldgaard, Rudersdal;0
Dragør;4. Hollænderhallen;M;Moderaterne;Kurt Pii, Frederiksberg;0
Dragør;4. Hollænderhallen;M;Moderaterne;Jeanette Vedelstjerne, Lyngby-Taarbæk;2
Dragør;4. Hollænderhallen;M;Moderaterne;Rasmus Meggele Stein, Stevns;0
Dragør;4. Hollænderhallen;M;Moderaterne;Mia Linda Møller, Næstved;0
Dragør;4. Hollænderhallen;M;Moderaterne;Josée Linnemann, Fredensborg;1
Dragør;4. Hollænderhallen;M;Moderaterne;Zishan Ali, Ballerup;2
Dragør;4. Hollænderhallen;M;Moderaterne;Mads Søe Daugaard, Kalundborg;0
Dragør;4. Hollænderhallen;M;Moderaterne;Jan Carlsen, Roskilde;0
Dragør;4. Hollænderhallen;M;Moderaterne;René Arnt, Taastrup;0
Dragør;4. Hollænderhallen;M;Moderaterne;Emin Bülent Kaya, Køge;0
Dragør;4. Hollænderhallen;M;Moderaterne;Andreas Raben, København;0
Dragør;4. Hollænderhallen;M;Moderaterne;Rasmus Abrahamsen, Greve;0
Dragør;4. Hollænderhallen;M;Moderaterne;Erik Moesby Nordstrøm, Furesø;0
Dragør;4. Hollænderhallen;M;Moderaterne;Klavs A. Holm, Hellerup;0
Dragør;4. Hollænderhallen;N;Nyt Sjælland;Listestemmer;1
Dragør;4. Hollænderhallen;N;Nyt Sjælland;Malene Holm, København;1
Dragør;4. Hollænderhallen;N;Nyt Sjælland;Liselott Blixt, Greve;3
Dragør;4. Hollænderhallen;N;Nyt Sjælland;Annelise Madsen, Ishøj;2
Dragør;4. Hollænderhallen;N;Nyt Sjælland;Katrine Ehlern, København;0
Dragør;4. Hollænderhallen;N;Nyt Sjælland;Bachir Belmajdoub, København;1
Dragør;4. Hollænderhallen;N;Nyt Sjælland;Eva Fotland, København;0
Dragør;4. Hollænderhallen;N;Nyt Sjælland;Benny Hansen, Ishøj;0
Dragør;4. Hollænderhallen;N;Nyt Sjælland;Knud Rasmussen, Solrød;0
Dragør;4. Hollænderhallen;O;Dansk Folkeparti;Listestemmer;189
Dragør;4. Hollænderhallen;O;Dansk Folkeparti;Pia Kjærsgaard;349
Dragør;4. Hollænderhallen;O;Dansk Folkeparti;Jan Herskov;1
Dragør;4. Hollænderhallen;O;Dansk Folkeparti;Julie Jacobsen;3
Dragør;4. Hollænderhallen;O;Dansk Folkeparti;John Vind;0
Dragør;4. Hollænderhallen;O;Dansk Folkeparti;Søren Lund Hansen;3
Dragør;4. Hollænderhallen;O;Dansk Folkeparti;Nickolai Hamann;0
Dragør;4. Hollænderhallen;O;Dansk Folkeparti;Nana Harring;2
Dragør;4. Hollænderhallen;O;Dansk Folkeparti;René Danielsson;0
Dragør;4. Hollænderhallen;O;Dansk Folkeparti;Jette Juul;1
Dragør;4. Hollænderhallen;O;Dansk Folkeparti;Gert Løfgren;0
Dragør;4. Hollænderhallen;O;Dansk Folkeparti;Jan Erik Messmann;0
Dragør;4. Hollænderhallen;O;Dansk Folkeparti;Githa Nelander;0
Dragør;4. Hollænderhallen;O;Dansk Folkeparti;Martin Rosbjørn;0
Dragør;4. Hollænderhallen;O;Dansk Folkeparti;Anette Skafte;0
Dragør;4. Hollænderhallen;O;Dansk Folkeparti;Kristian Tørning;0
Dragør;4. Hollænderhallen;O;Dansk Folkeparti;David Gerschwald;0
Dragør;4. Hollænderhallen;O;Dansk Folkeparti;Søsser Grønnegård;1
Dragør;4. Hollænderhallen;O;Dansk Folkeparti;Allan Øster Steensen;0
Dragør;4. Hollænderhallen;O;Dansk Folkeparti;Auli Romanow;0
Dragør;4. Hollænderhallen;O;Dansk Folkeparti;Allan Blak;2
Dragør;4. Hollænderhallen;O;Dansk Folkeparti;Mikkel Hartwich;1
Dragør;4. Hollænderhallen;O;Dansk Folkeparti;Steen Løfstrøm;1
Dragør;4. Hollænderhallen;P;DKP - Kommunisterne;Listestemmer;1
Dragør;4. Hollænderhallen;P;DKP - Kommunisterne;Rikke Galina Frydensbjerg Carlsson;0
Dragør;4. Hollænderhallen;P;DKP - Kommunisterne;Kim W. Bilfeldt;0
Dragør;4. Hollænderhallen;P;DKP - Kommunisterne;Lars Emanuel;1
Dragør;4. Hollænderhallen;P;DKP - Kommunisterne;Hans Nielsen;0
Dragør;4. Hollænderhallen;P;DKP - Kommunisterne;Sine Bilfeldt;2
Dragør;4. Hollænderhallen;P;DKP - Kommunisterne;B. Tscherning;0
Dragør;4. Hollænderhallen;R;Kommunistisk Parti;Listestemmer;0
Dragør;4. Hollænderhallen;R;Kommunistisk Parti;Claus Carlsen, Roskilde;1
Dragør;4. Hollænderhallen;R;Kommunistisk Parti;Klara Poder, Rødovre;0
Dragør;4. Hollænderhallen;R;Kommunistisk Parti;Ravin Gomei, Roskilde;0
Dragør;4. Hollænderhallen;R;Kommunistisk Parti;Niklas Svenningsen, Nivå;0
Dragør;4. Hollænderhallen;R;Kommunistisk Parti;Rosa Mørch Jørgensen, København S;2
Dragør;4. Hollænderhallen;R;Kommunistisk Parti;Rune Jørgensen, København Ø;0
Dragør;4. Hollænderhallen;R;Kommunistisk Parti;Kim Lykkegaard, København N;0
Dragør;4. Hollænderhallen;R;Kommunistisk Parti;Magnus Mørk, Hårlev;0
Dragør;4. Hollænderhallen;T;Sydhavslisten;Listestemmer;3
Dragør;4. Hollænderhallen;T;Sydhavslisten;Karen Esmark Hansen;2
Dragør;4. Hollænderhallen;T;Sydhavslisten;Kasper Ibsen;1
Dragør;4. Hollænderhallen;U;Alliancen for Børnene, Ungdommen og Fremtiden;Listestemmer;6
Dragør;4. Hollænderhallen;U;Alliancen for Børnene, Ungdommen og Fremtiden;Flemming Blicher;3
Dragør;4. Hollænderhallen;U;Alliancen for Børnene, Ungdommen og Fremtiden;Henrik Vendelbo Petersen;0
Dragør;4. Hollænderhallen;U;Alliancen for Børnene, Ungdommen og Fremtiden;Markus Hvass;0
Dragør;4. Hollænderhallen;V;Venstre, Danmarks Liberale Parti;Listestemmer;243
Dragør;4. Hollænderhallen;V;Venstre, Danmarks Liberale Parti;Camilla Hove Lund, Holbæk;8
Dragør;4. Hollænderhallen;V;Venstre, Danmarks Liberale Parti;Randi Mondorf, Rudersdal;8
Dragør;4. Hollænderhallen;V;Venstre, Danmarks Liberale Parti;Iben Krog, København;6
Dragør;4. Hollænderhallen;V;Venstre, Danmarks Liberale Parti;Christine Dal Thrane, Lyngby-Taarbæk;7
Dragør;4. Hollænderhallen;V;Venstre, Danmarks Liberale Parti;Anders Koefoed, Slagelse;1
Dragør;4. Hollænderhallen;V;Venstre, Danmarks Liberale Parti;Bent Jørgensen, Roskilde;1
Dragør;4. Hollænderhallen;V;Venstre, Danmarks Liberale Parti;Josefine Paaske, Køge;1
Dragør;4. Hollænderhallen;V;Venstre, Danmarks Liberale Parti;Flemming Damgaard Larsen, Lejre;2
Dragør;4. Hollænderhallen;V;Venstre, Danmarks Liberale Parti;Claus Ljungberg Jørgensen, København;1
Dragør;4. Hollænderhallen;V;Venstre, Danmarks Liberale Parti;Bjarne Kongsted, Holbæk;0
Dragør;4. Hollænderhallen;V;Venstre, Danmarks Liberale Parti;Søren Vang Fischer, Kalundborg;2
Dragør;4. Hollænderhallen;V;Venstre, Danmarks Liberale Parti;Rikke Engelbrecht Andersen, Næstved;0
Dragør;4. Hollænderhallen;V;Venstre, Danmarks Liberale Parti;Mark Bjerre Ebbesen, Køge;1
Dragør;4. Hollænderhallen;V;Venstre, Danmarks Liberale Parti;Lone Mortensen, Greve;0
Dragør;4. Hollænderhallen;V;Venstre, Danmarks Liberale Parti;Claus Bakke, Vordingborg;2
Dragør;4. Hollænderhallen;V;Venstre, Danmarks Liberale Parti;John Schmidt Andersen, Frederikssund;0
Dragør;4. Hollænderhallen;V;Venstre, Danmarks Liberale Parti;Mads Justsen, Gentofte;2
Dragør;4. Hollænderhallen;V;Venstre, Danmarks Liberale Parti;Morten Bille, Ullerød;0
Dragør;4. Hollænderhallen;V;Venstre, Danmarks Liberale Parti;Per Roswall, Gribskov;1
Dragør;4. Hollænderhallen;V;Venstre, Danmarks Liberale Parti;Dorthe Adelsbech, Faxe;1
Dragør;4. Hollænderhallen;V;Venstre, Danmarks Liberale Parti;Thomas Skov Rasmussen, Egedal;2
Dragør;4. Hollænderhallen;V;Venstre, Danmarks Liberale Parti;Dorte Holm Hansen, Odsherred;0
Dragør;4. Hollænderhallen;V;Venstre, Danmarks Liberale Parti;Gunnar Sumberg, Gladsaxe;0
Dragør;4. Hollænderhallen;V;Venstre, Danmarks Liberale Parti;Karin Nødgaard, Ringsted;1
Dragør;4. Hollænderhallen;V;Venstre, Danmarks Liberale Parti;Jesper Hammer, Fredensborg;1
Dragør;4. Hollænderhallen;V;Venstre, Danmarks Liberale Parti;Kristina Kongsted, Helsingør;0
Dragør;4. Hollænderhallen;V;Venstre, Danmarks Liberale Parti;Paul Thomsen, Farum;0
Dragør;4. Hollænderhallen;V;Venstre, Danmarks Liberale Parti;Lisbeth Skov, Allerød;0
Dragør;4. Hollænderhallen;V;Venstre, Danmarks Liberale Parti;Christian Wikström, Hørsholm;0
Dragør;4. Hollænderhallen;V;Venstre, Danmarks Liberale Parti;Kåre Spliid, Sorø;1
Dragør;4. Hollænderhallen;V;Venstre, Danmarks Liberale Parti;Niels Hörup, Solrød Strand;0
Dragør;4. Hollænderhallen;V;Venstre, Danmarks Liberale Parti;Lisbeth Kjærholt, Høje-Taastrup;1
Dragør;4. Hollænderhallen;V;Venstre, Danmarks Liberale Parti;Nina Skaarup, Måløv;1
Dragør;4. Hollænderhallen;V;Venstre, Danmarks Liberale Parti;Gert Jensen, Glostrup;0
Dragør;4. Hollænderhallen;V;Venstre, Danmarks Liberale Parti;Martin Grønkjær, Brøndby;2
Dragør;4. Hollænderhallen;V;Venstre, Danmarks Liberale Parti;Helle Barth, Dragør;115
Dragør;4. Hollænderhallen;V;Venstre, Danmarks Liberale Parti;Gert Biilmann, Herlev;1
Dragør;4. Hollænderhallen;V;Venstre, Danmarks Liberale Parti;Claus Rasmussen, Albertslund;0
Dragør;4. Hollænderhallen;V;Venstre, Danmarks Liberale Parti;Pia Skourup, Ishøj;0
Dragør;4. Hollænderhallen;V;Venstre, Danmarks Liberale Parti;Torben Skytte Raahede, København;1
Dragør;4. Hollænderhallen;V;Venstre, Danmarks Liberale Parti;Jens-Kristian Lütken, København;3
Dragør;4. Hollænderhallen;V;Venstre, Danmarks Liberale Parti;Louise Theilade Thomsen, København;1
Dragør;4. Hollænderhallen;V;Venstre, Danmarks Liberale Parti;Cille Egholm, København;3
Dragør;4. Hollænderhallen;V;Venstre, Danmarks Liberale Parti;Claus Buch, København NV;2
Dragør;4. Hollænderhallen;Æ;Danmarksdemokraterne - Inger Støjberg;Listestemmer;97
Dragør;4. Hollænderhallen;Æ;Danmarksdemokraterne - Inger Støjberg;Brian Mørch, Solrød;1
Dragør;4. Hollænderhallen;Æ;Danmarksdemokraterne - Inger Støjberg;Bente Abrahamsen, Faxe;1
Dragør;4. Hollænderhallen;Æ;Danmarksdemokraterne - Inger Støjberg;Astrid Barslund, Lejre;0
Dragør;4. Hollænderhallen;Æ;Danmarksdemokraterne - Inger Støjberg;Benny Bindslev, Tårnby;12
Dragør;4. Hollænderhallen;Æ;Danmarksdemokraterne - Inger Støjberg;Jeanne Blum, Ringsted;0
Dragør;4. Hollænderhallen;Æ;Danmarksdemokraterne - Inger Støjberg;Kasper Cederholm, København;2
Dragør;4. Hollænderhallen;Æ;Danmarksdemokraterne - Inger Støjberg;Benny Damgaard, Lolland;0
Dragør;4. Hollænderhallen;Æ;Danmarksdemokraterne - Inger Støjberg;Susanne Damsgaard, Gladsaxe;1
Dragør;4. Hollænderhallen;Æ;Danmarksdemokraterne - Inger Støjberg;Glenn Hansen, Vordingborg;0
Dragør;4. Hollænderhallen;Æ;Danmarksdemokraterne - Inger Støjberg;Marie Hansen, Kalundborg;0
Dragør;4. Hollænderhallen;Æ;Danmarksdemokraterne - Inger Støjberg;Arne S. Hansen, Tårnby;3
Dragør;4. Hollænderhallen;Æ;Danmarksdemokraterne - Inger Støjberg;Michael Hendriksen, Bornholm;2
Dragør;4. Hollænderhallen;Æ;Danmarksdemokraterne - Inger Støjberg;Helle Jørgensen, Glostrup;0
Dragør;4. Hollænderhallen;Æ;Danmarksdemokraterne - Inger Støjberg;Klaus Kjelstrup, Køge;0
Dragør;4. Hollænderhallen;Æ;Danmarksdemokraterne - Inger Støjberg;Palle Kristiansen, Slagelse;0
Dragør;4. Hollænderhallen;Æ;Danmarksdemokraterne - Inger Støjberg;Kim B. Nielsen, Roskilde;0
Dragør;4. Hollænderhallen;Æ;Danmarksdemokraterne - Inger Støjberg;Maibritt Nielsen, Frederikssund;0
Dragør;4. Hollænderhallen;Æ;Danmarksdemokraterne - Inger Støjberg;Bob Richard Nielsen, Guldborgsund;0
Dragør;4. Hollænderhallen;Æ;Danmarksdemokraterne - Inger Støjberg;Jonas Nørgaard, Odsherred;0
Dragør;4. Hollænderhallen;Æ;Danmarksdemokraterne - Inger Støjberg;Arne Olsen, Sorø;0
Dragør;4. Hollænderhallen;Æ;Danmarksdemokraterne - Inger Støjberg;Dina Person, Slagelse;0
Dragør;4. Hollænderhallen;Æ;Danmarksdemokraterne - Inger Støjberg;Ken Riberholt-Rischel, Gribskov;0
Dragør;4. Hollænderhallen;Æ;Danmarksdemokraterne - Inger Støjberg;Michael Rosenmark, Ringsted;0
Dragør;4. Hollænderhallen;Æ;Danmarksdemokraterne - Inger Støjberg;Katrine Schiller, Halsnæs;0
Dragør;4. Hollænderhallen;Æ;Danmarksdemokraterne - Inger Støjberg;Therese Skaarup, Gentofte;0
Dragør;4. Hollænderhallen;Æ;Danmarksdemokraterne - Inger Støjberg;Anna Spindler, Holbæk;0
Dragør;4. Hollænderhallen;Æ;Danmarksdemokraterne - Inger Støjberg;Gitte Svendsdatter, Odsherred;0
Dragør;4. Hollænderhallen;Æ;Danmarksdemokraterne - Inger Støjberg;Jette Wied Weiss, Stevns;0
Dragør;4. Hollænderhallen;Æ;Danmarksdemokraterne - Inger Støjberg;Edvard Aas, Furesø;0
Dragør;4. Hollænderhallen;Ø;Enhedslisten - De Rød-Grønne;Listestemmer;119
Dragør;4. Hollænderhallen;Ø;Enhedslisten - De Rød-Grønne;Tormod Olsen, København;12
Dragør;4. Hollænderhallen;Ø;Enhedslisten - De Rød-Grønne;Gül Øzcan, Glostrup;7
Dragør;4. Hollænderhallen;Ø;Enhedslisten - De Rød-Grønne;Bruno Jerup, Næstved;1
Dragør;4. Hollænderhallen;Ø;Enhedslisten - De Rød-Grønne;Helena Hedegaard Udsen, København;12
Dragør;4. Hollænderhallen;Ø;Enhedslisten - De Rød-Grønne;Sanne Friborg, Bornholm;1
Dragør;4. Hollænderhallen;Ø;Enhedslisten - De Rød-Grønne;Carli Hækkerup, Ringsted;2
Dragør;4. Hollænderhallen;Ø;Enhedslisten - De Rød-Grønne;Christian Wegener Jørgensen, København;2
Dragør;4. Hollænderhallen;Ø;Enhedslisten - De Rød-Grønne;Birgit Jensen Hamming, Holbæk;1
Dragør;4. Hollænderhallen;Ø;Enhedslisten - De Rød-Grønne;Luise Bak, Vallensbæk;0
Dragør;4. Hollænderhallen;Ø;Enhedslisten - De Rød-Grønne;Martin Buhl, Frederiksberg;4
Dragør;4. Hollænderhallen;Ø;Enhedslisten - De Rød-Grønne;Helene Vadsten, Sorø;1
Dragør;4. Hollænderhallen;Ø;Enhedslisten - De Rød-Grønne;Torben Conrad, København N;0
Dragør;4. Hollænderhallen;Ø;Enhedslisten - De Rød-Grønne;Peter la Cour, Hvidovre;2
Dragør;4. Hollænderhallen;Ø;Enhedslisten - De Rød-Grønne;Gert Petersen, Roskilde;0
Dragør;4. Hollænderhallen;Ø;Enhedslisten - De Rød-Grønne;Søren Rasmussen, Vangede;0
Dragør;4. Hollænderhallen;Ø;Enhedslisten - De Rød-Grønne;Harald Viuff, København SV;1
Dragør;4. Hollænderhallen;Ø;Enhedslisten - De Rød-Grønne;Susanne Pahlmann, Greve;1
Dragør;4. Hollænderhallen;Ø;Enhedslisten - De Rød-Grønne;Janus Balleby Rønbach, Brøndby;0
Dragør;4. Hollænderhallen;Ø;Enhedslisten - De Rød-Grønne;Dan Kiving, Sorø;0
Dragør;4. Hollænderhallen;Ø;Enhedslisten - De Rød-Grønne;Michael Hemming Nielsen, Gribskov;0
Dragør;4. Hollænderhallen;Ø;Enhedslisten - De Rød-Grønne;Annie Hagel, Gilleleje;0
Dragør;4. Hollænderhallen;Ø;Enhedslisten - De Rød-Grønne;Palle Eghjort, Vordingborg;1
Dragør;4. Hollænderhallen;Ø;Enhedslisten - De Rød-Grønne;Thue Christian Thann Nikolajsen, København NV;1
Dragør;4. Hollænderhallen;Ø;Enhedslisten - De Rød-Grønne;Rasmus Petersen, Frederikssund;0
Dragør;4. Hollænderhallen;Ø;Enhedslisten - De Rød-Grønne;Niels Erik Danielsen, Høng;0
Dragør;4. Hollænderhallen;Ø;Enhedslisten - De Rød-Grønne;Marianne Dithmer, Herlev;1
Dragør;4. Hollænderhallen;Ø;Enhedslisten - De Rød-Grønne;Kim Larsen, Kastrup;5
Dragør;4. Hollænderhallen;Ø;Enhedslisten - De Rød-Grønne;Jeppe Lynge Ravn, Odsherred;1
Dragør;4. Hollænderhallen;Ø;Enhedslisten - De Rød-Grønne;Mette Bang Larsen, Frederiksberg;0
Dragør;4. Hollænderhallen;Ø;Enhedslisten - De Rød-Grønne;Arne Würgler, Gribskov;0
Dragør;4. Hollænderhallen;Ø;Enhedslisten - De Rød-Grønne;Bente Lerche-Thomsen, Guldborgsund;2
Dragør;4. Hollænderhallen;Ø;Enhedslisten - De Rød-Grønne;Johannes Jacobsen, Køge;0
Dragør;4. Hollænderhallen;Ø;Enhedslisten - De Rød-Grønne;Åge Skovrind, Roskilde;0
Dragør;4. Hollænderhallen;Ø;Enhedslisten - De Rød-Grønne;Morten Stig Pedersen, Holbæk;0
Dragør;4. Hollænderhallen;Ø;Enhedslisten - De Rød-Grønne;Amanda Amadea Badu, Lejre;7
Dragør;4. Hollænderhallen;Ø;Enhedslisten - De Rød-Grønne;Peter Roswall, Stevns;0
Dragør;4. Hollænderhallen;Ø;Enhedslisten - De Rød-Grønne;Morten Hjort, Stege;0
Dragør;4. Hollænderhallen;Ø;Enhedslisten - De Rød-Grønne;Jan Erik Abildskov Nielsen, Lolland;1
Dragør;4. Hollænderhallen;Ø;Enhedslisten - De Rød-Grønne;Birgit Gedionsen, Solrød;0
Dragør;4. Hollænderhallen;Ø;Enhedslisten - De Rød-Grønne;Jan Kjærgaard, Faxe;0
Dragør;4. Hollænderhallen;Ø;Enhedslisten - De Rød-Grønne;Helle Nørregaard, Vordingborg;0
Dragør;4. Hollænderhallen;Å;Alternativet;Listestemmer;16
Dragør;4. Hollænderhallen;Å;Alternativet;Kim Hjerrild, Frederiksberg;3
Dragør;4. Hollænderhallen;Å;Alternativet;Qasam Nazir Ahmad, Frederiksværk;2
Dragør;4. Hollænderhallen;Å;Alternativet;Mette Friis, Nyrup;0
Dragør;4. Hollænderhallen;Å;Alternativet;Simon Rigét, Gribskov;0
Dragør;4. Hollænderhallen;Å;Alternativet;Yurdal Cicek, Næstved;1
Dragør;4. Hollænderhallen;Å;Alternativet;Birgitte Kehler Holst, København;7
Dragør;4. Hollænderhallen;Å;Alternativet;Michael Monberg, Køge;2
Dragør;4. Hollænderhallen;Å;Alternativet;Liselotte Katarina Rotfeld, Næstved;0
Dragør;4. Hollænderhallen;Å;Alternativet;Nanna Høyrup, Hundested;1
Dragør;4. Hollænderhallen;Å;Alternativet;Martin Kjærulff, København NV;2
Dragør;4. Hollænderhallen;Å;Alternativet;Mariann Hansen, Greve;0
Dragør;4. Hollænderhallen;Å;Alternativet;Thomas Anker, København;2
Dragør;4. Hollænderhallen;Å;Alternativet;Mette Bram, Frederiksberg;2
Dragør;4. Hollænderhallen;Å;Alternativet;Nana L. Buttenschøn, Glostrup;1
Dragør;4. Hollænderhallen;Å;Alternativet;Kristian Flindt Dyrkjøb, København V;0
Dragør;4. Hollænderhallen;Å;Alternativet;Per Fabricius Ramsing, København;2
