Afstemningsområde;Bogstavbetegnelse;Listenavn;Navn;Stemmetal
1. Dianalund;A;Socialdemokratiet;Listestemmer;148
1. Dianalund;A;Socialdemokratiet;Ivan Hansen, Sorø;185
1. Dianalund;A;Socialdemokratiet;Annette Raaschou van der Star, Dia;200
1. Dianalund;A;Socialdemokratiet;Anne Madsen, Sorø;24
1. Dianalund;A;Socialdemokratiet;Michael Jensen, Sorø;4
1. Dianalund;A;Socialdemokratiet;Carl Andersen, Frederiksberg;2
1. Dianalund;A;Socialdemokratiet;Anita Skjoldager Eskildsen, Stenli;9
1. Dianalund;A;Socialdemokratiet;Preben Lund, Frederiksberg;4
1. Dianalund;A;Socialdemokratiet;Søren Andersen, Stenlille;3
1. Dianalund;A;Socialdemokratiet;Klaus Gylling, Sorø;2
1. Dianalund;A;Socialdemokratiet;E.Bjørn Nielsen, Bromme;7
1. Dianalund;A;Socialdemokratiet;Jakob Meibom, Sorø;2
1. Dianalund;A;Socialdemokratiet;Flemming Meyer Kjærgaard, Sorø;0
1. Dianalund;A;Socialdemokratiet;Finn Andersen, Sorø;0
1. Dianalund;A;Socialdemokratiet;Peter Thomasen, Dianalund;20
1. Dianalund;A;Socialdemokratiet;Dennis Engholm, Sorø;3
1. Dianalund;A;Socialdemokratiet;Poul E.Pedersen, Dianalund;21
1. Dianalund;A;Socialdemokratiet;Ole Ring, Sorø;0
1. Dianalund;A;Socialdemokratiet;Bent Frederiksen, Dianalund;34
1. Dianalund;B;Det Radikale Venstre;Listestemmer;10
1. Dianalund;B;Det Radikale Venstre;Carsten Ørting Andersen;13
1. Dianalund;B;Det Radikale Venstre;Kurt Løvlund Pedersen;4
1. Dianalund;B;Det Radikale Venstre;Tomas Bech Madsen;1
1. Dianalund;B;Det Radikale Venstre;Aase Jensen;1
1. Dianalund;B;Det Radikale Venstre;Ulla Koch;2
1. Dianalund;B;Det Radikale Venstre;Lene Kamuk;5
1. Dianalund;B;Det Radikale Venstre;Henrik Nørgaard;2
1. Dianalund;C;Det Konservative Folkeparti;Listestemmer;82
1. Dianalund;C;Det Konservative Folkeparti;Gert Jørgensen;126
1. Dianalund;C;Det Konservative Folkeparti;Per Hovmand;447
1. Dianalund;C;Det Konservative Folkeparti;Kristian Egebæk Mortensen;34
1. Dianalund;C;Det Konservative Folkeparti;Mogens Schwensen;102
1. Dianalund;C;Det Konservative Folkeparti;Ib Hahn Andersen;4
1. Dianalund;C;Det Konservative Folkeparti;Mogens Kræmer;48
1. Dianalund;C;Det Konservative Folkeparti;Peter Lind Frederiksen;19
1. Dianalund;C;Det Konservative Folkeparti;Janus Tarp;5
1. Dianalund;C;Det Konservative Folkeparti;Eva Sell;15
1. Dianalund;C;Det Konservative Folkeparti;Tina Hyldegaard-Pedersen;2
1. Dianalund;C;Det Konservative Folkeparti;Jan Henriksen;1
1. Dianalund;C;Det Konservative Folkeparti;Iben Kullberg;0
1. Dianalund;C;Det Konservative Folkeparti;Annette Bach Laursen;0
1. Dianalund;C;Det Konservative Folkeparti;Carsten Petersen;4
1. Dianalund;D;Danmarks Nationale Liste;Listestemmer;0
1. Dianalund;D;Danmarks Nationale Liste;Hanne Svendsen, Ruds Vedby;0
1. Dianalund;D;Danmarks Nationale Liste;Hallstein Bjørnbak, Dianalund;0
1. Dianalund;E;Retsforbundet;Listestemmer;0
1. Dianalund;E;Retsforbundet;Hans-Christian Søgaard Andersen,So;2
1. Dianalund;F;SF - Socialistisk Folkeparti;Listestemmer;178
1. Dianalund;F;SF - Socialistisk Folkeparti;Poul Hangler;28
1. Dianalund;F;SF - Socialistisk Folkeparti;Linda Nielsen;38
1. Dianalund;F;SF - Socialistisk Folkeparti;Arne Juel Jensen;10
1. Dianalund;F;SF - Socialistisk Folkeparti;Mai Voigt;41
1. Dianalund;F;SF - Socialistisk Folkeparti;Morten Jensen;3
1. Dianalund;F;SF - Socialistisk Folkeparti;Dorte E. Nielsen;6
1. Dianalund;F;SF - Socialistisk Folkeparti;Helle Cundell;4
1. Dianalund;F;SF - Socialistisk Folkeparti;Ryan Jensen;0
1. Dianalund;F;SF - Socialistisk Folkeparti;Elin Dybvad Larsen;1
1. Dianalund;F;SF - Socialistisk Folkeparti;Hans-Christian Uth;0
1. Dianalund;F;SF - Socialistisk Folkeparti;Jan Pedersen;1
1. Dianalund;L;Liberalsocialisterne - LS;Listestemmer;1
1. Dianalund;L;Liberalsocialisterne - LS;Bent A. Jespersen;1
1. Dianalund;M;Medborgerlisten;Listestemmer;9
1. Dianalund;M;Medborgerlisten;Henrik Bøll Larsen;2
1. Dianalund;M;Medborgerlisten;Bettina Jensen;22
1. Dianalund;M;Medborgerlisten;Ella Hilker;1
1. Dianalund;M;Medborgerlisten;Martin Bertelsen;0
1. Dianalund;O;Dansk Folkeparti;Listestemmer;148
1. Dianalund;O;Dansk Folkeparti;Erik Sennenwaldt;35
1. Dianalund;O;Dansk Folkeparti;Lene Coppen;28
1. Dianalund;O;Dansk Folkeparti;Michael Pihl;7
1. Dianalund;O;Dansk Folkeparti;Finn Sørensen;6
1. Dianalund;O;Dansk Folkeparti;Lotte Andersson;17
1. Dianalund;R;Folkebevægelsen Ret- og Velfærd;Listestemmer;0
1. Dianalund;R;Folkebevægelsen Ret- og Velfærd;Tinamaria Fabrina Jensen, Sorø;2
1. Dianalund;R;Folkebevægelsen Ret- og Velfærd;Toke Herkild, Sorø;0
1. Dianalund;V;Venstre, Danmarks Liberale Parti;Listestemmer;78
1. Dianalund;V;Venstre, Danmarks Liberale Parti;Flemming Olsen, Frederiksberg;46
1. Dianalund;V;Venstre, Danmarks Liberale Parti;Alice Krabbenhøft, Stenmagle;7
1. Dianalund;V;Venstre, Danmarks Liberale Parti;Rolf Clausen, Sorø;0
1. Dianalund;V;Venstre, Danmarks Liberale Parti;Bo Christensen, Sorø;1
1. Dianalund;V;Venstre, Danmarks Liberale Parti;Jens Nygaard, Borød;9
1. Dianalund;V;Venstre, Danmarks Liberale Parti;Kurt Pedersen, Kongsted;30
1. Dianalund;V;Venstre, Danmarks Liberale Parti;Mette H. Jørgensen, Kr.Flinterup;16
1. Dianalund;V;Venstre, Danmarks Liberale Parti;Poul Henrik Madelung, Krøjerup;0
1. Dianalund;V;Venstre, Danmarks Liberale Parti;Erik Larsen, Sorø;7
1. Dianalund;V;Venstre, Danmarks Liberale Parti;Niels J. Lundsberg, Bromme;0
1. Dianalund;V;Venstre, Danmarks Liberale Parti;Jørgen Larsen, Dianalund;64
1. Dianalund;V;Venstre, Danmarks Liberale Parti;Mogens Krasilnikoff, Niløse;0
1. Dianalund;V;Venstre, Danmarks Liberale Parti;Henrik C. Vester, Frederiksberg;1
1. Dianalund;V;Venstre, Danmarks Liberale Parti;Hans Jensen, Fjenneslev;0
1. Dianalund;V;Venstre, Danmarks Liberale Parti;John Ahlfors, Døjringe;0
2. Ruds Vedby;A;Socialdemokratiet;Listestemmer;64
2. Ruds Vedby;A;Socialdemokratiet;Ivan Hansen, Sorø;130
2. Ruds Vedby;A;Socialdemokratiet;Annette Raaschou van der Star, Dia;28
2. Ruds Vedby;A;Socialdemokratiet;Anne Madsen, Sorø;13
2. Ruds Vedby;A;Socialdemokratiet;Michael Jensen, Sorø;3
2. Ruds Vedby;A;Socialdemokratiet;Carl Andersen, Frederiksberg;1
2. Ruds Vedby;A;Socialdemokratiet;Anita Skjoldager Eskildsen, Stenli;2
2. Ruds Vedby;A;Socialdemokratiet;Preben Lund, Frederiksberg;7
2. Ruds Vedby;A;Socialdemokratiet;Søren Andersen, Stenlille;2
2. Ruds Vedby;A;Socialdemokratiet;Klaus Gylling, Sorø;0
2. Ruds Vedby;A;Socialdemokratiet;E.Bjørn Nielsen, Bromme;1
2. Ruds Vedby;A;Socialdemokratiet;Jakob Meibom, Sorø;0
2. Ruds Vedby;A;Socialdemokratiet;Flemming Meyer Kjærgaard, Sorø;0
2. Ruds Vedby;A;Socialdemokratiet;Finn Andersen, Sorø;0
2. Ruds Vedby;A;Socialdemokratiet;Peter Thomasen, Dianalund;5
2. Ruds Vedby;A;Socialdemokratiet;Dennis Engholm, Sorø;1
2. Ruds Vedby;A;Socialdemokratiet;Poul E.Pedersen, Dianalund;4
2. Ruds Vedby;A;Socialdemokratiet;Ole Ring, Sorø;0
2. Ruds Vedby;A;Socialdemokratiet;Bent Frederiksen, Dianalund;5
2. Ruds Vedby;B;Det Radikale Venstre;Listestemmer;4
2. Ruds Vedby;B;Det Radikale Venstre;Carsten Ørting Andersen;2
2. Ruds Vedby;B;Det Radikale Venstre;Kurt Løvlund Pedersen;1
2. Ruds Vedby;B;Det Radikale Venstre;Tomas Bech Madsen;0
2. Ruds Vedby;B;Det Radikale Venstre;Aase Jensen;0
2. Ruds Vedby;B;Det Radikale Venstre;Ulla Koch;0
2. Ruds Vedby;B;Det Radikale Venstre;Lene Kamuk;0
2. Ruds Vedby;B;Det Radikale Venstre;Henrik Nørgaard;2
2. Ruds Vedby;C;Det Konservative Folkeparti;Listestemmer;15
2. Ruds Vedby;C;Det Konservative Folkeparti;Gert Jørgensen;37
2. Ruds Vedby;C;Det Konservative Folkeparti;Per Hovmand;74
2. Ruds Vedby;C;Det Konservative Folkeparti;Kristian Egebæk Mortensen;3
2. Ruds Vedby;C;Det Konservative Folkeparti;Mogens Schwensen;4
2. Ruds Vedby;C;Det Konservative Folkeparti;Ib Hahn Andersen;1
2. Ruds Vedby;C;Det Konservative Folkeparti;Mogens Kræmer;13
2. Ruds Vedby;C;Det Konservative Folkeparti;Peter Lind Frederiksen;7
2. Ruds Vedby;C;Det Konservative Folkeparti;Janus Tarp;0
2. Ruds Vedby;C;Det Konservative Folkeparti;Eva Sell;5
2. Ruds Vedby;C;Det Konservative Folkeparti;Tina Hyldegaard-Pedersen;1
2. Ruds Vedby;C;Det Konservative Folkeparti;Jan Henriksen;0
2. Ruds Vedby;C;Det Konservative Folkeparti;Iben Kullberg;0
2. Ruds Vedby;C;Det Konservative Folkeparti;Annette Bach Laursen;4
2. Ruds Vedby;C;Det Konservative Folkeparti;Carsten Petersen;88
2. Ruds Vedby;D;Danmarks Nationale Liste;Listestemmer;0
2. Ruds Vedby;D;Danmarks Nationale Liste;Hanne Svendsen, Ruds Vedby;2
2. Ruds Vedby;D;Danmarks Nationale Liste;Hallstein Bjørnbak, Dianalund;0
2. Ruds Vedby;E;Retsforbundet;Listestemmer;1
2. Ruds Vedby;E;Retsforbundet;Hans-Christian Søgaard Andersen,So;1
2. Ruds Vedby;F;SF - Socialistisk Folkeparti;Listestemmer;70
2. Ruds Vedby;F;SF - Socialistisk Folkeparti;Poul Hangler;13
2. Ruds Vedby;F;SF - Socialistisk Folkeparti;Linda Nielsen;17
2. Ruds Vedby;F;SF - Socialistisk Folkeparti;Arne Juel Jensen;5
2. Ruds Vedby;F;SF - Socialistisk Folkeparti;Mai Voigt;7
2. Ruds Vedby;F;SF - Socialistisk Folkeparti;Morten Jensen;2
2. Ruds Vedby;F;SF - Socialistisk Folkeparti;Dorte E. Nielsen;1
2. Ruds Vedby;F;SF - Socialistisk Folkeparti;Helle Cundell;5
2. Ruds Vedby;F;SF - Socialistisk Folkeparti;Ryan Jensen;1
2. Ruds Vedby;F;SF - Socialistisk Folkeparti;Elin Dybvad Larsen;1
2. Ruds Vedby;F;SF - Socialistisk Folkeparti;Hans-Christian Uth;0
2. Ruds Vedby;F;SF - Socialistisk Folkeparti;Jan Pedersen;0
2. Ruds Vedby;L;Liberalsocialisterne - LS;Listestemmer;0
2. Ruds Vedby;L;Liberalsocialisterne - LS;Bent A. Jespersen;1
2. Ruds Vedby;M;Medborgerlisten;Listestemmer;4
2. Ruds Vedby;M;Medborgerlisten;Henrik Bøll Larsen;2
2. Ruds Vedby;M;Medborgerlisten;Bettina Jensen;1
2. Ruds Vedby;M;Medborgerlisten;Ella Hilker;2
2. Ruds Vedby;M;Medborgerlisten;Martin Bertelsen;0
2. Ruds Vedby;O;Dansk Folkeparti;Listestemmer;77
2. Ruds Vedby;O;Dansk Folkeparti;Erik Sennenwaldt;21
2. Ruds Vedby;O;Dansk Folkeparti;Lene Coppen;14
2. Ruds Vedby;O;Dansk Folkeparti;Michael Pihl;3
2. Ruds Vedby;O;Dansk Folkeparti;Finn Sørensen;4
2. Ruds Vedby;O;Dansk Folkeparti;Lotte Andersson;11
2. Ruds Vedby;R;Folkebevægelsen Ret- og Velfærd;Listestemmer;0
2. Ruds Vedby;R;Folkebevægelsen Ret- og Velfærd;Tinamaria Fabrina Jensen, Sorø;0
2. Ruds Vedby;R;Folkebevægelsen Ret- og Velfærd;Toke Herkild, Sorø;0
2. Ruds Vedby;V;Venstre, Danmarks Liberale Parti;Listestemmer;37
2. Ruds Vedby;V;Venstre, Danmarks Liberale Parti;Flemming Olsen, Frederiksberg;17
2. Ruds Vedby;V;Venstre, Danmarks Liberale Parti;Alice Krabbenhøft, Stenmagle;2
2. Ruds Vedby;V;Venstre, Danmarks Liberale Parti;Rolf Clausen, Sorø;3
2. Ruds Vedby;V;Venstre, Danmarks Liberale Parti;Bo Christensen, Sorø;0
2. Ruds Vedby;V;Venstre, Danmarks Liberale Parti;Jens Nygaard, Borød;0
2. Ruds Vedby;V;Venstre, Danmarks Liberale Parti;Kurt Pedersen, Kongsted;1
2. Ruds Vedby;V;Venstre, Danmarks Liberale Parti;Mette H. Jørgensen, Kr.Flinterup;4
2. Ruds Vedby;V;Venstre, Danmarks Liberale Parti;Poul Henrik Madelung, Krøjerup;0
2. Ruds Vedby;V;Venstre, Danmarks Liberale Parti;Erik Larsen, Sorø;0
2. Ruds Vedby;V;Venstre, Danmarks Liberale Parti;Niels J. Lundsberg, Bromme;2
2. Ruds Vedby;V;Venstre, Danmarks Liberale Parti;Jørgen Larsen, Dianalund;8
2. Ruds Vedby;V;Venstre, Danmarks Liberale Parti;Mogens Krasilnikoff, Niløse;1
2. Ruds Vedby;V;Venstre, Danmarks Liberale Parti;Henrik C. Vester, Frederiksberg;0
2. Ruds Vedby;V;Venstre, Danmarks Liberale Parti;Hans Jensen, Fjenneslev;0
2. Ruds Vedby;V;Venstre, Danmarks Liberale Parti;John Ahlfors, Døjringe;0
3. Niløse;A;Socialdemokratiet;Listestemmer;15
3. Niløse;A;Socialdemokratiet;Ivan Hansen, Sorø;20
3. Niløse;A;Socialdemokratiet;Annette Raaschou van der Star, Dia;19
3. Niløse;A;Socialdemokratiet;Anne Madsen, Sorø;0
3. Niløse;A;Socialdemokratiet;Michael Jensen, Sorø;0
3. Niløse;A;Socialdemokratiet;Carl Andersen, Frederiksberg;0
3. Niløse;A;Socialdemokratiet;Anita Skjoldager Eskildsen, Stenli;0
3. Niløse;A;Socialdemokratiet;Preben Lund, Frederiksberg;0
3. Niløse;A;Socialdemokratiet;Søren Andersen, Stenlille;1
3. Niløse;A;Socialdemokratiet;Klaus Gylling, Sorø;0
3. Niløse;A;Socialdemokratiet;E.Bjørn Nielsen, Bromme;0
3. Niløse;A;Socialdemokratiet;Jakob Meibom, Sorø;0
3. Niløse;A;Socialdemokratiet;Flemming Meyer Kjærgaard, Sorø;1
3. Niløse;A;Socialdemokratiet;Finn Andersen, Sorø;0
3. Niløse;A;Socialdemokratiet;Peter Thomasen, Dianalund;2
3. Niløse;A;Socialdemokratiet;Dennis Engholm, Sorø;0
3. Niløse;A;Socialdemokratiet;Poul E.Pedersen, Dianalund;3
3. Niløse;A;Socialdemokratiet;Ole Ring, Sorø;0
3. Niløse;A;Socialdemokratiet;Bent Frederiksen, Dianalund;0
3. Niløse;B;Det Radikale Venstre;Listestemmer;3
3. Niløse;B;Det Radikale Venstre;Carsten Ørting Andersen;2
3. Niløse;B;Det Radikale Venstre;Kurt Løvlund Pedersen;3
3. Niløse;B;Det Radikale Venstre;Tomas Bech Madsen;0
3. Niløse;B;Det Radikale Venstre;Aase Jensen;1
3. Niløse;B;Det Radikale Venstre;Ulla Koch;1
3. Niløse;B;Det Radikale Venstre;Lene Kamuk;1
3. Niløse;B;Det Radikale Venstre;Henrik Nørgaard;0
3. Niløse;C;Det Konservative Folkeparti;Listestemmer;8
3. Niløse;C;Det Konservative Folkeparti;Gert Jørgensen;19
3. Niløse;C;Det Konservative Folkeparti;Per Hovmand;39
3. Niløse;C;Det Konservative Folkeparti;Kristian Egebæk Mortensen;2
3. Niløse;C;Det Konservative Folkeparti;Mogens Schwensen;5
3. Niløse;C;Det Konservative Folkeparti;Ib Hahn Andersen;0
3. Niløse;C;Det Konservative Folkeparti;Mogens Kræmer;1
3. Niløse;C;Det Konservative Folkeparti;Peter Lind Frederiksen;8
3. Niløse;C;Det Konservative Folkeparti;Janus Tarp;0
3. Niløse;C;Det Konservative Folkeparti;Eva Sell;3
3. Niløse;C;Det Konservative Folkeparti;Tina Hyldegaard-Pedersen;0
3. Niløse;C;Det Konservative Folkeparti;Jan Henriksen;0
3. Niløse;C;Det Konservative Folkeparti;Iben Kullberg;2
3. Niløse;C;Det Konservative Folkeparti;Annette Bach Laursen;0
3. Niløse;C;Det Konservative Folkeparti;Carsten Petersen;0
3. Niløse;D;Danmarks Nationale Liste;Listestemmer;0
3. Niløse;D;Danmarks Nationale Liste;Hanne Svendsen, Ruds Vedby;0
3. Niløse;D;Danmarks Nationale Liste;Hallstein Bjørnbak, Dianalund;2
3. Niløse;E;Retsforbundet;Listestemmer;0
3. Niløse;E;Retsforbundet;Hans-Christian Søgaard Andersen,So;0
3. Niløse;F;SF - Socialistisk Folkeparti;Listestemmer;16
3. Niløse;F;SF - Socialistisk Folkeparti;Poul Hangler;4
3. Niløse;F;SF - Socialistisk Folkeparti;Linda Nielsen;8
3. Niløse;F;SF - Socialistisk Folkeparti;Arne Juel Jensen;0
3. Niløse;F;SF - Socialistisk Folkeparti;Mai Voigt;7
3. Niløse;F;SF - Socialistisk Folkeparti;Morten Jensen;0
3. Niløse;F;SF - Socialistisk Folkeparti;Dorte E. Nielsen;1
3. Niløse;F;SF - Socialistisk Folkeparti;Helle Cundell;0
3. Niløse;F;SF - Socialistisk Folkeparti;Ryan Jensen;0
3. Niløse;F;SF - Socialistisk Folkeparti;Elin Dybvad Larsen;0
3. Niløse;F;SF - Socialistisk Folkeparti;Hans-Christian Uth;0
3. Niløse;F;SF - Socialistisk Folkeparti;Jan Pedersen;1
3. Niløse;L;Liberalsocialisterne - LS;Listestemmer;1
3. Niløse;L;Liberalsocialisterne - LS;Bent A. Jespersen;0
3. Niløse;M;Medborgerlisten;Listestemmer;5
3. Niløse;M;Medborgerlisten;Henrik Bøll Larsen;0
3. Niløse;M;Medborgerlisten;Bettina Jensen;1
3. Niløse;M;Medborgerlisten;Ella Hilker;0
3. Niløse;M;Medborgerlisten;Martin Bertelsen;0
3. Niløse;O;Dansk Folkeparti;Listestemmer;29
3. Niløse;O;Dansk Folkeparti;Erik Sennenwaldt;14
3. Niløse;O;Dansk Folkeparti;Lene Coppen;5
3. Niløse;O;Dansk Folkeparti;Michael Pihl;4
3. Niløse;O;Dansk Folkeparti;Finn Sørensen;2
3. Niløse;O;Dansk Folkeparti;Lotte Andersson;5
3. Niløse;R;Folkebevægelsen Ret- og Velfærd;Listestemmer;0
3. Niløse;R;Folkebevægelsen Ret- og Velfærd;Tinamaria Fabrina Jensen, Sorø;0
3. Niløse;R;Folkebevægelsen Ret- og Velfærd;Toke Herkild, Sorø;1
3. Niløse;V;Venstre, Danmarks Liberale Parti;Listestemmer;16
3. Niløse;V;Venstre, Danmarks Liberale Parti;Flemming Olsen, Frederiksberg;7
3. Niløse;V;Venstre, Danmarks Liberale Parti;Alice Krabbenhøft, Stenmagle;1
3. Niløse;V;Venstre, Danmarks Liberale Parti;Rolf Clausen, Sorø;1
3. Niløse;V;Venstre, Danmarks Liberale Parti;Bo Christensen, Sorø;0
3. Niløse;V;Venstre, Danmarks Liberale Parti;Jens Nygaard, Borød;1
3. Niløse;V;Venstre, Danmarks Liberale Parti;Kurt Pedersen, Kongsted;43
3. Niløse;V;Venstre, Danmarks Liberale Parti;Mette H. Jørgensen, Kr.Flinterup;3
3. Niløse;V;Venstre, Danmarks Liberale Parti;Poul Henrik Madelung, Krøjerup;0
3. Niløse;V;Venstre, Danmarks Liberale Parti;Erik Larsen, Sorø;0
3. Niløse;V;Venstre, Danmarks Liberale Parti;Niels J. Lundsberg, Bromme;0
3. Niløse;V;Venstre, Danmarks Liberale Parti;Jørgen Larsen, Dianalund;1
3. Niløse;V;Venstre, Danmarks Liberale Parti;Mogens Krasilnikoff, Niløse;3
3. Niløse;V;Venstre, Danmarks Liberale Parti;Henrik C. Vester, Frederiksberg;0
3. Niløse;V;Venstre, Danmarks Liberale Parti;Hans Jensen, Fjenneslev;0
3. Niløse;V;Venstre, Danmarks Liberale Parti;John Ahlfors, Døjringe;0
4. Alsted Fjenneslev;A;Socialdemokratiet;Listestemmer;56
4. Alsted Fjenneslev;A;Socialdemokratiet;Ivan Hansen, Sorø;259
4. Alsted Fjenneslev;A;Socialdemokratiet;Annette Raaschou van der Star, Dia;3
4. Alsted Fjenneslev;A;Socialdemokratiet;Anne Madsen, Sorø;13
4. Alsted Fjenneslev;A;Socialdemokratiet;Michael Jensen, Sorø;2
4. Alsted Fjenneslev;A;Socialdemokratiet;Carl Andersen, Frederiksberg;2
4. Alsted Fjenneslev;A;Socialdemokratiet;Anita Skjoldager Eskildsen, Stenli;2
4. Alsted Fjenneslev;A;Socialdemokratiet;Preben Lund, Frederiksberg;2
4. Alsted Fjenneslev;A;Socialdemokratiet;Søren Andersen, Stenlille;1
4. Alsted Fjenneslev;A;Socialdemokratiet;Klaus Gylling, Sorø;0
4. Alsted Fjenneslev;A;Socialdemokratiet;E.Bjørn Nielsen, Bromme;0
4. Alsted Fjenneslev;A;Socialdemokratiet;Jakob Meibom, Sorø;2
4. Alsted Fjenneslev;A;Socialdemokratiet;Flemming Meyer Kjærgaard, Sorø;2
4. Alsted Fjenneslev;A;Socialdemokratiet;Finn Andersen, Sorø;0
4. Alsted Fjenneslev;A;Socialdemokratiet;Peter Thomasen, Dianalund;0
4. Alsted Fjenneslev;A;Socialdemokratiet;Dennis Engholm, Sorø;10
4. Alsted Fjenneslev;A;Socialdemokratiet;Poul E.Pedersen, Dianalund;0
4. Alsted Fjenneslev;A;Socialdemokratiet;Ole Ring, Sorø;5
4. Alsted Fjenneslev;A;Socialdemokratiet;Bent Frederiksen, Dianalund;0
4. Alsted Fjenneslev;B;Det Radikale Venstre;Listestemmer;5
4. Alsted Fjenneslev;B;Det Radikale Venstre;Carsten Ørting Andersen;1
4. Alsted Fjenneslev;B;Det Radikale Venstre;Kurt Løvlund Pedersen;2
4. Alsted Fjenneslev;B;Det Radikale Venstre;Tomas Bech Madsen;1
4. Alsted Fjenneslev;B;Det Radikale Venstre;Aase Jensen;1
4. Alsted Fjenneslev;B;Det Radikale Venstre;Ulla Koch;0
4. Alsted Fjenneslev;B;Det Radikale Venstre;Lene Kamuk;0
4. Alsted Fjenneslev;B;Det Radikale Venstre;Henrik Nørgaard;0
4. Alsted Fjenneslev;C;Det Konservative Folkeparti;Listestemmer;20
4. Alsted Fjenneslev;C;Det Konservative Folkeparti;Gert Jørgensen;63
4. Alsted Fjenneslev;C;Det Konservative Folkeparti;Per Hovmand;3
4. Alsted Fjenneslev;C;Det Konservative Folkeparti;Kristian Egebæk Mortensen;4
4. Alsted Fjenneslev;C;Det Konservative Folkeparti;Mogens Schwensen;0
4. Alsted Fjenneslev;C;Det Konservative Folkeparti;Ib Hahn Andersen;4
4. Alsted Fjenneslev;C;Det Konservative Folkeparti;Mogens Kræmer;0
4. Alsted Fjenneslev;C;Det Konservative Folkeparti;Peter Lind Frederiksen;0
4. Alsted Fjenneslev;C;Det Konservative Folkeparti;Janus Tarp;1
4. Alsted Fjenneslev;C;Det Konservative Folkeparti;Eva Sell;0
4. Alsted Fjenneslev;C;Det Konservative Folkeparti;Tina Hyldegaard-Pedersen;0
4. Alsted Fjenneslev;C;Det Konservative Folkeparti;Jan Henriksen;0
4. Alsted Fjenneslev;C;Det Konservative Folkeparti;Iben Kullberg;1
4. Alsted Fjenneslev;C;Det Konservative Folkeparti;Annette Bach Laursen;1
4. Alsted Fjenneslev;C;Det Konservative Folkeparti;Carsten Petersen;0
4. Alsted Fjenneslev;D;Danmarks Nationale Liste;Listestemmer;0
4. Alsted Fjenneslev;D;Danmarks Nationale Liste;Hanne Svendsen, Ruds Vedby;0
4. Alsted Fjenneslev;D;Danmarks Nationale Liste;Hallstein Bjørnbak, Dianalund;0
4. Alsted Fjenneslev;E;Retsforbundet;Listestemmer;0
4. Alsted Fjenneslev;E;Retsforbundet;Hans-Christian Søgaard Andersen,So;1
4. Alsted Fjenneslev;F;SF - Socialistisk Folkeparti;Listestemmer;41
4. Alsted Fjenneslev;F;SF - Socialistisk Folkeparti;Poul Hangler;11
4. Alsted Fjenneslev;F;SF - Socialistisk Folkeparti;Linda Nielsen;14
4. Alsted Fjenneslev;F;SF - Socialistisk Folkeparti;Arne Juel Jensen;0
4. Alsted Fjenneslev;F;SF - Socialistisk Folkeparti;Mai Voigt;2
4. Alsted Fjenneslev;F;SF - Socialistisk Folkeparti;Morten Jensen;0
4. Alsted Fjenneslev;F;SF - Socialistisk Folkeparti;Dorte E. Nielsen;1
4. Alsted Fjenneslev;F;SF - Socialistisk Folkeparti;Helle Cundell;3
4. Alsted Fjenneslev;F;SF - Socialistisk Folkeparti;Ryan Jensen;0
4. Alsted Fjenneslev;F;SF - Socialistisk Folkeparti;Elin Dybvad Larsen;0
4. Alsted Fjenneslev;F;SF - Socialistisk Folkeparti;Hans-Christian Uth;1
4. Alsted Fjenneslev;F;SF - Socialistisk Folkeparti;Jan Pedersen;0
4. Alsted Fjenneslev;L;Liberalsocialisterne - LS;Listestemmer;0
4. Alsted Fjenneslev;L;Liberalsocialisterne - LS;Bent A. Jespersen;2
4. Alsted Fjenneslev;M;Medborgerlisten;Listestemmer;2
4. Alsted Fjenneslev;M;Medborgerlisten;Henrik Bøll Larsen;4
4. Alsted Fjenneslev;M;Medborgerlisten;Bettina Jensen;2
4. Alsted Fjenneslev;M;Medborgerlisten;Ella Hilker;0
4. Alsted Fjenneslev;M;Medborgerlisten;Martin Bertelsen;0
4. Alsted Fjenneslev;O;Dansk Folkeparti;Listestemmer;36
4. Alsted Fjenneslev;O;Dansk Folkeparti;Erik Sennenwaldt;14
4. Alsted Fjenneslev;O;Dansk Folkeparti;Lene Coppen;17
4. Alsted Fjenneslev;O;Dansk Folkeparti;Michael Pihl;6
4. Alsted Fjenneslev;O;Dansk Folkeparti;Finn Sørensen;3
4. Alsted Fjenneslev;O;Dansk Folkeparti;Lotte Andersson;11
4. Alsted Fjenneslev;R;Folkebevægelsen Ret- og Velfærd;Listestemmer;1
4. Alsted Fjenneslev;R;Folkebevægelsen Ret- og Velfærd;Tinamaria Fabrina Jensen, Sorø;0
4. Alsted Fjenneslev;R;Folkebevægelsen Ret- og Velfærd;Toke Herkild, Sorø;0
4. Alsted Fjenneslev;V;Venstre, Danmarks Liberale Parti;Listestemmer;50
4. Alsted Fjenneslev;V;Venstre, Danmarks Liberale Parti;Flemming Olsen, Frederiksberg;35
4. Alsted Fjenneslev;V;Venstre, Danmarks Liberale Parti;Alice Krabbenhøft, Stenmagle;3
4. Alsted Fjenneslev;V;Venstre, Danmarks Liberale Parti;Rolf Clausen, Sorø;25
4. Alsted Fjenneslev;V;Venstre, Danmarks Liberale Parti;Bo Christensen, Sorø;7
4. Alsted Fjenneslev;V;Venstre, Danmarks Liberale Parti;Jens Nygaard, Borød;16
4. Alsted Fjenneslev;V;Venstre, Danmarks Liberale Parti;Kurt Pedersen, Kongsted;1
4. Alsted Fjenneslev;V;Venstre, Danmarks Liberale Parti;Mette H. Jørgensen, Kr.Flinterup;10
4. Alsted Fjenneslev;V;Venstre, Danmarks Liberale Parti;Poul Henrik Madelung, Krøjerup;1
4. Alsted Fjenneslev;V;Venstre, Danmarks Liberale Parti;Erik Larsen, Sorø;0
4. Alsted Fjenneslev;V;Venstre, Danmarks Liberale Parti;Niels J. Lundsberg, Bromme;2
4. Alsted Fjenneslev;V;Venstre, Danmarks Liberale Parti;Jørgen Larsen, Dianalund;0
4. Alsted Fjenneslev;V;Venstre, Danmarks Liberale Parti;Mogens Krasilnikoff, Niløse;0
4. Alsted Fjenneslev;V;Venstre, Danmarks Liberale Parti;Henrik C. Vester, Frederiksberg;0
4. Alsted Fjenneslev;V;Venstre, Danmarks Liberale Parti;Hans Jensen, Fjenneslev;16
4. Alsted Fjenneslev;V;Venstre, Danmarks Liberale Parti;John Ahlfors, Døjringe;0
5. Sorø;A;Socialdemokratiet;Listestemmer;155
5. Sorø;A;Socialdemokratiet;Ivan Hansen, Sorø;928
5. Sorø;A;Socialdemokratiet;Annette Raaschou van der Star, Dia;15
5. Sorø;A;Socialdemokratiet;Anne Madsen, Sorø;90
5. Sorø;A;Socialdemokratiet;Michael Jensen, Sorø;41
5. Sorø;A;Socialdemokratiet;Carl Andersen, Frederiksberg;8
5. Sorø;A;Socialdemokratiet;Anita Skjoldager Eskildsen, Stenli;3
5. Sorø;A;Socialdemokratiet;Preben Lund, Frederiksberg;23
5. Sorø;A;Socialdemokratiet;Søren Andersen, Stenlille;3
5. Sorø;A;Socialdemokratiet;Klaus Gylling, Sorø;17
5. Sorø;A;Socialdemokratiet;E.Bjørn Nielsen, Bromme;5
5. Sorø;A;Socialdemokratiet;Jakob Meibom, Sorø;44
5. Sorø;A;Socialdemokratiet;Flemming Meyer Kjærgaard, Sorø;20
5. Sorø;A;Socialdemokratiet;Finn Andersen, Sorø;12
5. Sorø;A;Socialdemokratiet;Peter Thomasen, Dianalund;3
5. Sorø;A;Socialdemokratiet;Dennis Engholm, Sorø;4
5. Sorø;A;Socialdemokratiet;Poul E.Pedersen, Dianalund;1
5. Sorø;A;Socialdemokratiet;Ole Ring, Sorø;3
5. Sorø;A;Socialdemokratiet;Bent Frederiksen, Dianalund;0
5. Sorø;B;Det Radikale Venstre;Listestemmer;30
5. Sorø;B;Det Radikale Venstre;Carsten Ørting Andersen;10
5. Sorø;B;Det Radikale Venstre;Kurt Løvlund Pedersen;1
5. Sorø;B;Det Radikale Venstre;Tomas Bech Madsen;3
5. Sorø;B;Det Radikale Venstre;Aase Jensen;2
5. Sorø;B;Det Radikale Venstre;Ulla Koch;6
5. Sorø;B;Det Radikale Venstre;Lene Kamuk;14
5. Sorø;B;Det Radikale Venstre;Henrik Nørgaard;1
5. Sorø;C;Det Konservative Folkeparti;Listestemmer;78
5. Sorø;C;Det Konservative Folkeparti;Gert Jørgensen;376
5. Sorø;C;Det Konservative Folkeparti;Per Hovmand;19
5. Sorø;C;Det Konservative Folkeparti;Kristian Egebæk Mortensen;4
5. Sorø;C;Det Konservative Folkeparti;Mogens Schwensen;8
5. Sorø;C;Det Konservative Folkeparti;Ib Hahn Andersen;125
5. Sorø;C;Det Konservative Folkeparti;Mogens Kræmer;2
5. Sorø;C;Det Konservative Folkeparti;Peter Lind Frederiksen;7
5. Sorø;C;Det Konservative Folkeparti;Janus Tarp;15
5. Sorø;C;Det Konservative Folkeparti;Eva Sell;7
5. Sorø;C;Det Konservative Folkeparti;Tina Hyldegaard-Pedersen;12
5. Sorø;C;Det Konservative Folkeparti;Jan Henriksen;7
5. Sorø;C;Det Konservative Folkeparti;Iben Kullberg;1
5. Sorø;C;Det Konservative Folkeparti;Annette Bach Laursen;19
5. Sorø;C;Det Konservative Folkeparti;Carsten Petersen;2
5. Sorø;D;Danmarks Nationale Liste;Listestemmer;2
5. Sorø;D;Danmarks Nationale Liste;Hanne Svendsen, Ruds Vedby;1
5. Sorø;D;Danmarks Nationale Liste;Hallstein Bjørnbak, Dianalund;1
5. Sorø;E;Retsforbundet;Listestemmer;1
5. Sorø;E;Retsforbundet;Hans-Christian Søgaard Andersen,So;5
5. Sorø;F;SF - Socialistisk Folkeparti;Listestemmer;180
5. Sorø;F;SF - Socialistisk Folkeparti;Poul Hangler;70
5. Sorø;F;SF - Socialistisk Folkeparti;Linda Nielsen;68
5. Sorø;F;SF - Socialistisk Folkeparti;Arne Juel Jensen;2
5. Sorø;F;SF - Socialistisk Folkeparti;Mai Voigt;15
5. Sorø;F;SF - Socialistisk Folkeparti;Morten Jensen;2
5. Sorø;F;SF - Socialistisk Folkeparti;Dorte E. Nielsen;1
5. Sorø;F;SF - Socialistisk Folkeparti;Helle Cundell;6
5. Sorø;F;SF - Socialistisk Folkeparti;Ryan Jensen;0
5. Sorø;F;SF - Socialistisk Folkeparti;Elin Dybvad Larsen;1
5. Sorø;F;SF - Socialistisk Folkeparti;Hans-Christian Uth;1
5. Sorø;F;SF - Socialistisk Folkeparti;Jan Pedersen;0
5. Sorø;L;Liberalsocialisterne - LS;Listestemmer;2
5. Sorø;L;Liberalsocialisterne - LS;Bent A. Jespersen;3
5. Sorø;M;Medborgerlisten;Listestemmer;4
5. Sorø;M;Medborgerlisten;Henrik Bøll Larsen;17
5. Sorø;M;Medborgerlisten;Bettina Jensen;1
5. Sorø;M;Medborgerlisten;Ella Hilker;6
5. Sorø;M;Medborgerlisten;Martin Bertelsen;2
5. Sorø;O;Dansk Folkeparti;Listestemmer;61
5. Sorø;O;Dansk Folkeparti;Erik Sennenwaldt;10
5. Sorø;O;Dansk Folkeparti;Lene Coppen;10
5. Sorø;O;Dansk Folkeparti;Michael Pihl;23
5. Sorø;O;Dansk Folkeparti;Finn Sørensen;4
5. Sorø;O;Dansk Folkeparti;Lotte Andersson;11
5. Sorø;R;Folkebevægelsen Ret- og Velfærd;Listestemmer;0
5. Sorø;R;Folkebevægelsen Ret- og Velfærd;Tinamaria Fabrina Jensen, Sorø;0
5. Sorø;R;Folkebevægelsen Ret- og Velfærd;Toke Herkild, Sorø;0
5. Sorø;V;Venstre, Danmarks Liberale Parti;Listestemmer;112
5. Sorø;V;Venstre, Danmarks Liberale Parti;Flemming Olsen, Frederiksberg;65
5. Sorø;V;Venstre, Danmarks Liberale Parti;Alice Krabbenhøft, Stenmagle;8
5. Sorø;V;Venstre, Danmarks Liberale Parti;Rolf Clausen, Sorø;15
5. Sorø;V;Venstre, Danmarks Liberale Parti;Bo Christensen, Sorø;33
5. Sorø;V;Venstre, Danmarks Liberale Parti;Jens Nygaard, Borød;29
5. Sorø;V;Venstre, Danmarks Liberale Parti;Kurt Pedersen, Kongsted;0
5. Sorø;V;Venstre, Danmarks Liberale Parti;Mette H. Jørgensen, Kr.Flinterup;11
5. Sorø;V;Venstre, Danmarks Liberale Parti;Poul Henrik Madelung, Krøjerup;1
5. Sorø;V;Venstre, Danmarks Liberale Parti;Erik Larsen, Sorø;5
5. Sorø;V;Venstre, Danmarks Liberale Parti;Niels J. Lundsberg, Bromme;5
5. Sorø;V;Venstre, Danmarks Liberale Parti;Jørgen Larsen, Dianalund;1
5. Sorø;V;Venstre, Danmarks Liberale Parti;Mogens Krasilnikoff, Niløse;1
5. Sorø;V;Venstre, Danmarks Liberale Parti;Henrik C. Vester, Frederiksberg;0
5. Sorø;V;Venstre, Danmarks Liberale Parti;Hans Jensen, Fjenneslev;1
5. Sorø;V;Venstre, Danmarks Liberale Parti;John Ahlfors, Døjringe;8
6. Frederiksberg;A;Socialdemokratiet;Listestemmer;120
6. Frederiksberg;A;Socialdemokratiet;Ivan Hansen, Sorø;638
6. Frederiksberg;A;Socialdemokratiet;Annette Raaschou van der Star, Dia;13
6. Frederiksberg;A;Socialdemokratiet;Anne Madsen, Sorø;47
6. Frederiksberg;A;Socialdemokratiet;Michael Jensen, Sorø;18
6. Frederiksberg;A;Socialdemokratiet;Carl Andersen, Frederiksberg;64
6. Frederiksberg;A;Socialdemokratiet;Anita Skjoldager Eskildsen, Stenli;7
6. Frederiksberg;A;Socialdemokratiet;Preben Lund, Frederiksberg;73
6. Frederiksberg;A;Socialdemokratiet;Søren Andersen, Stenlille;2
6. Frederiksberg;A;Socialdemokratiet;Klaus Gylling, Sorø;5
6. Frederiksberg;A;Socialdemokratiet;E.Bjørn Nielsen, Bromme;6
6. Frederiksberg;A;Socialdemokratiet;Jakob Meibom, Sorø;44
6. Frederiksberg;A;Socialdemokratiet;Flemming Meyer Kjærgaard, Sorø;5
6. Frederiksberg;A;Socialdemokratiet;Finn Andersen, Sorø;5
6. Frederiksberg;A;Socialdemokratiet;Peter Thomasen, Dianalund;1
6. Frederiksberg;A;Socialdemokratiet;Dennis Engholm, Sorø;2
6. Frederiksberg;A;Socialdemokratiet;Poul E.Pedersen, Dianalund;1
6. Frederiksberg;A;Socialdemokratiet;Ole Ring, Sorø;4
6. Frederiksberg;A;Socialdemokratiet;Bent Frederiksen, Dianalund;1
6. Frederiksberg;B;Det Radikale Venstre;Listestemmer;33
6. Frederiksberg;B;Det Radikale Venstre;Carsten Ørting Andersen;10
6. Frederiksberg;B;Det Radikale Venstre;Kurt Løvlund Pedersen;0
6. Frederiksberg;B;Det Radikale Venstre;Tomas Bech Madsen;3
6. Frederiksberg;B;Det Radikale Venstre;Aase Jensen;1
6. Frederiksberg;B;Det Radikale Venstre;Ulla Koch;4
6. Frederiksberg;B;Det Radikale Venstre;Lene Kamuk;8
6. Frederiksberg;B;Det Radikale Venstre;Henrik Nørgaard;1
6. Frederiksberg;C;Det Konservative Folkeparti;Listestemmer;76
6. Frederiksberg;C;Det Konservative Folkeparti;Gert Jørgensen;293
6. Frederiksberg;C;Det Konservative Folkeparti;Per Hovmand;17
6. Frederiksberg;C;Det Konservative Folkeparti;Kristian Egebæk Mortensen;2
6. Frederiksberg;C;Det Konservative Folkeparti;Mogens Schwensen;5
6. Frederiksberg;C;Det Konservative Folkeparti;Ib Hahn Andersen;42
6. Frederiksberg;C;Det Konservative Folkeparti;Mogens Kræmer;2
6. Frederiksberg;C;Det Konservative Folkeparti;Peter Lind Frederiksen;3
6. Frederiksberg;C;Det Konservative Folkeparti;Janus Tarp;7
6. Frederiksberg;C;Det Konservative Folkeparti;Eva Sell;7
6. Frederiksberg;C;Det Konservative Folkeparti;Tina Hyldegaard-Pedersen;24
6. Frederiksberg;C;Det Konservative Folkeparti;Jan Henriksen;2
6. Frederiksberg;C;Det Konservative Folkeparti;Iben Kullberg;1
6. Frederiksberg;C;Det Konservative Folkeparti;Annette Bach Laursen;12
6. Frederiksberg;C;Det Konservative Folkeparti;Carsten Petersen;3
6. Frederiksberg;D;Danmarks Nationale Liste;Listestemmer;0
6. Frederiksberg;D;Danmarks Nationale Liste;Hanne Svendsen, Ruds Vedby;0
6. Frederiksberg;D;Danmarks Nationale Liste;Hallstein Bjørnbak, Dianalund;0
6. Frederiksberg;E;Retsforbundet;Listestemmer;7
6. Frederiksberg;E;Retsforbundet;Hans-Christian Søgaard Andersen,So;22
6. Frederiksberg;F;SF - Socialistisk Folkeparti;Listestemmer;196
6. Frederiksberg;F;SF - Socialistisk Folkeparti;Poul Hangler;137
6. Frederiksberg;F;SF - Socialistisk Folkeparti;Linda Nielsen;95
6. Frederiksberg;F;SF - Socialistisk Folkeparti;Arne Juel Jensen;6
6. Frederiksberg;F;SF - Socialistisk Folkeparti;Mai Voigt;26
6. Frederiksberg;F;SF - Socialistisk Folkeparti;Morten Jensen;5
6. Frederiksberg;F;SF - Socialistisk Folkeparti;Dorte E. Nielsen;2
6. Frederiksberg;F;SF - Socialistisk Folkeparti;Helle Cundell;11
6. Frederiksberg;F;SF - Socialistisk Folkeparti;Ryan Jensen;0
6. Frederiksberg;F;SF - Socialistisk Folkeparti;Elin Dybvad Larsen;10
6. Frederiksberg;F;SF - Socialistisk Folkeparti;Hans-Christian Uth;3
6. Frederiksberg;F;SF - Socialistisk Folkeparti;Jan Pedersen;0
6. Frederiksberg;L;Liberalsocialisterne - LS;Listestemmer;1
6. Frederiksberg;L;Liberalsocialisterne - LS;Bent A. Jespersen;3
6. Frederiksberg;M;Medborgerlisten;Listestemmer;7
6. Frederiksberg;M;Medborgerlisten;Henrik Bøll Larsen;19
6. Frederiksberg;M;Medborgerlisten;Bettina Jensen;6
6. Frederiksberg;M;Medborgerlisten;Ella Hilker;17
6. Frederiksberg;M;Medborgerlisten;Martin Bertelsen;0
6. Frederiksberg;O;Dansk Folkeparti;Listestemmer;70
6. Frederiksberg;O;Dansk Folkeparti;Erik Sennenwaldt;10
6. Frederiksberg;O;Dansk Folkeparti;Lene Coppen;11
6. Frederiksberg;O;Dansk Folkeparti;Michael Pihl;13
6. Frederiksberg;O;Dansk Folkeparti;Finn Sørensen;4
6. Frederiksberg;O;Dansk Folkeparti;Lotte Andersson;7
6. Frederiksberg;R;Folkebevægelsen Ret- og Velfærd;Listestemmer;0
6. Frederiksberg;R;Folkebevægelsen Ret- og Velfærd;Tinamaria Fabrina Jensen, Sorø;3
6. Frederiksberg;R;Folkebevægelsen Ret- og Velfærd;Toke Herkild, Sorø;0
6. Frederiksberg;V;Venstre, Danmarks Liberale Parti;Listestemmer;109
6. Frederiksberg;V;Venstre, Danmarks Liberale Parti;Flemming Olsen, Frederiksberg;132
6. Frederiksberg;V;Venstre, Danmarks Liberale Parti;Alice Krabbenhøft, Stenmagle;7
6. Frederiksberg;V;Venstre, Danmarks Liberale Parti;Rolf Clausen, Sorø;10
6. Frederiksberg;V;Venstre, Danmarks Liberale Parti;Bo Christensen, Sorø;31
6. Frederiksberg;V;Venstre, Danmarks Liberale Parti;Jens Nygaard, Borød;45
6. Frederiksberg;V;Venstre, Danmarks Liberale Parti;Kurt Pedersen, Kongsted;1
6. Frederiksberg;V;Venstre, Danmarks Liberale Parti;Mette H. Jørgensen, Kr.Flinterup;16
6. Frederiksberg;V;Venstre, Danmarks Liberale Parti;Poul Henrik Madelung, Krøjerup;1
6. Frederiksberg;V;Venstre, Danmarks Liberale Parti;Erik Larsen, Sorø;6
6. Frederiksberg;V;Venstre, Danmarks Liberale Parti;Niels J. Lundsberg, Bromme;7
6. Frederiksberg;V;Venstre, Danmarks Liberale Parti;Jørgen Larsen, Dianalund;1
6. Frederiksberg;V;Venstre, Danmarks Liberale Parti;Mogens Krasilnikoff, Niløse;2
6. Frederiksberg;V;Venstre, Danmarks Liberale Parti;Henrik C. Vester, Frederiksberg;3
6. Frederiksberg;V;Venstre, Danmarks Liberale Parti;Hans Jensen, Fjenneslev;1
6. Frederiksberg;V;Venstre, Danmarks Liberale Parti;John Ahlfors, Døjringe;10
7. Nyrup;A;Socialdemokratiet;Listestemmer;22
7. Nyrup;A;Socialdemokratiet;Ivan Hansen, Sorø;36
7. Nyrup;A;Socialdemokratiet;Annette Raaschou van der Star, Dia;1
7. Nyrup;A;Socialdemokratiet;Anne Madsen, Sorø;1
7. Nyrup;A;Socialdemokratiet;Michael Jensen, Sorø;0
7. Nyrup;A;Socialdemokratiet;Carl Andersen, Frederiksberg;0
7. Nyrup;A;Socialdemokratiet;Anita Skjoldager Eskildsen, Stenli;14
7. Nyrup;A;Socialdemokratiet;Preben Lund, Frederiksberg;1
7. Nyrup;A;Socialdemokratiet;Søren Andersen, Stenlille;6
7. Nyrup;A;Socialdemokratiet;Klaus Gylling, Sorø;0
7. Nyrup;A;Socialdemokratiet;E.Bjørn Nielsen, Bromme;0
7. Nyrup;A;Socialdemokratiet;Jakob Meibom, Sorø;0
7. Nyrup;A;Socialdemokratiet;Flemming Meyer Kjærgaard, Sorø;0
7. Nyrup;A;Socialdemokratiet;Finn Andersen, Sorø;0
7. Nyrup;A;Socialdemokratiet;Peter Thomasen, Dianalund;0
7. Nyrup;A;Socialdemokratiet;Dennis Engholm, Sorø;0
7. Nyrup;A;Socialdemokratiet;Poul E.Pedersen, Dianalund;0
7. Nyrup;A;Socialdemokratiet;Ole Ring, Sorø;1
7. Nyrup;A;Socialdemokratiet;Bent Frederiksen, Dianalund;0
7. Nyrup;B;Det Radikale Venstre;Listestemmer;1
7. Nyrup;B;Det Radikale Venstre;Carsten Ørting Andersen;15
7. Nyrup;B;Det Radikale Venstre;Kurt Løvlund Pedersen;0
7. Nyrup;B;Det Radikale Venstre;Tomas Bech Madsen;0
7. Nyrup;B;Det Radikale Venstre;Aase Jensen;1
7. Nyrup;B;Det Radikale Venstre;Ulla Koch;0
7. Nyrup;B;Det Radikale Venstre;Lene Kamuk;0
7. Nyrup;B;Det Radikale Venstre;Henrik Nørgaard;1
7. Nyrup;C;Det Konservative Folkeparti;Listestemmer;11
7. Nyrup;C;Det Konservative Folkeparti;Gert Jørgensen;23
7. Nyrup;C;Det Konservative Folkeparti;Per Hovmand;5
7. Nyrup;C;Det Konservative Folkeparti;Kristian Egebæk Mortensen;0
7. Nyrup;C;Det Konservative Folkeparti;Mogens Schwensen;2
7. Nyrup;C;Det Konservative Folkeparti;Ib Hahn Andersen;0
7. Nyrup;C;Det Konservative Folkeparti;Mogens Kræmer;0
7. Nyrup;C;Det Konservative Folkeparti;Peter Lind Frederiksen;0
7. Nyrup;C;Det Konservative Folkeparti;Janus Tarp;1
7. Nyrup;C;Det Konservative Folkeparti;Eva Sell;0
7. Nyrup;C;Det Konservative Folkeparti;Tina Hyldegaard-Pedersen;0
7. Nyrup;C;Det Konservative Folkeparti;Jan Henriksen;0
7. Nyrup;C;Det Konservative Folkeparti;Iben Kullberg;0
7. Nyrup;C;Det Konservative Folkeparti;Annette Bach Laursen;2
7. Nyrup;C;Det Konservative Folkeparti;Carsten Petersen;2
7. Nyrup;D;Danmarks Nationale Liste;Listestemmer;0
7. Nyrup;D;Danmarks Nationale Liste;Hanne Svendsen, Ruds Vedby;0
7. Nyrup;D;Danmarks Nationale Liste;Hallstein Bjørnbak, Dianalund;0
7. Nyrup;E;Retsforbundet;Listestemmer;1
7. Nyrup;E;Retsforbundet;Hans-Christian Søgaard Andersen,So;0
7. Nyrup;F;SF - Socialistisk Folkeparti;Listestemmer;24
7. Nyrup;F;SF - Socialistisk Folkeparti;Poul Hangler;1
7. Nyrup;F;SF - Socialistisk Folkeparti;Linda Nielsen;2
7. Nyrup;F;SF - Socialistisk Folkeparti;Arne Juel Jensen;21
7. Nyrup;F;SF - Socialistisk Folkeparti;Mai Voigt;4
7. Nyrup;F;SF - Socialistisk Folkeparti;Morten Jensen;0
7. Nyrup;F;SF - Socialistisk Folkeparti;Dorte E. Nielsen;1
7. Nyrup;F;SF - Socialistisk Folkeparti;Helle Cundell;1
7. Nyrup;F;SF - Socialistisk Folkeparti;Ryan Jensen;0
7. Nyrup;F;SF - Socialistisk Folkeparti;Elin Dybvad Larsen;1
7. Nyrup;F;SF - Socialistisk Folkeparti;Hans-Christian Uth;0
7. Nyrup;F;SF - Socialistisk Folkeparti;Jan Pedersen;0
7. Nyrup;L;Liberalsocialisterne - LS;Listestemmer;0
7. Nyrup;L;Liberalsocialisterne - LS;Bent A. Jespersen;0
7. Nyrup;M;Medborgerlisten;Listestemmer;5
7. Nyrup;M;Medborgerlisten;Henrik Bøll Larsen;0
7. Nyrup;M;Medborgerlisten;Bettina Jensen;29
7. Nyrup;M;Medborgerlisten;Ella Hilker;1
7. Nyrup;M;Medborgerlisten;Martin Bertelsen;1
7. Nyrup;O;Dansk Folkeparti;Listestemmer;21
7. Nyrup;O;Dansk Folkeparti;Erik Sennenwaldt;7
7. Nyrup;O;Dansk Folkeparti;Lene Coppen;7
7. Nyrup;O;Dansk Folkeparti;Michael Pihl;2
7. Nyrup;O;Dansk Folkeparti;Finn Sørensen;0
7. Nyrup;O;Dansk Folkeparti;Lotte Andersson;3
7. Nyrup;R;Folkebevægelsen Ret- og Velfærd;Listestemmer;1
7. Nyrup;R;Folkebevægelsen Ret- og Velfærd;Tinamaria Fabrina Jensen, Sorø;1
7. Nyrup;R;Folkebevægelsen Ret- og Velfærd;Toke Herkild, Sorø;0
7. Nyrup;V;Venstre, Danmarks Liberale Parti;Listestemmer;23
7. Nyrup;V;Venstre, Danmarks Liberale Parti;Flemming Olsen, Frederiksberg;18
7. Nyrup;V;Venstre, Danmarks Liberale Parti;Alice Krabbenhøft, Stenmagle;8
7. Nyrup;V;Venstre, Danmarks Liberale Parti;Rolf Clausen, Sorø;2
7. Nyrup;V;Venstre, Danmarks Liberale Parti;Bo Christensen, Sorø;0
7. Nyrup;V;Venstre, Danmarks Liberale Parti;Jens Nygaard, Borød;1
7. Nyrup;V;Venstre, Danmarks Liberale Parti;Kurt Pedersen, Kongsted;0
7. Nyrup;V;Venstre, Danmarks Liberale Parti;Mette H. Jørgensen, Kr.Flinterup;27
7. Nyrup;V;Venstre, Danmarks Liberale Parti;Poul Henrik Madelung, Krøjerup;0
7. Nyrup;V;Venstre, Danmarks Liberale Parti;Erik Larsen, Sorø;1
7. Nyrup;V;Venstre, Danmarks Liberale Parti;Niels J. Lundsberg, Bromme;0
7. Nyrup;V;Venstre, Danmarks Liberale Parti;Jørgen Larsen, Dianalund;0
7. Nyrup;V;Venstre, Danmarks Liberale Parti;Mogens Krasilnikoff, Niløse;0
7. Nyrup;V;Venstre, Danmarks Liberale Parti;Henrik C. Vester, Frederiksberg;0
7. Nyrup;V;Venstre, Danmarks Liberale Parti;Hans Jensen, Fjenneslev;0
7. Nyrup;V;Venstre, Danmarks Liberale Parti;John Ahlfors, Døjringe;0
8. Pedersborg;A;Socialdemokratiet;Listestemmer;71
8. Pedersborg;A;Socialdemokratiet;Ivan Hansen, Sorø;554
8. Pedersborg;A;Socialdemokratiet;Annette Raaschou van der Star, Dia;6
8. Pedersborg;A;Socialdemokratiet;Anne Madsen, Sorø;40
8. Pedersborg;A;Socialdemokratiet;Michael Jensen, Sorø;59
8. Pedersborg;A;Socialdemokratiet;Carl Andersen, Frederiksberg;4
8. Pedersborg;A;Socialdemokratiet;Anita Skjoldager Eskildsen, Stenli;2
8. Pedersborg;A;Socialdemokratiet;Preben Lund, Frederiksberg;4
8. Pedersborg;A;Socialdemokratiet;Søren Andersen, Stenlille;0
8. Pedersborg;A;Socialdemokratiet;Klaus Gylling, Sorø;4
8. Pedersborg;A;Socialdemokratiet;E.Bjørn Nielsen, Bromme;16
8. Pedersborg;A;Socialdemokratiet;Jakob Meibom, Sorø;6
8. Pedersborg;A;Socialdemokratiet;Flemming Meyer Kjærgaard, Sorø;5
8. Pedersborg;A;Socialdemokratiet;Finn Andersen, Sorø;2
8. Pedersborg;A;Socialdemokratiet;Peter Thomasen, Dianalund;0
8. Pedersborg;A;Socialdemokratiet;Dennis Engholm, Sorø;9
8. Pedersborg;A;Socialdemokratiet;Poul E.Pedersen, Dianalund;0
8. Pedersborg;A;Socialdemokratiet;Ole Ring, Sorø;4
8. Pedersborg;A;Socialdemokratiet;Bent Frederiksen, Dianalund;0
8. Pedersborg;B;Det Radikale Venstre;Listestemmer;14
8. Pedersborg;B;Det Radikale Venstre;Carsten Ørting Andersen;9
8. Pedersborg;B;Det Radikale Venstre;Kurt Løvlund Pedersen;0
8. Pedersborg;B;Det Radikale Venstre;Tomas Bech Madsen;1
8. Pedersborg;B;Det Radikale Venstre;Aase Jensen;1
8. Pedersborg;B;Det Radikale Venstre;Ulla Koch;1
8. Pedersborg;B;Det Radikale Venstre;Lene Kamuk;3
8. Pedersborg;B;Det Radikale Venstre;Henrik Nørgaard;0
8. Pedersborg;C;Det Konservative Folkeparti;Listestemmer;41
8. Pedersborg;C;Det Konservative Folkeparti;Gert Jørgensen;133
8. Pedersborg;C;Det Konservative Folkeparti;Per Hovmand;10
8. Pedersborg;C;Det Konservative Folkeparti;Kristian Egebæk Mortensen;5
8. Pedersborg;C;Det Konservative Folkeparti;Mogens Schwensen;8
8. Pedersborg;C;Det Konservative Folkeparti;Ib Hahn Andersen;31
8. Pedersborg;C;Det Konservative Folkeparti;Mogens Kræmer;2
8. Pedersborg;C;Det Konservative Folkeparti;Peter Lind Frederiksen;4
8. Pedersborg;C;Det Konservative Folkeparti;Janus Tarp;14
8. Pedersborg;C;Det Konservative Folkeparti;Eva Sell;5
8. Pedersborg;C;Det Konservative Folkeparti;Tina Hyldegaard-Pedersen;1
8. Pedersborg;C;Det Konservative Folkeparti;Jan Henriksen;4
8. Pedersborg;C;Det Konservative Folkeparti;Iben Kullberg;1
8. Pedersborg;C;Det Konservative Folkeparti;Annette Bach Laursen;14
8. Pedersborg;C;Det Konservative Folkeparti;Carsten Petersen;3
8. Pedersborg;D;Danmarks Nationale Liste;Listestemmer;0
8. Pedersborg;D;Danmarks Nationale Liste;Hanne Svendsen, Ruds Vedby;0
8. Pedersborg;D;Danmarks Nationale Liste;Hallstein Bjørnbak, Dianalund;0
8. Pedersborg;E;Retsforbundet;Listestemmer;3
8. Pedersborg;E;Retsforbundet;Hans-Christian Søgaard Andersen,So;5
8. Pedersborg;F;SF - Socialistisk Folkeparti;Listestemmer;79
8. Pedersborg;F;SF - Socialistisk Folkeparti;Poul Hangler;32
8. Pedersborg;F;SF - Socialistisk Folkeparti;Linda Nielsen;33
8. Pedersborg;F;SF - Socialistisk Folkeparti;Arne Juel Jensen;3
8. Pedersborg;F;SF - Socialistisk Folkeparti;Mai Voigt;14
8. Pedersborg;F;SF - Socialistisk Folkeparti;Morten Jensen;0
8. Pedersborg;F;SF - Socialistisk Folkeparti;Dorte E. Nielsen;0
8. Pedersborg;F;SF - Socialistisk Folkeparti;Helle Cundell;4
8. Pedersborg;F;SF - Socialistisk Folkeparti;Ryan Jensen;0
8. Pedersborg;F;SF - Socialistisk Folkeparti;Elin Dybvad Larsen;0
8. Pedersborg;F;SF - Socialistisk Folkeparti;Hans-Christian Uth;1
8. Pedersborg;F;SF - Socialistisk Folkeparti;Jan Pedersen;0
8. Pedersborg;L;Liberalsocialisterne - LS;Listestemmer;0
8. Pedersborg;L;Liberalsocialisterne - LS;Bent A. Jespersen;0
8. Pedersborg;M;Medborgerlisten;Listestemmer;13
8. Pedersborg;M;Medborgerlisten;Henrik Bøll Larsen;22
8. Pedersborg;M;Medborgerlisten;Bettina Jensen;0
8. Pedersborg;M;Medborgerlisten;Ella Hilker;1
8. Pedersborg;M;Medborgerlisten;Martin Bertelsen;0
8. Pedersborg;O;Dansk Folkeparti;Listestemmer;63
8. Pedersborg;O;Dansk Folkeparti;Erik Sennenwaldt;14
8. Pedersborg;O;Dansk Folkeparti;Lene Coppen;17
8. Pedersborg;O;Dansk Folkeparti;Michael Pihl;7
8. Pedersborg;O;Dansk Folkeparti;Finn Sørensen;3
8. Pedersborg;O;Dansk Folkeparti;Lotte Andersson;12
8. Pedersborg;R;Folkebevægelsen Ret- og Velfærd;Listestemmer;0
8. Pedersborg;R;Folkebevægelsen Ret- og Velfærd;Tinamaria Fabrina Jensen, Sorø;3
8. Pedersborg;R;Folkebevægelsen Ret- og Velfærd;Toke Herkild, Sorø;1
8. Pedersborg;V;Venstre, Danmarks Liberale Parti;Listestemmer;70
8. Pedersborg;V;Venstre, Danmarks Liberale Parti;Flemming Olsen, Frederiksberg;40
8. Pedersborg;V;Venstre, Danmarks Liberale Parti;Alice Krabbenhøft, Stenmagle;1
8. Pedersborg;V;Venstre, Danmarks Liberale Parti;Rolf Clausen, Sorø;12
8. Pedersborg;V;Venstre, Danmarks Liberale Parti;Bo Christensen, Sorø;18
8. Pedersborg;V;Venstre, Danmarks Liberale Parti;Jens Nygaard, Borød;45
8. Pedersborg;V;Venstre, Danmarks Liberale Parti;Kurt Pedersen, Kongsted;2
8. Pedersborg;V;Venstre, Danmarks Liberale Parti;Mette H. Jørgensen, Kr.Flinterup;3
8. Pedersborg;V;Venstre, Danmarks Liberale Parti;Poul Henrik Madelung, Krøjerup;3
8. Pedersborg;V;Venstre, Danmarks Liberale Parti;Erik Larsen, Sorø;7
8. Pedersborg;V;Venstre, Danmarks Liberale Parti;Niels J. Lundsberg, Bromme;21
8. Pedersborg;V;Venstre, Danmarks Liberale Parti;Jørgen Larsen, Dianalund;0
8. Pedersborg;V;Venstre, Danmarks Liberale Parti;Mogens Krasilnikoff, Niløse;0
8. Pedersborg;V;Venstre, Danmarks Liberale Parti;Henrik C. Vester, Frederiksberg;0
8. Pedersborg;V;Venstre, Danmarks Liberale Parti;Hans Jensen, Fjenneslev;0
8. Pedersborg;V;Venstre, Danmarks Liberale Parti;John Ahlfors, Døjringe;3
9. Slaglille Bjernede;A;Socialdemokratiet;Listestemmer;32
9. Slaglille Bjernede;A;Socialdemokratiet;Ivan Hansen, Sorø;149
9. Slaglille Bjernede;A;Socialdemokratiet;Annette Raaschou van der Star, Dia;0
9. Slaglille Bjernede;A;Socialdemokratiet;Anne Madsen, Sorø;12
9. Slaglille Bjernede;A;Socialdemokratiet;Michael Jensen, Sorø;2
9. Slaglille Bjernede;A;Socialdemokratiet;Carl Andersen, Frederiksberg;3
9. Slaglille Bjernede;A;Socialdemokratiet;Anita Skjoldager Eskildsen, Stenli;1
9. Slaglille Bjernede;A;Socialdemokratiet;Preben Lund, Frederiksberg;5
9. Slaglille Bjernede;A;Socialdemokratiet;Søren Andersen, Stenlille;2
9. Slaglille Bjernede;A;Socialdemokratiet;Klaus Gylling, Sorø;1
9. Slaglille Bjernede;A;Socialdemokratiet;E.Bjørn Nielsen, Bromme;2
9. Slaglille Bjernede;A;Socialdemokratiet;Jakob Meibom, Sorø;0
9. Slaglille Bjernede;A;Socialdemokratiet;Flemming Meyer Kjærgaard, Sorø;0
9. Slaglille Bjernede;A;Socialdemokratiet;Finn Andersen, Sorø;0
9. Slaglille Bjernede;A;Socialdemokratiet;Peter Thomasen, Dianalund;1
9. Slaglille Bjernede;A;Socialdemokratiet;Dennis Engholm, Sorø;0
9. Slaglille Bjernede;A;Socialdemokratiet;Poul E.Pedersen, Dianalund;0
9. Slaglille Bjernede;A;Socialdemokratiet;Ole Ring, Sorø;3
9. Slaglille Bjernede;A;Socialdemokratiet;Bent Frederiksen, Dianalund;0
9. Slaglille Bjernede;B;Det Radikale Venstre;Listestemmer;5
9. Slaglille Bjernede;B;Det Radikale Venstre;Carsten Ørting Andersen;4
9. Slaglille Bjernede;B;Det Radikale Venstre;Kurt Løvlund Pedersen;0
9. Slaglille Bjernede;B;Det Radikale Venstre;Tomas Bech Madsen;0
9. Slaglille Bjernede;B;Det Radikale Venstre;Aase Jensen;1
9. Slaglille Bjernede;B;Det Radikale Venstre;Ulla Koch;0
9. Slaglille Bjernede;B;Det Radikale Venstre;Lene Kamuk;0
9. Slaglille Bjernede;B;Det Radikale Venstre;Henrik Nørgaard;0
9. Slaglille Bjernede;C;Det Konservative Folkeparti;Listestemmer;13
9. Slaglille Bjernede;C;Det Konservative Folkeparti;Gert Jørgensen;45
9. Slaglille Bjernede;C;Det Konservative Folkeparti;Per Hovmand;4
9. Slaglille Bjernede;C;Det Konservative Folkeparti;Kristian Egebæk Mortensen;1
9. Slaglille Bjernede;C;Det Konservative Folkeparti;Mogens Schwensen;0
9. Slaglille Bjernede;C;Det Konservative Folkeparti;Ib Hahn Andersen;5
9. Slaglille Bjernede;C;Det Konservative Folkeparti;Mogens Kræmer;0
9. Slaglille Bjernede;C;Det Konservative Folkeparti;Peter Lind Frederiksen;12
9. Slaglille Bjernede;C;Det Konservative Folkeparti;Janus Tarp;2
9. Slaglille Bjernede;C;Det Konservative Folkeparti;Eva Sell;0
9. Slaglille Bjernede;C;Det Konservative Folkeparti;Tina Hyldegaard-Pedersen;0
9. Slaglille Bjernede;C;Det Konservative Folkeparti;Jan Henriksen;0
9. Slaglille Bjernede;C;Det Konservative Folkeparti;Iben Kullberg;1
9. Slaglille Bjernede;C;Det Konservative Folkeparti;Annette Bach Laursen;0
9. Slaglille Bjernede;C;Det Konservative Folkeparti;Carsten Petersen;0
9. Slaglille Bjernede;D;Danmarks Nationale Liste;Listestemmer;0
9. Slaglille Bjernede;D;Danmarks Nationale Liste;Hanne Svendsen, Ruds Vedby;1
9. Slaglille Bjernede;D;Danmarks Nationale Liste;Hallstein Bjørnbak, Dianalund;0
9. Slaglille Bjernede;E;Retsforbundet;Listestemmer;0
9. Slaglille Bjernede;E;Retsforbundet;Hans-Christian Søgaard Andersen,So;1
9. Slaglille Bjernede;F;SF - Socialistisk Folkeparti;Listestemmer;42
9. Slaglille Bjernede;F;SF - Socialistisk Folkeparti;Poul Hangler;14
9. Slaglille Bjernede;F;SF - Socialistisk Folkeparti;Linda Nielsen;14
9. Slaglille Bjernede;F;SF - Socialistisk Folkeparti;Arne Juel Jensen;1
9. Slaglille Bjernede;F;SF - Socialistisk Folkeparti;Mai Voigt;0
9. Slaglille Bjernede;F;SF - Socialistisk Folkeparti;Morten Jensen;3
9. Slaglille Bjernede;F;SF - Socialistisk Folkeparti;Dorte E. Nielsen;1
9. Slaglille Bjernede;F;SF - Socialistisk Folkeparti;Helle Cundell;3
9. Slaglille Bjernede;F;SF - Socialistisk Folkeparti;Ryan Jensen;0
9. Slaglille Bjernede;F;SF - Socialistisk Folkeparti;Elin Dybvad Larsen;0
9. Slaglille Bjernede;F;SF - Socialistisk Folkeparti;Hans-Christian Uth;0
9. Slaglille Bjernede;F;SF - Socialistisk Folkeparti;Jan Pedersen;0
9. Slaglille Bjernede;L;Liberalsocialisterne - LS;Listestemmer;0
9. Slaglille Bjernede;L;Liberalsocialisterne - LS;Bent A. Jespersen;1
9. Slaglille Bjernede;M;Medborgerlisten;Listestemmer;4
9. Slaglille Bjernede;M;Medborgerlisten;Henrik Bøll Larsen;1
9. Slaglille Bjernede;M;Medborgerlisten;Bettina Jensen;1
9. Slaglille Bjernede;M;Medborgerlisten;Ella Hilker;0
9. Slaglille Bjernede;M;Medborgerlisten;Martin Bertelsen;0
9. Slaglille Bjernede;O;Dansk Folkeparti;Listestemmer;21
9. Slaglille Bjernede;O;Dansk Folkeparti;Erik Sennenwaldt;11
9. Slaglille Bjernede;O;Dansk Folkeparti;Lene Coppen;5
9. Slaglille Bjernede;O;Dansk Folkeparti;Michael Pihl;9
9. Slaglille Bjernede;O;Dansk Folkeparti;Finn Sørensen;1
9. Slaglille Bjernede;O;Dansk Folkeparti;Lotte Andersson;2
9. Slaglille Bjernede;R;Folkebevægelsen Ret- og Velfærd;Listestemmer;0
9. Slaglille Bjernede;R;Folkebevægelsen Ret- og Velfærd;Tinamaria Fabrina Jensen, Sorø;0
9. Slaglille Bjernede;R;Folkebevægelsen Ret- og Velfærd;Toke Herkild, Sorø;0
9. Slaglille Bjernede;V;Venstre, Danmarks Liberale Parti;Listestemmer;21
9. Slaglille Bjernede;V;Venstre, Danmarks Liberale Parti;Flemming Olsen, Frederiksberg;16
9. Slaglille Bjernede;V;Venstre, Danmarks Liberale Parti;Alice Krabbenhøft, Stenmagle;1
9. Slaglille Bjernede;V;Venstre, Danmarks Liberale Parti;Rolf Clausen, Sorø;78
9. Slaglille Bjernede;V;Venstre, Danmarks Liberale Parti;Bo Christensen, Sorø;2
9. Slaglille Bjernede;V;Venstre, Danmarks Liberale Parti;Jens Nygaard, Borød;33
9. Slaglille Bjernede;V;Venstre, Danmarks Liberale Parti;Kurt Pedersen, Kongsted;0
9. Slaglille Bjernede;V;Venstre, Danmarks Liberale Parti;Mette H. Jørgensen, Kr.Flinterup;3
9. Slaglille Bjernede;V;Venstre, Danmarks Liberale Parti;Poul Henrik Madelung, Krøjerup;1
9. Slaglille Bjernede;V;Venstre, Danmarks Liberale Parti;Erik Larsen, Sorø;1
9. Slaglille Bjernede;V;Venstre, Danmarks Liberale Parti;Niels J. Lundsberg, Bromme;0
9. Slaglille Bjernede;V;Venstre, Danmarks Liberale Parti;Jørgen Larsen, Dianalund;0
9. Slaglille Bjernede;V;Venstre, Danmarks Liberale Parti;Mogens Krasilnikoff, Niløse;0
9. Slaglille Bjernede;V;Venstre, Danmarks Liberale Parti;Henrik C. Vester, Frederiksberg;0
9. Slaglille Bjernede;V;Venstre, Danmarks Liberale Parti;Hans Jensen, Fjenneslev;1
9. Slaglille Bjernede;V;Venstre, Danmarks Liberale Parti;John Ahlfors, Døjringe;1
10. Stenlille;A;Socialdemokratiet;Listestemmer;95
10. Stenlille;A;Socialdemokratiet;Ivan Hansen, Sorø;136
10. Stenlille;A;Socialdemokratiet;Annette Raaschou van der Star, Dia;4
10. Stenlille;A;Socialdemokratiet;Anne Madsen, Sorø;13
10. Stenlille;A;Socialdemokratiet;Michael Jensen, Sorø;3
10. Stenlille;A;Socialdemokratiet;Carl Andersen, Frederiksberg;0
10. Stenlille;A;Socialdemokratiet;Anita Skjoldager Eskildsen, Stenli;72
10. Stenlille;A;Socialdemokratiet;Preben Lund, Frederiksberg;0
10. Stenlille;A;Socialdemokratiet;Søren Andersen, Stenlille;104
10. Stenlille;A;Socialdemokratiet;Klaus Gylling, Sorø;2
10. Stenlille;A;Socialdemokratiet;E.Bjørn Nielsen, Bromme;3
10. Stenlille;A;Socialdemokratiet;Jakob Meibom, Sorø;3
10. Stenlille;A;Socialdemokratiet;Flemming Meyer Kjærgaard, Sorø;0
10. Stenlille;A;Socialdemokratiet;Finn Andersen, Sorø;0
10. Stenlille;A;Socialdemokratiet;Peter Thomasen, Dianalund;1
10. Stenlille;A;Socialdemokratiet;Dennis Engholm, Sorø;1
10. Stenlille;A;Socialdemokratiet;Poul E.Pedersen, Dianalund;2
10. Stenlille;A;Socialdemokratiet;Ole Ring, Sorø;0
10. Stenlille;A;Socialdemokratiet;Bent Frederiksen, Dianalund;1
10. Stenlille;B;Det Radikale Venstre;Listestemmer;3
10. Stenlille;B;Det Radikale Venstre;Carsten Ørting Andersen;1
10. Stenlille;B;Det Radikale Venstre;Kurt Løvlund Pedersen;4
10. Stenlille;B;Det Radikale Venstre;Tomas Bech Madsen;2
10. Stenlille;B;Det Radikale Venstre;Aase Jensen;1
10. Stenlille;B;Det Radikale Venstre;Ulla Koch;1
10. Stenlille;B;Det Radikale Venstre;Lene Kamuk;1
10. Stenlille;B;Det Radikale Venstre;Henrik Nørgaard;3
10. Stenlille;C;Det Konservative Folkeparti;Listestemmer;20
10. Stenlille;C;Det Konservative Folkeparti;Gert Jørgensen;63
10. Stenlille;C;Det Konservative Folkeparti;Per Hovmand;44
10. Stenlille;C;Det Konservative Folkeparti;Kristian Egebæk Mortensen;3
10. Stenlille;C;Det Konservative Folkeparti;Mogens Schwensen;6
10. Stenlille;C;Det Konservative Folkeparti;Ib Hahn Andersen;3
10. Stenlille;C;Det Konservative Folkeparti;Mogens Kræmer;5
10. Stenlille;C;Det Konservative Folkeparti;Peter Lind Frederiksen;15
10. Stenlille;C;Det Konservative Folkeparti;Janus Tarp;1
10. Stenlille;C;Det Konservative Folkeparti;Eva Sell;0
10. Stenlille;C;Det Konservative Folkeparti;Tina Hyldegaard-Pedersen;3
10. Stenlille;C;Det Konservative Folkeparti;Jan Henriksen;0
10. Stenlille;C;Det Konservative Folkeparti;Iben Kullberg;0
10. Stenlille;C;Det Konservative Folkeparti;Annette Bach Laursen;3
10. Stenlille;C;Det Konservative Folkeparti;Carsten Petersen;2
10. Stenlille;D;Danmarks Nationale Liste;Listestemmer;1
10. Stenlille;D;Danmarks Nationale Liste;Hanne Svendsen, Ruds Vedby;0
10. Stenlille;D;Danmarks Nationale Liste;Hallstein Bjørnbak, Dianalund;1
10. Stenlille;E;Retsforbundet;Listestemmer;0
10. Stenlille;E;Retsforbundet;Hans-Christian Søgaard Andersen,So;1
10. Stenlille;F;SF - Socialistisk Folkeparti;Listestemmer;85
10. Stenlille;F;SF - Socialistisk Folkeparti;Poul Hangler;8
10. Stenlille;F;SF - Socialistisk Folkeparti;Linda Nielsen;27
10. Stenlille;F;SF - Socialistisk Folkeparti;Arne Juel Jensen;27
10. Stenlille;F;SF - Socialistisk Folkeparti;Mai Voigt;9
10. Stenlille;F;SF - Socialistisk Folkeparti;Morten Jensen;0
10. Stenlille;F;SF - Socialistisk Folkeparti;Dorte E. Nielsen;3
10. Stenlille;F;SF - Socialistisk Folkeparti;Helle Cundell;2
10. Stenlille;F;SF - Socialistisk Folkeparti;Ryan Jensen;0
10. Stenlille;F;SF - Socialistisk Folkeparti;Elin Dybvad Larsen;2
10. Stenlille;F;SF - Socialistisk Folkeparti;Hans-Christian Uth;1
10. Stenlille;F;SF - Socialistisk Folkeparti;Jan Pedersen;2
10. Stenlille;L;Liberalsocialisterne - LS;Listestemmer;0
10. Stenlille;L;Liberalsocialisterne - LS;Bent A. Jespersen;2
10. Stenlille;M;Medborgerlisten;Listestemmer;11
10. Stenlille;M;Medborgerlisten;Henrik Bøll Larsen;6
10. Stenlille;M;Medborgerlisten;Bettina Jensen;38
10. Stenlille;M;Medborgerlisten;Ella Hilker;5
10. Stenlille;M;Medborgerlisten;Martin Bertelsen;2
10. Stenlille;O;Dansk Folkeparti;Listestemmer;89
10. Stenlille;O;Dansk Folkeparti;Erik Sennenwaldt;22
10. Stenlille;O;Dansk Folkeparti;Lene Coppen;15
10. Stenlille;O;Dansk Folkeparti;Michael Pihl;5
10. Stenlille;O;Dansk Folkeparti;Finn Sørensen;4
10. Stenlille;O;Dansk Folkeparti;Lotte Andersson;14
10. Stenlille;R;Folkebevægelsen Ret- og Velfærd;Listestemmer;0
10. Stenlille;R;Folkebevægelsen Ret- og Velfærd;Tinamaria Fabrina Jensen, Sorø;0
10. Stenlille;R;Folkebevægelsen Ret- og Velfærd;Toke Herkild, Sorø;0
10. Stenlille;V;Venstre, Danmarks Liberale Parti;Listestemmer;63
10. Stenlille;V;Venstre, Danmarks Liberale Parti;Flemming Olsen, Frederiksberg;38
10. Stenlille;V;Venstre, Danmarks Liberale Parti;Alice Krabbenhøft, Stenmagle;31
10. Stenlille;V;Venstre, Danmarks Liberale Parti;Rolf Clausen, Sorø;6
10. Stenlille;V;Venstre, Danmarks Liberale Parti;Bo Christensen, Sorø;2
10. Stenlille;V;Venstre, Danmarks Liberale Parti;Jens Nygaard, Borød;8
10. Stenlille;V;Venstre, Danmarks Liberale Parti;Kurt Pedersen, Kongsted;0
10. Stenlille;V;Venstre, Danmarks Liberale Parti;Mette H. Jørgensen, Kr.Flinterup;35
10. Stenlille;V;Venstre, Danmarks Liberale Parti;Poul Henrik Madelung, Krøjerup;0
10. Stenlille;V;Venstre, Danmarks Liberale Parti;Erik Larsen, Sorø;8
10. Stenlille;V;Venstre, Danmarks Liberale Parti;Niels J. Lundsberg, Bromme;0
10. Stenlille;V;Venstre, Danmarks Liberale Parti;Jørgen Larsen, Dianalund;0
10. Stenlille;V;Venstre, Danmarks Liberale Parti;Mogens Krasilnikoff, Niløse;0
10. Stenlille;V;Venstre, Danmarks Liberale Parti;Henrik C. Vester, Frederiksberg;2
10. Stenlille;V;Venstre, Danmarks Liberale Parti;Hans Jensen, Fjenneslev;0
10. Stenlille;V;Venstre, Danmarks Liberale Parti;John Ahlfors, Døjringe;3
11. Flinterup;A;Socialdemokratiet;Listestemmer;12
11. Flinterup;A;Socialdemokratiet;Ivan Hansen, Sorø;23
11. Flinterup;A;Socialdemokratiet;Annette Raaschou van der Star, Dia;0
11. Flinterup;A;Socialdemokratiet;Anne Madsen, Sorø;1
11. Flinterup;A;Socialdemokratiet;Michael Jensen, Sorø;0
11. Flinterup;A;Socialdemokratiet;Carl Andersen, Frederiksberg;1
11. Flinterup;A;Socialdemokratiet;Anita Skjoldager Eskildsen, Stenli;3
11. Flinterup;A;Socialdemokratiet;Preben Lund, Frederiksberg;1
11. Flinterup;A;Socialdemokratiet;Søren Andersen, Stenlille;3
11. Flinterup;A;Socialdemokratiet;Klaus Gylling, Sorø;1
11. Flinterup;A;Socialdemokratiet;E.Bjørn Nielsen, Bromme;2
11. Flinterup;A;Socialdemokratiet;Jakob Meibom, Sorø;1
11. Flinterup;A;Socialdemokratiet;Flemming Meyer Kjærgaard, Sorø;0
11. Flinterup;A;Socialdemokratiet;Finn Andersen, Sorø;0
11. Flinterup;A;Socialdemokratiet;Peter Thomasen, Dianalund;0
11. Flinterup;A;Socialdemokratiet;Dennis Engholm, Sorø;0
11. Flinterup;A;Socialdemokratiet;Poul E.Pedersen, Dianalund;0
11. Flinterup;A;Socialdemokratiet;Ole Ring, Sorø;0
11. Flinterup;A;Socialdemokratiet;Bent Frederiksen, Dianalund;0
11. Flinterup;B;Det Radikale Venstre;Listestemmer;6
11. Flinterup;B;Det Radikale Venstre;Carsten Ørting Andersen;2
11. Flinterup;B;Det Radikale Venstre;Kurt Løvlund Pedersen;1
11. Flinterup;B;Det Radikale Venstre;Tomas Bech Madsen;0
11. Flinterup;B;Det Radikale Venstre;Aase Jensen;0
11. Flinterup;B;Det Radikale Venstre;Ulla Koch;0
11. Flinterup;B;Det Radikale Venstre;Lene Kamuk;0
11. Flinterup;B;Det Radikale Venstre;Henrik Nørgaard;0
11. Flinterup;C;Det Konservative Folkeparti;Listestemmer;8
11. Flinterup;C;Det Konservative Folkeparti;Gert Jørgensen;11
11. Flinterup;C;Det Konservative Folkeparti;Per Hovmand;2
11. Flinterup;C;Det Konservative Folkeparti;Kristian Egebæk Mortensen;0
11. Flinterup;C;Det Konservative Folkeparti;Mogens Schwensen;2
11. Flinterup;C;Det Konservative Folkeparti;Ib Hahn Andersen;0
11. Flinterup;C;Det Konservative Folkeparti;Mogens Kræmer;0
11. Flinterup;C;Det Konservative Folkeparti;Peter Lind Frederiksen;1
11. Flinterup;C;Det Konservative Folkeparti;Janus Tarp;0
11. Flinterup;C;Det Konservative Folkeparti;Eva Sell;1
11. Flinterup;C;Det Konservative Folkeparti;Tina Hyldegaard-Pedersen;1
11. Flinterup;C;Det Konservative Folkeparti;Jan Henriksen;0
11. Flinterup;C;Det Konservative Folkeparti;Iben Kullberg;0
11. Flinterup;C;Det Konservative Folkeparti;Annette Bach Laursen;0
11. Flinterup;C;Det Konservative Folkeparti;Carsten Petersen;0
11. Flinterup;D;Danmarks Nationale Liste;Listestemmer;0
11. Flinterup;D;Danmarks Nationale Liste;Hanne Svendsen, Ruds Vedby;0
11. Flinterup;D;Danmarks Nationale Liste;Hallstein Bjørnbak, Dianalund;0
11. Flinterup;E;Retsforbundet;Listestemmer;0
11. Flinterup;E;Retsforbundet;Hans-Christian Søgaard Andersen,So;0
11. Flinterup;F;SF - Socialistisk Folkeparti;Listestemmer;13
11. Flinterup;F;SF - Socialistisk Folkeparti;Poul Hangler;1
11. Flinterup;F;SF - Socialistisk Folkeparti;Linda Nielsen;8
11. Flinterup;F;SF - Socialistisk Folkeparti;Arne Juel Jensen;2
11. Flinterup;F;SF - Socialistisk Folkeparti;Mai Voigt;3
11. Flinterup;F;SF - Socialistisk Folkeparti;Morten Jensen;0
11. Flinterup;F;SF - Socialistisk Folkeparti;Dorte E. Nielsen;1
11. Flinterup;F;SF - Socialistisk Folkeparti;Helle Cundell;0
11. Flinterup;F;SF - Socialistisk Folkeparti;Ryan Jensen;0
11. Flinterup;F;SF - Socialistisk Folkeparti;Elin Dybvad Larsen;0
11. Flinterup;F;SF - Socialistisk Folkeparti;Hans-Christian Uth;0
11. Flinterup;F;SF - Socialistisk Folkeparti;Jan Pedersen;0
11. Flinterup;L;Liberalsocialisterne - LS;Listestemmer;0
11. Flinterup;L;Liberalsocialisterne - LS;Bent A. Jespersen;0
11. Flinterup;M;Medborgerlisten;Listestemmer;0
11. Flinterup;M;Medborgerlisten;Henrik Bøll Larsen;0
11. Flinterup;M;Medborgerlisten;Bettina Jensen;2
11. Flinterup;M;Medborgerlisten;Ella Hilker;0
11. Flinterup;M;Medborgerlisten;Martin Bertelsen;0
11. Flinterup;O;Dansk Folkeparti;Listestemmer;8
11. Flinterup;O;Dansk Folkeparti;Erik Sennenwaldt;1
11. Flinterup;O;Dansk Folkeparti;Lene Coppen;5
11. Flinterup;O;Dansk Folkeparti;Michael Pihl;1
11. Flinterup;O;Dansk Folkeparti;Finn Sørensen;1
11. Flinterup;O;Dansk Folkeparti;Lotte Andersson;1
11. Flinterup;R;Folkebevægelsen Ret- og Velfærd;Listestemmer;1
11. Flinterup;R;Folkebevægelsen Ret- og Velfærd;Tinamaria Fabrina Jensen, Sorø;0
11. Flinterup;R;Folkebevægelsen Ret- og Velfærd;Toke Herkild, Sorø;0
11. Flinterup;V;Venstre, Danmarks Liberale Parti;Listestemmer;12
11. Flinterup;V;Venstre, Danmarks Liberale Parti;Flemming Olsen, Frederiksberg;0
11. Flinterup;V;Venstre, Danmarks Liberale Parti;Alice Krabbenhøft, Stenmagle;4
11. Flinterup;V;Venstre, Danmarks Liberale Parti;Rolf Clausen, Sorø;4
11. Flinterup;V;Venstre, Danmarks Liberale Parti;Bo Christensen, Sorø;0
11. Flinterup;V;Venstre, Danmarks Liberale Parti;Jens Nygaard, Borød;5
11. Flinterup;V;Venstre, Danmarks Liberale Parti;Kurt Pedersen, Kongsted;1
11. Flinterup;V;Venstre, Danmarks Liberale Parti;Mette H. Jørgensen, Kr.Flinterup;11
11. Flinterup;V;Venstre, Danmarks Liberale Parti;Poul Henrik Madelung, Krøjerup;0
11. Flinterup;V;Venstre, Danmarks Liberale Parti;Erik Larsen, Sorø;0
11. Flinterup;V;Venstre, Danmarks Liberale Parti;Niels J. Lundsberg, Bromme;0
11. Flinterup;V;Venstre, Danmarks Liberale Parti;Jørgen Larsen, Dianalund;0
11. Flinterup;V;Venstre, Danmarks Liberale Parti;Mogens Krasilnikoff, Niløse;0
11. Flinterup;V;Venstre, Danmarks Liberale Parti;Henrik C. Vester, Frederiksberg;0
11. Flinterup;V;Venstre, Danmarks Liberale Parti;Hans Jensen, Fjenneslev;0
11. Flinterup;V;Venstre, Danmarks Liberale Parti;John Ahlfors, Døjringe;2
12. Munke Bjergby;A;Socialdemokratiet;Listestemmer;43
12. Munke Bjergby;A;Socialdemokratiet;Ivan Hansen, Sorø;108
12. Munke Bjergby;A;Socialdemokratiet;Annette Raaschou van der Star, Dia;4
12. Munke Bjergby;A;Socialdemokratiet;Anne Madsen, Sorø;9
12. Munke Bjergby;A;Socialdemokratiet;Michael Jensen, Sorø;1
12. Munke Bjergby;A;Socialdemokratiet;Carl Andersen, Frederiksberg;2
12. Munke Bjergby;A;Socialdemokratiet;Anita Skjoldager Eskildsen, Stenli;7
12. Munke Bjergby;A;Socialdemokratiet;Preben Lund, Frederiksberg;1
12. Munke Bjergby;A;Socialdemokratiet;Søren Andersen, Stenlille;7
12. Munke Bjergby;A;Socialdemokratiet;Klaus Gylling, Sorø;0
12. Munke Bjergby;A;Socialdemokratiet;E.Bjørn Nielsen, Bromme;13
12. Munke Bjergby;A;Socialdemokratiet;Jakob Meibom, Sorø;4
12. Munke Bjergby;A;Socialdemokratiet;Flemming Meyer Kjærgaard, Sorø;0
12. Munke Bjergby;A;Socialdemokratiet;Finn Andersen, Sorø;3
12. Munke Bjergby;A;Socialdemokratiet;Peter Thomasen, Dianalund;0
12. Munke Bjergby;A;Socialdemokratiet;Dennis Engholm, Sorø;1
12. Munke Bjergby;A;Socialdemokratiet;Poul E.Pedersen, Dianalund;0
12. Munke Bjergby;A;Socialdemokratiet;Ole Ring, Sorø;0
12. Munke Bjergby;A;Socialdemokratiet;Bent Frederiksen, Dianalund;1
12. Munke Bjergby;B;Det Radikale Venstre;Listestemmer;3
12. Munke Bjergby;B;Det Radikale Venstre;Carsten Ørting Andersen;1
12. Munke Bjergby;B;Det Radikale Venstre;Kurt Løvlund Pedersen;0
12. Munke Bjergby;B;Det Radikale Venstre;Tomas Bech Madsen;0
12. Munke Bjergby;B;Det Radikale Venstre;Aase Jensen;0
12. Munke Bjergby;B;Det Radikale Venstre;Ulla Koch;0
12. Munke Bjergby;B;Det Radikale Venstre;Lene Kamuk;0
12. Munke Bjergby;B;Det Radikale Venstre;Henrik Nørgaard;0
12. Munke Bjergby;C;Det Konservative Folkeparti;Listestemmer;24
12. Munke Bjergby;C;Det Konservative Folkeparti;Gert Jørgensen;45
12. Munke Bjergby;C;Det Konservative Folkeparti;Per Hovmand;19
12. Munke Bjergby;C;Det Konservative Folkeparti;Kristian Egebæk Mortensen;0
12. Munke Bjergby;C;Det Konservative Folkeparti;Mogens Schwensen;2
12. Munke Bjergby;C;Det Konservative Folkeparti;Ib Hahn Andersen;2
12. Munke Bjergby;C;Det Konservative Folkeparti;Mogens Kræmer;2
12. Munke Bjergby;C;Det Konservative Folkeparti;Peter Lind Frederiksen;4
12. Munke Bjergby;C;Det Konservative Folkeparti;Janus Tarp;4
12. Munke Bjergby;C;Det Konservative Folkeparti;Eva Sell;3
12. Munke Bjergby;C;Det Konservative Folkeparti;Tina Hyldegaard-Pedersen;1
12. Munke Bjergby;C;Det Konservative Folkeparti;Jan Henriksen;0
12. Munke Bjergby;C;Det Konservative Folkeparti;Iben Kullberg;1
12. Munke Bjergby;C;Det Konservative Folkeparti;Annette Bach Laursen;0
12. Munke Bjergby;C;Det Konservative Folkeparti;Carsten Petersen;1
12. Munke Bjergby;D;Danmarks Nationale Liste;Listestemmer;0
12. Munke Bjergby;D;Danmarks Nationale Liste;Hanne Svendsen, Ruds Vedby;0
12. Munke Bjergby;D;Danmarks Nationale Liste;Hallstein Bjørnbak, Dianalund;1
12. Munke Bjergby;E;Retsforbundet;Listestemmer;0
12. Munke Bjergby;E;Retsforbundet;Hans-Christian Søgaard Andersen,So;0
12. Munke Bjergby;F;SF - Socialistisk Folkeparti;Listestemmer;38
12. Munke Bjergby;F;SF - Socialistisk Folkeparti;Poul Hangler;4
12. Munke Bjergby;F;SF - Socialistisk Folkeparti;Linda Nielsen;8
12. Munke Bjergby;F;SF - Socialistisk Folkeparti;Arne Juel Jensen;6
12. Munke Bjergby;F;SF - Socialistisk Folkeparti;Mai Voigt;5
12. Munke Bjergby;F;SF - Socialistisk Folkeparti;Morten Jensen;0
12. Munke Bjergby;F;SF - Socialistisk Folkeparti;Dorte E. Nielsen;2
12. Munke Bjergby;F;SF - Socialistisk Folkeparti;Helle Cundell;5
12. Munke Bjergby;F;SF - Socialistisk Folkeparti;Ryan Jensen;2
12. Munke Bjergby;F;SF - Socialistisk Folkeparti;Elin Dybvad Larsen;1
12. Munke Bjergby;F;SF - Socialistisk Folkeparti;Hans-Christian Uth;0
12. Munke Bjergby;F;SF - Socialistisk Folkeparti;Jan Pedersen;3
12. Munke Bjergby;L;Liberalsocialisterne - LS;Listestemmer;0
12. Munke Bjergby;L;Liberalsocialisterne - LS;Bent A. Jespersen;0
12. Munke Bjergby;M;Medborgerlisten;Listestemmer;10
12. Munke Bjergby;M;Medborgerlisten;Henrik Bøll Larsen;4
12. Munke Bjergby;M;Medborgerlisten;Bettina Jensen;14
12. Munke Bjergby;M;Medborgerlisten;Ella Hilker;1
12. Munke Bjergby;M;Medborgerlisten;Martin Bertelsen;4
12. Munke Bjergby;O;Dansk Folkeparti;Listestemmer;31
12. Munke Bjergby;O;Dansk Folkeparti;Erik Sennenwaldt;18
12. Munke Bjergby;O;Dansk Folkeparti;Lene Coppen;9
12. Munke Bjergby;O;Dansk Folkeparti;Michael Pihl;5
12. Munke Bjergby;O;Dansk Folkeparti;Finn Sørensen;2
12. Munke Bjergby;O;Dansk Folkeparti;Lotte Andersson;3
12. Munke Bjergby;R;Folkebevægelsen Ret- og Velfærd;Listestemmer;0
12. Munke Bjergby;R;Folkebevægelsen Ret- og Velfærd;Tinamaria Fabrina Jensen, Sorø;1
12. Munke Bjergby;R;Folkebevægelsen Ret- og Velfærd;Toke Herkild, Sorø;0
12. Munke Bjergby;V;Venstre, Danmarks Liberale Parti;Listestemmer;48
12. Munke Bjergby;V;Venstre, Danmarks Liberale Parti;Flemming Olsen, Frederiksberg;18
12. Munke Bjergby;V;Venstre, Danmarks Liberale Parti;Alice Krabbenhøft, Stenmagle;9
12. Munke Bjergby;V;Venstre, Danmarks Liberale Parti;Rolf Clausen, Sorø;7
12. Munke Bjergby;V;Venstre, Danmarks Liberale Parti;Bo Christensen, Sorø;2
12. Munke Bjergby;V;Venstre, Danmarks Liberale Parti;Jens Nygaard, Borød;14
12. Munke Bjergby;V;Venstre, Danmarks Liberale Parti;Kurt Pedersen, Kongsted;0
12. Munke Bjergby;V;Venstre, Danmarks Liberale Parti;Mette H. Jørgensen, Kr.Flinterup;11
12. Munke Bjergby;V;Venstre, Danmarks Liberale Parti;Poul Henrik Madelung, Krøjerup;0
12. Munke Bjergby;V;Venstre, Danmarks Liberale Parti;Erik Larsen, Sorø;19
12. Munke Bjergby;V;Venstre, Danmarks Liberale Parti;Niels J. Lundsberg, Bromme;2
12. Munke Bjergby;V;Venstre, Danmarks Liberale Parti;Jørgen Larsen, Dianalund;1
12. Munke Bjergby;V;Venstre, Danmarks Liberale Parti;Mogens Krasilnikoff, Niløse;0
12. Munke Bjergby;V;Venstre, Danmarks Liberale Parti;Henrik C. Vester, Frederiksberg;0
12. Munke Bjergby;V;Venstre, Danmarks Liberale Parti;Hans Jensen, Fjenneslev;0
12. Munke Bjergby;V;Venstre, Danmarks Liberale Parti;John Ahlfors, Døjringe;14
13. Stenmagle;A;Socialdemokratiet;Listestemmer;24
13. Stenmagle;A;Socialdemokratiet;Ivan Hansen, Sorø;33
13. Stenmagle;A;Socialdemokratiet;Annette Raaschou van der Star, Dia;5
13. Stenmagle;A;Socialdemokratiet;Anne Madsen, Sorø;3
13. Stenmagle;A;Socialdemokratiet;Michael Jensen, Sorø;0
13. Stenmagle;A;Socialdemokratiet;Carl Andersen, Frederiksberg;0
13. Stenmagle;A;Socialdemokratiet;Anita Skjoldager Eskildsen, Stenli;19
13. Stenmagle;A;Socialdemokratiet;Preben Lund, Frederiksberg;2
13. Stenmagle;A;Socialdemokratiet;Søren Andersen, Stenlille;8
13. Stenmagle;A;Socialdemokratiet;Klaus Gylling, Sorø;1
13. Stenmagle;A;Socialdemokratiet;E.Bjørn Nielsen, Bromme;1
13. Stenmagle;A;Socialdemokratiet;Jakob Meibom, Sorø;0
13. Stenmagle;A;Socialdemokratiet;Flemming Meyer Kjærgaard, Sorø;0
13. Stenmagle;A;Socialdemokratiet;Finn Andersen, Sorø;0
13. Stenmagle;A;Socialdemokratiet;Peter Thomasen, Dianalund;0
13. Stenmagle;A;Socialdemokratiet;Dennis Engholm, Sorø;2
13. Stenmagle;A;Socialdemokratiet;Poul E.Pedersen, Dianalund;0
13. Stenmagle;A;Socialdemokratiet;Ole Ring, Sorø;0
13. Stenmagle;A;Socialdemokratiet;Bent Frederiksen, Dianalund;0
13. Stenmagle;B;Det Radikale Venstre;Listestemmer;4
13. Stenmagle;B;Det Radikale Venstre;Carsten Ørting Andersen;1
13. Stenmagle;B;Det Radikale Venstre;Kurt Løvlund Pedersen;10
13. Stenmagle;B;Det Radikale Venstre;Tomas Bech Madsen;0
13. Stenmagle;B;Det Radikale Venstre;Aase Jensen;0
13. Stenmagle;B;Det Radikale Venstre;Ulla Koch;0
13. Stenmagle;B;Det Radikale Venstre;Lene Kamuk;0
13. Stenmagle;B;Det Radikale Venstre;Henrik Nørgaard;0
13. Stenmagle;C;Det Konservative Folkeparti;Listestemmer;13
13. Stenmagle;C;Det Konservative Folkeparti;Gert Jørgensen;17
13. Stenmagle;C;Det Konservative Folkeparti;Per Hovmand;5
13. Stenmagle;C;Det Konservative Folkeparti;Kristian Egebæk Mortensen;0
13. Stenmagle;C;Det Konservative Folkeparti;Mogens Schwensen;1
13. Stenmagle;C;Det Konservative Folkeparti;Ib Hahn Andersen;2
13. Stenmagle;C;Det Konservative Folkeparti;Mogens Kræmer;0
13. Stenmagle;C;Det Konservative Folkeparti;Peter Lind Frederiksen;2
13. Stenmagle;C;Det Konservative Folkeparti;Janus Tarp;1
13. Stenmagle;C;Det Konservative Folkeparti;Eva Sell;0
13. Stenmagle;C;Det Konservative Folkeparti;Tina Hyldegaard-Pedersen;0
13. Stenmagle;C;Det Konservative Folkeparti;Jan Henriksen;0
13. Stenmagle;C;Det Konservative Folkeparti;Iben Kullberg;1
13. Stenmagle;C;Det Konservative Folkeparti;Annette Bach Laursen;1
13. Stenmagle;C;Det Konservative Folkeparti;Carsten Petersen;0
13. Stenmagle;D;Danmarks Nationale Liste;Listestemmer;0
13. Stenmagle;D;Danmarks Nationale Liste;Hanne Svendsen, Ruds Vedby;0
13. Stenmagle;D;Danmarks Nationale Liste;Hallstein Bjørnbak, Dianalund;0
13. Stenmagle;E;Retsforbundet;Listestemmer;0
13. Stenmagle;E;Retsforbundet;Hans-Christian Søgaard Andersen,So;0
13. Stenmagle;F;SF - Socialistisk Folkeparti;Listestemmer;17
13. Stenmagle;F;SF - Socialistisk Folkeparti;Poul Hangler;2
13. Stenmagle;F;SF - Socialistisk Folkeparti;Linda Nielsen;14
13. Stenmagle;F;SF - Socialistisk Folkeparti;Arne Juel Jensen;19
13. Stenmagle;F;SF - Socialistisk Folkeparti;Mai Voigt;3
13. Stenmagle;F;SF - Socialistisk Folkeparti;Morten Jensen;1
13. Stenmagle;F;SF - Socialistisk Folkeparti;Dorte E. Nielsen;0
13. Stenmagle;F;SF - Socialistisk Folkeparti;Helle Cundell;1
13. Stenmagle;F;SF - Socialistisk Folkeparti;Ryan Jensen;1
13. Stenmagle;F;SF - Socialistisk Folkeparti;Elin Dybvad Larsen;1
13. Stenmagle;F;SF - Socialistisk Folkeparti;Hans-Christian Uth;0
13. Stenmagle;F;SF - Socialistisk Folkeparti;Jan Pedersen;0
13. Stenmagle;L;Liberalsocialisterne - LS;Listestemmer;0
13. Stenmagle;L;Liberalsocialisterne - LS;Bent A. Jespersen;0
13. Stenmagle;M;Medborgerlisten;Listestemmer;10
13. Stenmagle;M;Medborgerlisten;Henrik Bøll Larsen;3
13. Stenmagle;M;Medborgerlisten;Bettina Jensen;14
13. Stenmagle;M;Medborgerlisten;Ella Hilker;0
13. Stenmagle;M;Medborgerlisten;Martin Bertelsen;13
13. Stenmagle;O;Dansk Folkeparti;Listestemmer;22
13. Stenmagle;O;Dansk Folkeparti;Erik Sennenwaldt;7
13. Stenmagle;O;Dansk Folkeparti;Lene Coppen;7
13. Stenmagle;O;Dansk Folkeparti;Michael Pihl;1
13. Stenmagle;O;Dansk Folkeparti;Finn Sørensen;1
13. Stenmagle;O;Dansk Folkeparti;Lotte Andersson;9
13. Stenmagle;R;Folkebevægelsen Ret- og Velfærd;Listestemmer;0
13. Stenmagle;R;Folkebevægelsen Ret- og Velfærd;Tinamaria Fabrina Jensen, Sorø;1
13. Stenmagle;R;Folkebevægelsen Ret- og Velfærd;Toke Herkild, Sorø;0
13. Stenmagle;V;Venstre, Danmarks Liberale Parti;Listestemmer;23
13. Stenmagle;V;Venstre, Danmarks Liberale Parti;Flemming Olsen, Frederiksberg;7
13. Stenmagle;V;Venstre, Danmarks Liberale Parti;Alice Krabbenhøft, Stenmagle;27
13. Stenmagle;V;Venstre, Danmarks Liberale Parti;Rolf Clausen, Sorø;3
13. Stenmagle;V;Venstre, Danmarks Liberale Parti;Bo Christensen, Sorø;1
13. Stenmagle;V;Venstre, Danmarks Liberale Parti;Jens Nygaard, Borød;2
13. Stenmagle;V;Venstre, Danmarks Liberale Parti;Kurt Pedersen, Kongsted;0
13. Stenmagle;V;Venstre, Danmarks Liberale Parti;Mette H. Jørgensen, Kr.Flinterup;16
13. Stenmagle;V;Venstre, Danmarks Liberale Parti;Poul Henrik Madelung, Krøjerup;0
13. Stenmagle;V;Venstre, Danmarks Liberale Parti;Erik Larsen, Sorø;2
13. Stenmagle;V;Venstre, Danmarks Liberale Parti;Niels J. Lundsberg, Bromme;0
13. Stenmagle;V;Venstre, Danmarks Liberale Parti;Jørgen Larsen, Dianalund;0
13. Stenmagle;V;Venstre, Danmarks Liberale Parti;Mogens Krasilnikoff, Niløse;0
13. Stenmagle;V;Venstre, Danmarks Liberale Parti;Henrik C. Vester, Frederiksberg;0
13. Stenmagle;V;Venstre, Danmarks Liberale Parti;Hans Jensen, Fjenneslev;0
13. Stenmagle;V;Venstre, Danmarks Liberale Parti;John Ahlfors, Døjringe;2
