Kreds,valgsted_navn,kandidat_navn,parti,stemmer,Storkreds
Rønnekredsen,7. Klemensker,Partiliste,Socialdemokratiet,25,Bornholms Storkreds
Rønnekredsen,7. Klemensker,Jeppe Kofod,Socialdemokratiet,251,Bornholms Storkreds
Rønnekredsen,7. Klemensker,Ole Christensen,Socialdemokratiet,2,Bornholms Storkreds
Rønnekredsen,7. Klemensker,Christel Schaldemose,Socialdemokratiet,7,Bornholms Storkreds
Rønnekredsen,7. Klemensker,Lasse Quvang Rasmussen,Socialdemokratiet,0,Bornholms Storkreds
Rønnekredsen,7. Klemensker,Britta Thomsen,Socialdemokratiet,2,Bornholms Storkreds
Rønnekredsen,7. Klemensker,Kathrine Alexandrowiz,Socialdemokratiet,0,Bornholms Storkreds
Rønnekredsen,7. Klemensker,Gunde Odgaard,Socialdemokratiet,0,Bornholms Storkreds
Rønnekredsen,7. Klemensker,Rasmus Gjedssø Bertelsen,Socialdemokratiet,0,Bornholms Storkreds
Rønnekredsen,7. Klemensker,Partiliste,Radikale Venstre,4,Bornholms Storkreds
Rønnekredsen,7. Klemensker,Morten Helveg Petersen,Radikale Venstre,15,Bornholms Storkreds
Rønnekredsen,7. Klemensker,Christian Kjølhede,Radikale Venstre,0,Bornholms Storkreds
Rønnekredsen,7. Klemensker,Kristina Siig,Radikale Venstre,1,Bornholms Storkreds
Rønnekredsen,7. Klemensker,Samira Nawa Amini,Radikale Venstre,0,Bornholms Storkreds
Rønnekredsen,7. Klemensker,Karen Melchior,Radikale Venstre,1,Bornholms Storkreds
Rønnekredsen,7. Klemensker,Thomas Elkjær,Radikale Venstre,0,Bornholms Storkreds
Rønnekredsen,7. Klemensker,Sissel Kvist,Radikale Venstre,0,Bornholms Storkreds
Rønnekredsen,7. Klemensker,Partiliste,Det Konservative Folkeparti,7,Bornholms Storkreds
Rønnekredsen,7. Klemensker,Bendt Bendtsen,Det Konservative Folkeparti,33,Bornholms Storkreds
Rønnekredsen,7. Klemensker,Josefine Kofoed,Det Konservative Folkeparti,5,Bornholms Storkreds
Rønnekredsen,7. Klemensker,Tove Videbæk,Det Konservative Folkeparti,15,Bornholms Storkreds
Rønnekredsen,7. Klemensker,Nichlas Vind,Det Konservative Folkeparti,0,Bornholms Storkreds
Rønnekredsen,7. Klemensker,Christian Wedell-Neergaard,Det Konservative Folkeparti,0,Bornholms Storkreds
Rønnekredsen,7. Klemensker,Morten Thiessen,Det Konservative Folkeparti,0,Bornholms Storkreds
Rønnekredsen,7. Klemensker,Julie Broe,Det Konservative Folkeparti,0,Bornholms Storkreds
Rønnekredsen,7. Klemensker,Catja C. Gaebel,Det Konservative Folkeparti,0,Bornholms Storkreds
Rønnekredsen,7. Klemensker,Anders Stoltenberg,Det Konservative Folkeparti,0,Bornholms Storkreds
Rønnekredsen,7. Klemensker,Mette-Katrine Ejby Buch,Det Konservative Folkeparti,1,Bornholms Storkreds
Rønnekredsen,7. Klemensker,Partiliste,SF - Socialistisk Folkeparti,6,Bornholms Storkreds
Rønnekredsen,7. Klemensker,Margrete Auken,SF - Socialistisk Folkeparti,23,Bornholms Storkreds
Rønnekredsen,7. Klemensker,Tonni Hansen,SF - Socialistisk Folkeparti,1,Bornholms Storkreds
Rønnekredsen,7. Klemensker,Anne-Mette Wehmüller,SF - Socialistisk Folkeparti,0,Bornholms Storkreds
Rønnekredsen,7. Klemensker,Christine Sidenius,SF - Socialistisk Folkeparti,1,Bornholms Storkreds
Rønnekredsen,7. Klemensker,Teis Volstrup,SF - Socialistisk Folkeparti,2,Bornholms Storkreds
Rønnekredsen,7. Klemensker,Jacob Isøe Klærke,SF - Socialistisk Folkeparti,0,Bornholms Storkreds
Rønnekredsen,7. Klemensker,Fathi El-Abed,SF - Socialistisk Folkeparti,2,Bornholms Storkreds
Rønnekredsen,7. Klemensker,Halime Oguz,SF - Socialistisk Folkeparti,0,Bornholms Storkreds
Rønnekredsen,7. Klemensker,Meta Fuglsang,SF - Socialistisk Folkeparti,0,Bornholms Storkreds
Rønnekredsen,7. Klemensker,Allan Norre Pedersen,SF - Socialistisk Folkeparti,0,Bornholms Storkreds
Rønnekredsen,7. Klemensker,Rune Bai Nielsen,SF - Socialistisk Folkeparti,0,Bornholms Storkreds
Rønnekredsen,7. Klemensker,Charlotte Broman Mølbæk,SF - Socialistisk Folkeparti,0,Bornholms Storkreds
Rønnekredsen,7. Klemensker,Michael Thomsen,SF - Socialistisk Folkeparti,0,Bornholms Storkreds
Rønnekredsen,7. Klemensker,Søren Gytz Olesen,SF - Socialistisk Folkeparti,0,Bornholms Storkreds
Rønnekredsen,7. Klemensker,Jan Kjær,SF - Socialistisk Folkeparti,0,Bornholms Storkreds
Rønnekredsen,7. Klemensker,Jørgen Jørgensen,SF - Socialistisk Folkeparti,1,Bornholms Storkreds
Rønnekredsen,7. Klemensker,Troels Stru Schmidt,SF - Socialistisk Folkeparti,0,Bornholms Storkreds
Rønnekredsen,7. Klemensker,Lau Tambjerg,SF - Socialistisk Folkeparti,0,Bornholms Storkreds
Rønnekredsen,7. Klemensker,Annemette Schønberg Johnsen,SF - Socialistisk Folkeparti,3,Bornholms Storkreds
Rønnekredsen,7. Klemensker,Anne Lise Holst Jensen,SF - Socialistisk Folkeparti,2,Bornholms Storkreds
Rønnekredsen,7. Klemensker,Partiliste,Liberal Alliance,4,Bornholms Storkreds
Rønnekredsen,7. Klemensker,Christina Egelund,Liberal Alliance,5,Bornholms Storkreds
Rønnekredsen,7. Klemensker,Niels Westy,Liberal Alliance,0,Bornholms Storkreds
Rønnekredsen,7. Klemensker,Kasper Heumann Kristensen,Liberal Alliance,2,Bornholms Storkreds
Rønnekredsen,7. Klemensker,Marianne Mørk Mathiesen,Liberal Alliance,0,Bornholms Storkreds
Rønnekredsen,7. Klemensker,Jakob Bille,Liberal Alliance,0,Bornholms Storkreds
Rønnekredsen,7. Klemensker,Sabeena Sareen,Liberal Alliance,1,Bornholms Storkreds
Rønnekredsen,7. Klemensker,Andreas Hastrup,Liberal Alliance,0,Bornholms Storkreds
Rønnekredsen,7. Klemensker,Anne Kathrine Kirk,Liberal Alliance,0,Bornholms Storkreds
Rønnekredsen,7. Klemensker,Niels Høiby,Liberal Alliance,0,Bornholms Storkreds
Rønnekredsen,7. Klemensker,Partiliste,Folkebevægelsen mod EU,32,Bornholms Storkreds
Rønnekredsen,7. Klemensker,Rina Ronja Kari,Folkebevægelsen mod EU,32,Bornholms Storkreds
Rønnekredsen,7. Klemensker,Lave K. Broch,Folkebevægelsen mod EU,4,Bornholms Storkreds
Rønnekredsen,7. Klemensker,Ole Nors Nielsen,Folkebevægelsen mod EU,1,Bornholms Storkreds
Rønnekredsen,7. Klemensker,Christian Juhl,Folkebevægelsen mod EU,3,Bornholms Storkreds
Rønnekredsen,7. Klemensker,Karina Rohr Sørensen,Folkebevægelsen mod EU,2,Bornholms Storkreds
Rønnekredsen,7. Klemensker,Jørgen Grøn,Folkebevægelsen mod EU,0,Bornholms Storkreds
Rønnekredsen,7. Klemensker,Mette Langdal,Folkebevægelsen mod EU,0,Bornholms Storkreds
Rønnekredsen,7. Klemensker,Brian Olsen,Folkebevægelsen mod EU,0,Bornholms Storkreds
Rønnekredsen,7. Klemensker,Erik Bach,Folkebevægelsen mod EU,0,Bornholms Storkreds
Rønnekredsen,7. Klemensker,Helge Rørtoft-Madsen,Folkebevægelsen mod EU,0,Bornholms Storkreds
Rønnekredsen,7. Klemensker,Thorkil Sohn,Folkebevægelsen mod EU,0,Bornholms Storkreds
Rønnekredsen,7. Klemensker,Hans-Henrik Larsen,Folkebevægelsen mod EU,0,Bornholms Storkreds
Rønnekredsen,7. Klemensker,Jean Thierry,Folkebevægelsen mod EU,0,Bornholms Storkreds
Rønnekredsen,7. Klemensker,Inger-Marie Tryde Martensen,Folkebevægelsen mod EU,0,Bornholms Storkreds
Rønnekredsen,7. Klemensker,Malte Bang,Folkebevægelsen mod EU,2,Bornholms Storkreds
Rønnekredsen,7. Klemensker,Mehmet Aksoy,Folkebevægelsen mod EU,0,Bornholms Storkreds
Rønnekredsen,7. Klemensker,Victoria Ninosca Risbjerg Velasque,Folkebevægelsen mod EU,1,Bornholms Storkreds
Rønnekredsen,7. Klemensker,Troels Juel,Folkebevægelsen mod EU,0,Bornholms Storkreds
Rønnekredsen,7. Klemensker,Tobias Clausen,Folkebevægelsen mod EU,0,Bornholms Storkreds
Rønnekredsen,7. Klemensker,Preben Kristensen,Folkebevægelsen mod EU,0,Bornholms Storkreds
Rønnekredsen,7. Klemensker,Partiliste,Dansk Folkeparti,38,Bornholms Storkreds
Rønnekredsen,7. Klemensker,Morten Messerschmidt,Dansk Folkeparti,201,Bornholms Storkreds
Rønnekredsen,7. Klemensker,Anders Primdahl Vistisen,Dansk Folkeparti,4,Bornholms Storkreds
Rønnekredsen,7. Klemensker,Rikke Karlsson,Dansk Folkeparti,3,Bornholms Storkreds
Rønnekredsen,7. Klemensker,Karsten Lorentzen,Dansk Folkeparti,1,Bornholms Storkreds
Rønnekredsen,7. Klemensker,Tilde Bork,Dansk Folkeparti,1,Bornholms Storkreds
Rønnekredsen,7. Klemensker,Jørn Dohrmann,Dansk Folkeparti,2,Bornholms Storkreds
Rønnekredsen,7. Klemensker,Susanne Eilersen,Dansk Folkeparti,0,Bornholms Storkreds
Rønnekredsen,7. Klemensker,Kristina Jørgensen,Dansk Folkeparti,1,Bornholms Storkreds
Rønnekredsen,7. Klemensker,Githa Nelander,Dansk Folkeparti,0,Bornholms Storkreds
Rønnekredsen,7. Klemensker,Danni Olsen,Dansk Folkeparti,0,Bornholms Storkreds
Rønnekredsen,7. Klemensker,Partiliste,"Venstre, Danmarks Liberale Parti",38,Bornholms Storkreds
Rønnekredsen,7. Klemensker,Ulla Tørnæs,"Venstre, Danmarks Liberale Parti",68,Bornholms Storkreds
Rønnekredsen,7. Klemensker,Nils Juhl Andreasen,"Venstre, Danmarks Liberale Parti",0,Bornholms Storkreds
Rønnekredsen,7. Klemensker,Asger Christensen,"Venstre, Danmarks Liberale Parti",6,Bornholms Storkreds
Rønnekredsen,7. Klemensker,Ole Davidsen,"Venstre, Danmarks Liberale Parti",1,Bornholms Storkreds
Rønnekredsen,7. Klemensker,Diego Gugliotta,"Venstre, Danmarks Liberale Parti",1,Bornholms Storkreds
Rønnekredsen,7. Klemensker,Poul-Erik Høyer,"Venstre, Danmarks Liberale Parti",2,Bornholms Storkreds
Rønnekredsen,7. Klemensker,Harry Jensen,"Venstre, Danmarks Liberale Parti",0,Bornholms Storkreds
Rønnekredsen,7. Klemensker,Marcus Knuth,"Venstre, Danmarks Liberale Parti",0,Bornholms Storkreds
Rønnekredsen,7. Klemensker,Morten Løkkegaard,"Venstre, Danmarks Liberale Parti",7,Bornholms Storkreds
Rønnekredsen,7. Klemensker,Jess Myrthu,"Venstre, Danmarks Liberale Parti",1,Bornholms Storkreds
Rønnekredsen,7. Klemensker,Nicolai Svejgaard Poulsen,"Venstre, Danmarks Liberale Parti",1,Bornholms Storkreds
Rønnekredsen,7. Klemensker,Henrik Frost Rasmussen,"Venstre, Danmarks Liberale Parti",40,Bornholms Storkreds
Rønnekredsen,7. Klemensker,Jens Rohde,"Venstre, Danmarks Liberale Parti",10,Bornholms Storkreds
Rønnekredsen,7. Klemensker,Irene Simonsen,"Venstre, Danmarks Liberale Parti",1,Bornholms Storkreds
Rønnekredsen,7. Klemensker,Aleksander Aagaard,"Venstre, Danmarks Liberale Parti",0,Bornholms Storkreds
Rønnekredsen,7. Klemensker,Sanni Aakjær-Olesen,"Venstre, Danmarks Liberale Parti",0,Bornholms Storkreds
Rønnekredsen,8. Rønne,Partiliste,Socialdemokratiet,196,Bornholms Storkreds
Rønnekredsen,8. Rønne,Jeppe Kofod,Socialdemokratiet,2053,Bornholms Storkreds
Rønnekredsen,8. Rønne,Ole Christensen,Socialdemokratiet,20,Bornholms Storkreds
Rønnekredsen,8. Rønne,Christel Schaldemose,Socialdemokratiet,72,Bornholms Storkreds
Rønnekredsen,8. Rønne,Lasse Quvang Rasmussen,Socialdemokratiet,6,Bornholms Storkreds
Rønnekredsen,8. Rønne,Britta Thomsen,Socialdemokratiet,24,Bornholms Storkreds
Rønnekredsen,8. Rønne,Kathrine Alexandrowiz,Socialdemokratiet,4,Bornholms Storkreds
Rønnekredsen,8. Rønne,Gunde Odgaard,Socialdemokratiet,22,Bornholms Storkreds
Rønnekredsen,8. Rønne,Rasmus Gjedssø Bertelsen,Socialdemokratiet,0,Bornholms Storkreds
Rønnekredsen,8. Rønne,Partiliste,Radikale Venstre,40,Bornholms Storkreds
Rønnekredsen,8. Rønne,Morten Helveg Petersen,Radikale Venstre,93,Bornholms Storkreds
Rønnekredsen,8. Rønne,Christian Kjølhede,Radikale Venstre,3,Bornholms Storkreds
Rønnekredsen,8. Rønne,Kristina Siig,Radikale Venstre,2,Bornholms Storkreds
Rønnekredsen,8. Rønne,Samira Nawa Amini,Radikale Venstre,2,Bornholms Storkreds
Rønnekredsen,8. Rønne,Karen Melchior,Radikale Venstre,5,Bornholms Storkreds
Rønnekredsen,8. Rønne,Thomas Elkjær,Radikale Venstre,0,Bornholms Storkreds
Rønnekredsen,8. Rønne,Sissel Kvist,Radikale Venstre,1,Bornholms Storkreds
Rønnekredsen,8. Rønne,Partiliste,Det Konservative Folkeparti,44,Bornholms Storkreds
Rønnekredsen,8. Rønne,Bendt Bendtsen,Det Konservative Folkeparti,174,Bornholms Storkreds
Rønnekredsen,8. Rønne,Josefine Kofoed,Det Konservative Folkeparti,21,Bornholms Storkreds
Rønnekredsen,8. Rønne,Tove Videbæk,Det Konservative Folkeparti,43,Bornholms Storkreds
Rønnekredsen,8. Rønne,Nichlas Vind,Det Konservative Folkeparti,2,Bornholms Storkreds
Rønnekredsen,8. Rønne,Christian Wedell-Neergaard,Det Konservative Folkeparti,1,Bornholms Storkreds
Rønnekredsen,8. Rønne,Morten Thiessen,Det Konservative Folkeparti,1,Bornholms Storkreds
Rønnekredsen,8. Rønne,Julie Broe,Det Konservative Folkeparti,2,Bornholms Storkreds
Rønnekredsen,8. Rønne,Catja C. Gaebel,Det Konservative Folkeparti,1,Bornholms Storkreds
Rønnekredsen,8. Rønne,Anders Stoltenberg,Det Konservative Folkeparti,4,Bornholms Storkreds
Rønnekredsen,8. Rønne,Mette-Katrine Ejby Buch,Det Konservative Folkeparti,0,Bornholms Storkreds
Rønnekredsen,8. Rønne,Partiliste,SF - Socialistisk Folkeparti,92,Bornholms Storkreds
Rønnekredsen,8. Rønne,Margrete Auken,SF - Socialistisk Folkeparti,208,Bornholms Storkreds
Rønnekredsen,8. Rønne,Tonni Hansen,SF - Socialistisk Folkeparti,11,Bornholms Storkreds
Rønnekredsen,8. Rønne,Anne-Mette Wehmüller,SF - Socialistisk Folkeparti,6,Bornholms Storkreds
Rønnekredsen,8. Rønne,Christine Sidenius,SF - Socialistisk Folkeparti,1,Bornholms Storkreds
Rønnekredsen,8. Rønne,Teis Volstrup,SF - Socialistisk Folkeparti,28,Bornholms Storkreds
Rønnekredsen,8. Rønne,Jacob Isøe Klærke,SF - Socialistisk Folkeparti,2,Bornholms Storkreds
Rønnekredsen,8. Rønne,Fathi El-Abed,SF - Socialistisk Folkeparti,4,Bornholms Storkreds
Rønnekredsen,8. Rønne,Halime Oguz,SF - Socialistisk Folkeparti,1,Bornholms Storkreds
Rønnekredsen,8. Rønne,Meta Fuglsang,SF - Socialistisk Folkeparti,3,Bornholms Storkreds
Rønnekredsen,8. Rønne,Allan Norre Pedersen,SF - Socialistisk Folkeparti,1,Bornholms Storkreds
Rønnekredsen,8. Rønne,Rune Bai Nielsen,SF - Socialistisk Folkeparti,0,Bornholms Storkreds
Rønnekredsen,8. Rønne,Charlotte Broman Mølbæk,SF - Socialistisk Folkeparti,3,Bornholms Storkreds
Rønnekredsen,8. Rønne,Michael Thomsen,SF - Socialistisk Folkeparti,0,Bornholms Storkreds
Rønnekredsen,8. Rønne,Søren Gytz Olesen,SF - Socialistisk Folkeparti,1,Bornholms Storkreds
Rønnekredsen,8. Rønne,Jan Kjær,SF - Socialistisk Folkeparti,1,Bornholms Storkreds
Rønnekredsen,8. Rønne,Jørgen Jørgensen,SF - Socialistisk Folkeparti,0,Bornholms Storkreds
Rønnekredsen,8. Rønne,Troels Stru Schmidt,SF - Socialistisk Folkeparti,4,Bornholms Storkreds
Rønnekredsen,8. Rønne,Lau Tambjerg,SF - Socialistisk Folkeparti,8,Bornholms Storkreds
Rønnekredsen,8. Rønne,Annemette Schønberg Johnsen,SF - Socialistisk Folkeparti,2,Bornholms Storkreds
Rønnekredsen,8. Rønne,Anne Lise Holst Jensen,SF - Socialistisk Folkeparti,0,Bornholms Storkreds
Rønnekredsen,8. Rønne,Partiliste,Liberal Alliance,14,Bornholms Storkreds
Rønnekredsen,8. Rønne,Christina Egelund,Liberal Alliance,27,Bornholms Storkreds
Rønnekredsen,8. Rønne,Niels Westy,Liberal Alliance,0,Bornholms Storkreds
Rønnekredsen,8. Rønne,Kasper Heumann Kristensen,Liberal Alliance,0,Bornholms Storkreds
Rønnekredsen,8. Rønne,Marianne Mørk Mathiesen,Liberal Alliance,0,Bornholms Storkreds
Rønnekredsen,8. Rønne,Jakob Bille,Liberal Alliance,0,Bornholms Storkreds
Rønnekredsen,8. Rønne,Sabeena Sareen,Liberal Alliance,3,Bornholms Storkreds
Rønnekredsen,8. Rønne,Andreas Hastrup,Liberal Alliance,2,Bornholms Storkreds
Rønnekredsen,8. Rønne,Anne Kathrine Kirk,Liberal Alliance,0,Bornholms Storkreds
Rønnekredsen,8. Rønne,Niels Høiby,Liberal Alliance,0,Bornholms Storkreds
Rønnekredsen,8. Rønne,Partiliste,Folkebevægelsen mod EU,244,Bornholms Storkreds
Rønnekredsen,8. Rønne,Rina Ronja Kari,Folkebevægelsen mod EU,180,Bornholms Storkreds
Rønnekredsen,8. Rønne,Lave K. Broch,Folkebevægelsen mod EU,8,Bornholms Storkreds
Rønnekredsen,8. Rønne,Ole Nors Nielsen,Folkebevægelsen mod EU,2,Bornholms Storkreds
Rønnekredsen,8. Rønne,Christian Juhl,Folkebevægelsen mod EU,14,Bornholms Storkreds
Rønnekredsen,8. Rønne,Karina Rohr Sørensen,Folkebevægelsen mod EU,4,Bornholms Storkreds
Rønnekredsen,8. Rønne,Jørgen Grøn,Folkebevægelsen mod EU,2,Bornholms Storkreds
Rønnekredsen,8. Rønne,Mette Langdal,Folkebevægelsen mod EU,5,Bornholms Storkreds
Rønnekredsen,8. Rønne,Brian Olsen,Folkebevægelsen mod EU,3,Bornholms Storkreds
Rønnekredsen,8. Rønne,Erik Bach,Folkebevægelsen mod EU,0,Bornholms Storkreds
Rønnekredsen,8. Rønne,Helge Rørtoft-Madsen,Folkebevægelsen mod EU,3,Bornholms Storkreds
Rønnekredsen,8. Rønne,Thorkil Sohn,Folkebevægelsen mod EU,2,Bornholms Storkreds
Rønnekredsen,8. Rønne,Hans-Henrik Larsen,Folkebevægelsen mod EU,3,Bornholms Storkreds
Rønnekredsen,8. Rønne,Jean Thierry,Folkebevægelsen mod EU,1,Bornholms Storkreds
Rønnekredsen,8. Rønne,Inger-Marie Tryde Martensen,Folkebevægelsen mod EU,0,Bornholms Storkreds
Rønnekredsen,8. Rønne,Malte Bang,Folkebevægelsen mod EU,1,Bornholms Storkreds
Rønnekredsen,8. Rønne,Mehmet Aksoy,Folkebevægelsen mod EU,0,Bornholms Storkreds
Rønnekredsen,8. Rønne,Victoria Ninosca Risbjerg Velasque,Folkebevægelsen mod EU,4,Bornholms Storkreds
Rønnekredsen,8. Rønne,Troels Juel,Folkebevægelsen mod EU,3,Bornholms Storkreds
Rønnekredsen,8. Rønne,Tobias Clausen,Folkebevægelsen mod EU,3,Bornholms Storkreds
Rønnekredsen,8. Rønne,Preben Kristensen,Folkebevægelsen mod EU,1,Bornholms Storkreds
Rønnekredsen,8. Rønne,Partiliste,Dansk Folkeparti,180,Bornholms Storkreds
Rønnekredsen,8. Rønne,Morten Messerschmidt,Dansk Folkeparti,1026,Bornholms Storkreds
Rønnekredsen,8. Rønne,Anders Primdahl Vistisen,Dansk Folkeparti,13,Bornholms Storkreds
Rønnekredsen,8. Rønne,Rikke Karlsson,Dansk Folkeparti,8,Bornholms Storkreds
Rønnekredsen,8. Rønne,Karsten Lorentzen,Dansk Folkeparti,4,Bornholms Storkreds
Rønnekredsen,8. Rønne,Tilde Bork,Dansk Folkeparti,2,Bornholms Storkreds
Rønnekredsen,8. Rønne,Jørn Dohrmann,Dansk Folkeparti,14,Bornholms Storkreds
Rønnekredsen,8. Rønne,Susanne Eilersen,Dansk Folkeparti,3,Bornholms Storkreds
Rønnekredsen,8. Rønne,Kristina Jørgensen,Dansk Folkeparti,7,Bornholms Storkreds
Rønnekredsen,8. Rønne,Githa Nelander,Dansk Folkeparti,2,Bornholms Storkreds
Rønnekredsen,8. Rønne,Danni Olsen,Dansk Folkeparti,7,Bornholms Storkreds
Rønnekredsen,8. Rønne,Partiliste,"Venstre, Danmarks Liberale Parti",156,Bornholms Storkreds
Rønnekredsen,8. Rønne,Ulla Tørnæs,"Venstre, Danmarks Liberale Parti",269,Bornholms Storkreds
Rønnekredsen,8. Rønne,Nils Juhl Andreasen,"Venstre, Danmarks Liberale Parti",7,Bornholms Storkreds
Rønnekredsen,8. Rønne,Asger Christensen,"Venstre, Danmarks Liberale Parti",6,Bornholms Storkreds
Rønnekredsen,8. Rønne,Ole Davidsen,"Venstre, Danmarks Liberale Parti",5,Bornholms Storkreds
Rønnekredsen,8. Rønne,Diego Gugliotta,"Venstre, Danmarks Liberale Parti",3,Bornholms Storkreds
Rønnekredsen,8. Rønne,Poul-Erik Høyer,"Venstre, Danmarks Liberale Parti",16,Bornholms Storkreds
Rønnekredsen,8. Rønne,Harry Jensen,"Venstre, Danmarks Liberale Parti",2,Bornholms Storkreds
Rønnekredsen,8. Rønne,Marcus Knuth,"Venstre, Danmarks Liberale Parti",1,Bornholms Storkreds
Rønnekredsen,8. Rønne,Morten Løkkegaard,"Venstre, Danmarks Liberale Parti",58,Bornholms Storkreds
Rønnekredsen,8. Rønne,Jess Myrthu,"Venstre, Danmarks Liberale Parti",6,Bornholms Storkreds
Rønnekredsen,8. Rønne,Nicolai Svejgaard Poulsen,"Venstre, Danmarks Liberale Parti",7,Bornholms Storkreds
Rønnekredsen,8. Rønne,Henrik Frost Rasmussen,"Venstre, Danmarks Liberale Parti",124,Bornholms Storkreds
Rønnekredsen,8. Rønne,Jens Rohde,"Venstre, Danmarks Liberale Parti",33,Bornholms Storkreds
Rønnekredsen,8. Rønne,Irene Simonsen,"Venstre, Danmarks Liberale Parti",3,Bornholms Storkreds
Rønnekredsen,8. Rønne,Aleksander Aagaard,"Venstre, Danmarks Liberale Parti",2,Bornholms Storkreds
Rønnekredsen,8. Rønne,Sanni Aakjær-Olesen,"Venstre, Danmarks Liberale Parti",1,Bornholms Storkreds
Rønnekredsen,9. Hasle,Partiliste,Socialdemokratiet,35,Bornholms Storkreds
Rønnekredsen,9. Hasle,Jeppe Kofod,Socialdemokratiet,395,Bornholms Storkreds
Rønnekredsen,9. Hasle,Ole Christensen,Socialdemokratiet,3,Bornholms Storkreds
Rønnekredsen,9. Hasle,Christel Schaldemose,Socialdemokratiet,14,Bornholms Storkreds
Rønnekredsen,9. Hasle,Lasse Quvang Rasmussen,Socialdemokratiet,2,Bornholms Storkreds
Rønnekredsen,9. Hasle,Britta Thomsen,Socialdemokratiet,7,Bornholms Storkreds
Rønnekredsen,9. Hasle,Kathrine Alexandrowiz,Socialdemokratiet,0,Bornholms Storkreds
Rønnekredsen,9. Hasle,Gunde Odgaard,Socialdemokratiet,5,Bornholms Storkreds
Rønnekredsen,9. Hasle,Rasmus Gjedssø Bertelsen,Socialdemokratiet,0,Bornholms Storkreds
Rønnekredsen,9. Hasle,Partiliste,Radikale Venstre,6,Bornholms Storkreds
Rønnekredsen,9. Hasle,Morten Helveg Petersen,Radikale Venstre,20,Bornholms Storkreds
Rønnekredsen,9. Hasle,Christian Kjølhede,Radikale Venstre,0,Bornholms Storkreds
Rønnekredsen,9. Hasle,Kristina Siig,Radikale Venstre,2,Bornholms Storkreds
Rønnekredsen,9. Hasle,Samira Nawa Amini,Radikale Venstre,1,Bornholms Storkreds
Rønnekredsen,9. Hasle,Karen Melchior,Radikale Venstre,4,Bornholms Storkreds
Rønnekredsen,9. Hasle,Thomas Elkjær,Radikale Venstre,0,Bornholms Storkreds
Rønnekredsen,9. Hasle,Sissel Kvist,Radikale Venstre,0,Bornholms Storkreds
Rønnekredsen,9. Hasle,Partiliste,Det Konservative Folkeparti,2,Bornholms Storkreds
Rønnekredsen,9. Hasle,Bendt Bendtsen,Det Konservative Folkeparti,37,Bornholms Storkreds
Rønnekredsen,9. Hasle,Josefine Kofoed,Det Konservative Folkeparti,3,Bornholms Storkreds
Rønnekredsen,9. Hasle,Tove Videbæk,Det Konservative Folkeparti,9,Bornholms Storkreds
Rønnekredsen,9. Hasle,Nichlas Vind,Det Konservative Folkeparti,0,Bornholms Storkreds
Rønnekredsen,9. Hasle,Christian Wedell-Neergaard,Det Konservative Folkeparti,0,Bornholms Storkreds
Rønnekredsen,9. Hasle,Morten Thiessen,Det Konservative Folkeparti,1,Bornholms Storkreds
Rønnekredsen,9. Hasle,Julie Broe,Det Konservative Folkeparti,0,Bornholms Storkreds
Rønnekredsen,9. Hasle,Catja C. Gaebel,Det Konservative Folkeparti,0,Bornholms Storkreds
Rønnekredsen,9. Hasle,Anders Stoltenberg,Det Konservative Folkeparti,2,Bornholms Storkreds
Rønnekredsen,9. Hasle,Mette-Katrine Ejby Buch,Det Konservative Folkeparti,0,Bornholms Storkreds
Rønnekredsen,9. Hasle,Partiliste,SF - Socialistisk Folkeparti,12,Bornholms Storkreds
Rønnekredsen,9. Hasle,Margrete Auken,SF - Socialistisk Folkeparti,38,Bornholms Storkreds
Rønnekredsen,9. Hasle,Tonni Hansen,SF - Socialistisk Folkeparti,5,Bornholms Storkreds
Rønnekredsen,9. Hasle,Anne-Mette Wehmüller,SF - Socialistisk Folkeparti,0,Bornholms Storkreds
Rønnekredsen,9. Hasle,Christine Sidenius,SF - Socialistisk Folkeparti,3,Bornholms Storkreds
Rønnekredsen,9. Hasle,Teis Volstrup,SF - Socialistisk Folkeparti,1,Bornholms Storkreds
Rønnekredsen,9. Hasle,Jacob Isøe Klærke,SF - Socialistisk Folkeparti,1,Bornholms Storkreds
Rønnekredsen,9. Hasle,Fathi El-Abed,SF - Socialistisk Folkeparti,1,Bornholms Storkreds
Rønnekredsen,9. Hasle,Halime Oguz,SF - Socialistisk Folkeparti,0,Bornholms Storkreds
Rønnekredsen,9. Hasle,Meta Fuglsang,SF - Socialistisk Folkeparti,0,Bornholms Storkreds
Rønnekredsen,9. Hasle,Allan Norre Pedersen,SF - Socialistisk Folkeparti,0,Bornholms Storkreds
Rønnekredsen,9. Hasle,Rune Bai Nielsen,SF - Socialistisk Folkeparti,0,Bornholms Storkreds
Rønnekredsen,9. Hasle,Charlotte Broman Mølbæk,SF - Socialistisk Folkeparti,0,Bornholms Storkreds
Rønnekredsen,9. Hasle,Michael Thomsen,SF - Socialistisk Folkeparti,0,Bornholms Storkreds
Rønnekredsen,9. Hasle,Søren Gytz Olesen,SF - Socialistisk Folkeparti,0,Bornholms Storkreds
Rønnekredsen,9. Hasle,Jan Kjær,SF - Socialistisk Folkeparti,0,Bornholms Storkreds
Rønnekredsen,9. Hasle,Jørgen Jørgensen,SF - Socialistisk Folkeparti,0,Bornholms Storkreds
Rønnekredsen,9. Hasle,Troels Stru Schmidt,SF - Socialistisk Folkeparti,2,Bornholms Storkreds
Rønnekredsen,9. Hasle,Lau Tambjerg,SF - Socialistisk Folkeparti,0,Bornholms Storkreds
Rønnekredsen,9. Hasle,Annemette Schønberg Johnsen,SF - Socialistisk Folkeparti,1,Bornholms Storkreds
Rønnekredsen,9. Hasle,Anne Lise Holst Jensen,SF - Socialistisk Folkeparti,0,Bornholms Storkreds
Rønnekredsen,9. Hasle,Partiliste,Liberal Alliance,2,Bornholms Storkreds
Rønnekredsen,9. Hasle,Christina Egelund,Liberal Alliance,8,Bornholms Storkreds
Rønnekredsen,9. Hasle,Niels Westy,Liberal Alliance,0,Bornholms Storkreds
Rønnekredsen,9. Hasle,Kasper Heumann Kristensen,Liberal Alliance,0,Bornholms Storkreds
Rønnekredsen,9. Hasle,Marianne Mørk Mathiesen,Liberal Alliance,0,Bornholms Storkreds
Rønnekredsen,9. Hasle,Jakob Bille,Liberal Alliance,1,Bornholms Storkreds
Rønnekredsen,9. Hasle,Sabeena Sareen,Liberal Alliance,0,Bornholms Storkreds
Rønnekredsen,9. Hasle,Andreas Hastrup,Liberal Alliance,0,Bornholms Storkreds
Rønnekredsen,9. Hasle,Anne Kathrine Kirk,Liberal Alliance,0,Bornholms Storkreds
Rønnekredsen,9. Hasle,Niels Høiby,Liberal Alliance,1,Bornholms Storkreds
Rønnekredsen,9. Hasle,Partiliste,Folkebevægelsen mod EU,57,Bornholms Storkreds
Rønnekredsen,9. Hasle,Rina Ronja Kari,Folkebevægelsen mod EU,46,Bornholms Storkreds
Rønnekredsen,9. Hasle,Lave K. Broch,Folkebevægelsen mod EU,0,Bornholms Storkreds
Rønnekredsen,9. Hasle,Ole Nors Nielsen,Folkebevægelsen mod EU,0,Bornholms Storkreds
Rønnekredsen,9. Hasle,Christian Juhl,Folkebevægelsen mod EU,4,Bornholms Storkreds
Rønnekredsen,9. Hasle,Karina Rohr Sørensen,Folkebevægelsen mod EU,0,Bornholms Storkreds
Rønnekredsen,9. Hasle,Jørgen Grøn,Folkebevægelsen mod EU,0,Bornholms Storkreds
Rønnekredsen,9. Hasle,Mette Langdal,Folkebevægelsen mod EU,0,Bornholms Storkreds
Rønnekredsen,9. Hasle,Brian Olsen,Folkebevægelsen mod EU,0,Bornholms Storkreds
Rønnekredsen,9. Hasle,Erik Bach,Folkebevægelsen mod EU,0,Bornholms Storkreds
Rønnekredsen,9. Hasle,Helge Rørtoft-Madsen,Folkebevægelsen mod EU,0,Bornholms Storkreds
Rønnekredsen,9. Hasle,Thorkil Sohn,Folkebevægelsen mod EU,0,Bornholms Storkreds
Rønnekredsen,9. Hasle,Hans-Henrik Larsen,Folkebevægelsen mod EU,1,Bornholms Storkreds
Rønnekredsen,9. Hasle,Jean Thierry,Folkebevægelsen mod EU,0,Bornholms Storkreds
Rønnekredsen,9. Hasle,Inger-Marie Tryde Martensen,Folkebevægelsen mod EU,2,Bornholms Storkreds
Rønnekredsen,9. Hasle,Malte Bang,Folkebevægelsen mod EU,0,Bornholms Storkreds
Rønnekredsen,9. Hasle,Mehmet Aksoy,Folkebevægelsen mod EU,0,Bornholms Storkreds
Rønnekredsen,9. Hasle,Victoria Ninosca Risbjerg Velasque,Folkebevægelsen mod EU,0,Bornholms Storkreds
Rønnekredsen,9. Hasle,Troels Juel,Folkebevægelsen mod EU,0,Bornholms Storkreds
Rønnekredsen,9. Hasle,Tobias Clausen,Folkebevægelsen mod EU,0,Bornholms Storkreds
Rønnekredsen,9. Hasle,Preben Kristensen,Folkebevægelsen mod EU,0,Bornholms Storkreds
Rønnekredsen,9. Hasle,Partiliste,Dansk Folkeparti,37,Bornholms Storkreds
Rønnekredsen,9. Hasle,Morten Messerschmidt,Dansk Folkeparti,283,Bornholms Storkreds
Rønnekredsen,9. Hasle,Anders Primdahl Vistisen,Dansk Folkeparti,2,Bornholms Storkreds
Rønnekredsen,9. Hasle,Rikke Karlsson,Dansk Folkeparti,3,Bornholms Storkreds
Rønnekredsen,9. Hasle,Karsten Lorentzen,Dansk Folkeparti,0,Bornholms Storkreds
Rønnekredsen,9. Hasle,Tilde Bork,Dansk Folkeparti,0,Bornholms Storkreds
Rønnekredsen,9. Hasle,Jørn Dohrmann,Dansk Folkeparti,3,Bornholms Storkreds
Rønnekredsen,9. Hasle,Susanne Eilersen,Dansk Folkeparti,0,Bornholms Storkreds
Rønnekredsen,9. Hasle,Kristina Jørgensen,Dansk Folkeparti,1,Bornholms Storkreds
Rønnekredsen,9. Hasle,Githa Nelander,Dansk Folkeparti,0,Bornholms Storkreds
Rønnekredsen,9. Hasle,Danni Olsen,Dansk Folkeparti,0,Bornholms Storkreds
Rønnekredsen,9. Hasle,Partiliste,"Venstre, Danmarks Liberale Parti",32,Bornholms Storkreds
Rønnekredsen,9. Hasle,Ulla Tørnæs,"Venstre, Danmarks Liberale Parti",94,Bornholms Storkreds
Rønnekredsen,9. Hasle,Nils Juhl Andreasen,"Venstre, Danmarks Liberale Parti",0,Bornholms Storkreds
Rønnekredsen,9. Hasle,Asger Christensen,"Venstre, Danmarks Liberale Parti",5,Bornholms Storkreds
Rønnekredsen,9. Hasle,Ole Davidsen,"Venstre, Danmarks Liberale Parti",0,Bornholms Storkreds
Rønnekredsen,9. Hasle,Diego Gugliotta,"Venstre, Danmarks Liberale Parti",0,Bornholms Storkreds
Rønnekredsen,9. Hasle,Poul-Erik Høyer,"Venstre, Danmarks Liberale Parti",2,Bornholms Storkreds
Rønnekredsen,9. Hasle,Harry Jensen,"Venstre, Danmarks Liberale Parti",0,Bornholms Storkreds
Rønnekredsen,9. Hasle,Marcus Knuth,"Venstre, Danmarks Liberale Parti",0,Bornholms Storkreds
Rønnekredsen,9. Hasle,Morten Løkkegaard,"Venstre, Danmarks Liberale Parti",10,Bornholms Storkreds
Rønnekredsen,9. Hasle,Jess Myrthu,"Venstre, Danmarks Liberale Parti",2,Bornholms Storkreds
Rønnekredsen,9. Hasle,Nicolai Svejgaard Poulsen,"Venstre, Danmarks Liberale Parti",5,Bornholms Storkreds
Rønnekredsen,9. Hasle,Henrik Frost Rasmussen,"Venstre, Danmarks Liberale Parti",38,Bornholms Storkreds
Rønnekredsen,9. Hasle,Jens Rohde,"Venstre, Danmarks Liberale Parti",10,Bornholms Storkreds
Rønnekredsen,9. Hasle,Irene Simonsen,"Venstre, Danmarks Liberale Parti",0,Bornholms Storkreds
Rønnekredsen,9. Hasle,Aleksander Aagaard,"Venstre, Danmarks Liberale Parti",0,Bornholms Storkreds
Rønnekredsen,9. Hasle,Sanni Aakjær-Olesen,"Venstre, Danmarks Liberale Parti",1,Bornholms Storkreds
Aakirkebykredsen,0. Christiansø,Partiliste,Socialdemokratiet,1,Bornholms Storkreds
Aakirkebykredsen,0. Christiansø,Jeppe Kofod,Socialdemokratiet,9,Bornholms Storkreds
Aakirkebykredsen,0. Christiansø,Ole Christensen,Socialdemokratiet,0,Bornholms Storkreds
Aakirkebykredsen,0. Christiansø,Christel Schaldemose,Socialdemokratiet,0,Bornholms Storkreds
Aakirkebykredsen,0. Christiansø,Lasse Quvang Rasmussen,Socialdemokratiet,0,Bornholms Storkreds
Aakirkebykredsen,0. Christiansø,Britta Thomsen,Socialdemokratiet,0,Bornholms Storkreds
Aakirkebykredsen,0. Christiansø,Kathrine Alexandrowiz,Socialdemokratiet,0,Bornholms Storkreds
Aakirkebykredsen,0. Christiansø,Gunde Odgaard,Socialdemokratiet,0,Bornholms Storkreds
Aakirkebykredsen,0. Christiansø,Rasmus Gjedssø Bertelsen,Socialdemokratiet,0,Bornholms Storkreds
Aakirkebykredsen,0. Christiansø,Partiliste,Radikale Venstre,0,Bornholms Storkreds
Aakirkebykredsen,0. Christiansø,Morten Helveg Petersen,Radikale Venstre,0,Bornholms Storkreds
Aakirkebykredsen,0. Christiansø,Christian Kjølhede,Radikale Venstre,0,Bornholms Storkreds
Aakirkebykredsen,0. Christiansø,Kristina Siig,Radikale Venstre,0,Bornholms Storkreds
Aakirkebykredsen,0. Christiansø,Samira Nawa Amini,Radikale Venstre,0,Bornholms Storkreds
Aakirkebykredsen,0. Christiansø,Karen Melchior,Radikale Venstre,0,Bornholms Storkreds
Aakirkebykredsen,0. Christiansø,Thomas Elkjær,Radikale Venstre,0,Bornholms Storkreds
Aakirkebykredsen,0. Christiansø,Sissel Kvist,Radikale Venstre,0,Bornholms Storkreds
Aakirkebykredsen,0. Christiansø,Partiliste,Det Konservative Folkeparti,0,Bornholms Storkreds
Aakirkebykredsen,0. Christiansø,Bendt Bendtsen,Det Konservative Folkeparti,0,Bornholms Storkreds
Aakirkebykredsen,0. Christiansø,Josefine Kofoed,Det Konservative Folkeparti,0,Bornholms Storkreds
Aakirkebykredsen,0. Christiansø,Tove Videbæk,Det Konservative Folkeparti,1,Bornholms Storkreds
Aakirkebykredsen,0. Christiansø,Nichlas Vind,Det Konservative Folkeparti,0,Bornholms Storkreds
Aakirkebykredsen,0. Christiansø,Christian Wedell-Neergaard,Det Konservative Folkeparti,0,Bornholms Storkreds
Aakirkebykredsen,0. Christiansø,Morten Thiessen,Det Konservative Folkeparti,0,Bornholms Storkreds
Aakirkebykredsen,0. Christiansø,Julie Broe,Det Konservative Folkeparti,0,Bornholms Storkreds
Aakirkebykredsen,0. Christiansø,Catja C. Gaebel,Det Konservative Folkeparti,1,Bornholms Storkreds
Aakirkebykredsen,0. Christiansø,Anders Stoltenberg,Det Konservative Folkeparti,0,Bornholms Storkreds
Aakirkebykredsen,0. Christiansø,Mette-Katrine Ejby Buch,Det Konservative Folkeparti,0,Bornholms Storkreds
Aakirkebykredsen,0. Christiansø,Partiliste,SF - Socialistisk Folkeparti,5,Bornholms Storkreds
Aakirkebykredsen,0. Christiansø,Margrete Auken,SF - Socialistisk Folkeparti,6,Bornholms Storkreds
Aakirkebykredsen,0. Christiansø,Tonni Hansen,SF - Socialistisk Folkeparti,0,Bornholms Storkreds
Aakirkebykredsen,0. Christiansø,Anne-Mette Wehmüller,SF - Socialistisk Folkeparti,0,Bornholms Storkreds
Aakirkebykredsen,0. Christiansø,Christine Sidenius,SF - Socialistisk Folkeparti,0,Bornholms Storkreds
Aakirkebykredsen,0. Christiansø,Teis Volstrup,SF - Socialistisk Folkeparti,0,Bornholms Storkreds
Aakirkebykredsen,0. Christiansø,Jacob Isøe Klærke,SF - Socialistisk Folkeparti,0,Bornholms Storkreds
Aakirkebykredsen,0. Christiansø,Fathi El-Abed,SF - Socialistisk Folkeparti,0,Bornholms Storkreds
Aakirkebykredsen,0. Christiansø,Halime Oguz,SF - Socialistisk Folkeparti,0,Bornholms Storkreds
Aakirkebykredsen,0. Christiansø,Meta Fuglsang,SF - Socialistisk Folkeparti,0,Bornholms Storkreds
Aakirkebykredsen,0. Christiansø,Allan Norre Pedersen,SF - Socialistisk Folkeparti,0,Bornholms Storkreds
Aakirkebykredsen,0. Christiansø,Rune Bai Nielsen,SF - Socialistisk Folkeparti,0,Bornholms Storkreds
Aakirkebykredsen,0. Christiansø,Charlotte Broman Mølbæk,SF - Socialistisk Folkeparti,0,Bornholms Storkreds
Aakirkebykredsen,0. Christiansø,Michael Thomsen,SF - Socialistisk Folkeparti,0,Bornholms Storkreds
Aakirkebykredsen,0. Christiansø,Søren Gytz Olesen,SF - Socialistisk Folkeparti,0,Bornholms Storkreds
Aakirkebykredsen,0. Christiansø,Jan Kjær,SF - Socialistisk Folkeparti,0,Bornholms Storkreds
Aakirkebykredsen,0. Christiansø,Jørgen Jørgensen,SF - Socialistisk Folkeparti,0,Bornholms Storkreds
Aakirkebykredsen,0. Christiansø,Troels Stru Schmidt,SF - Socialistisk Folkeparti,1,Bornholms Storkreds
Aakirkebykredsen,0. Christiansø,Lau Tambjerg,SF - Socialistisk Folkeparti,0,Bornholms Storkreds
Aakirkebykredsen,0. Christiansø,Annemette Schønberg Johnsen,SF - Socialistisk Folkeparti,0,Bornholms Storkreds
Aakirkebykredsen,0. Christiansø,Anne Lise Holst Jensen,SF - Socialistisk Folkeparti,0,Bornholms Storkreds
Aakirkebykredsen,0. Christiansø,Partiliste,Liberal Alliance,0,Bornholms Storkreds
Aakirkebykredsen,0. Christiansø,Christina Egelund,Liberal Alliance,1,Bornholms Storkreds
Aakirkebykredsen,0. Christiansø,Niels Westy,Liberal Alliance,0,Bornholms Storkreds
Aakirkebykredsen,0. Christiansø,Kasper Heumann Kristensen,Liberal Alliance,0,Bornholms Storkreds
Aakirkebykredsen,0. Christiansø,Marianne Mørk Mathiesen,Liberal Alliance,0,Bornholms Storkreds
Aakirkebykredsen,0. Christiansø,Jakob Bille,Liberal Alliance,0,Bornholms Storkreds
Aakirkebykredsen,0. Christiansø,Sabeena Sareen,Liberal Alliance,0,Bornholms Storkreds
Aakirkebykredsen,0. Christiansø,Andreas Hastrup,Liberal Alliance,0,Bornholms Storkreds
Aakirkebykredsen,0. Christiansø,Anne Kathrine Kirk,Liberal Alliance,0,Bornholms Storkreds
Aakirkebykredsen,0. Christiansø,Niels Høiby,Liberal Alliance,0,Bornholms Storkreds
Aakirkebykredsen,0. Christiansø,Partiliste,Folkebevægelsen mod EU,3,Bornholms Storkreds
Aakirkebykredsen,0. Christiansø,Rina Ronja Kari,Folkebevægelsen mod EU,3,Bornholms Storkreds
Aakirkebykredsen,0. Christiansø,Lave K. Broch,Folkebevægelsen mod EU,0,Bornholms Storkreds
Aakirkebykredsen,0. Christiansø,Ole Nors Nielsen,Folkebevægelsen mod EU,1,Bornholms Storkreds
Aakirkebykredsen,0. Christiansø,Christian Juhl,Folkebevægelsen mod EU,1,Bornholms Storkreds
Aakirkebykredsen,0. Christiansø,Karina Rohr Sørensen,Folkebevægelsen mod EU,0,Bornholms Storkreds
Aakirkebykredsen,0. Christiansø,Jørgen Grøn,Folkebevægelsen mod EU,0,Bornholms Storkreds
Aakirkebykredsen,0. Christiansø,Mette Langdal,Folkebevægelsen mod EU,0,Bornholms Storkreds
Aakirkebykredsen,0. Christiansø,Brian Olsen,Folkebevægelsen mod EU,0,Bornholms Storkreds
Aakirkebykredsen,0. Christiansø,Erik Bach,Folkebevægelsen mod EU,0,Bornholms Storkreds
Aakirkebykredsen,0. Christiansø,Helge Rørtoft-Madsen,Folkebevægelsen mod EU,0,Bornholms Storkreds
Aakirkebykredsen,0. Christiansø,Thorkil Sohn,Folkebevægelsen mod EU,0,Bornholms Storkreds
Aakirkebykredsen,0. Christiansø,Hans-Henrik Larsen,Folkebevægelsen mod EU,0,Bornholms Storkreds
Aakirkebykredsen,0. Christiansø,Jean Thierry,Folkebevægelsen mod EU,0,Bornholms Storkreds
Aakirkebykredsen,0. Christiansø,Inger-Marie Tryde Martensen,Folkebevægelsen mod EU,0,Bornholms Storkreds
Aakirkebykredsen,0. Christiansø,Malte Bang,Folkebevægelsen mod EU,0,Bornholms Storkreds
Aakirkebykredsen,0. Christiansø,Mehmet Aksoy,Folkebevægelsen mod EU,0,Bornholms Storkreds
Aakirkebykredsen,0. Christiansø,Victoria Ninosca Risbjerg Velasque,Folkebevægelsen mod EU,0,Bornholms Storkreds
Aakirkebykredsen,0. Christiansø,Troels Juel,Folkebevægelsen mod EU,0,Bornholms Storkreds
Aakirkebykredsen,0. Christiansø,Tobias Clausen,Folkebevægelsen mod EU,0,Bornholms Storkreds
Aakirkebykredsen,0. Christiansø,Preben Kristensen,Folkebevægelsen mod EU,0,Bornholms Storkreds
Aakirkebykredsen,0. Christiansø,Partiliste,Dansk Folkeparti,7,Bornholms Storkreds
Aakirkebykredsen,0. Christiansø,Morten Messerschmidt,Dansk Folkeparti,9,Bornholms Storkreds
Aakirkebykredsen,0. Christiansø,Anders Primdahl Vistisen,Dansk Folkeparti,0,Bornholms Storkreds
Aakirkebykredsen,0. Christiansø,Rikke Karlsson,Dansk Folkeparti,0,Bornholms Storkreds
Aakirkebykredsen,0. Christiansø,Karsten Lorentzen,Dansk Folkeparti,0,Bornholms Storkreds
Aakirkebykredsen,0. Christiansø,Tilde Bork,Dansk Folkeparti,0,Bornholms Storkreds
Aakirkebykredsen,0. Christiansø,Jørn Dohrmann,Dansk Folkeparti,0,Bornholms Storkreds
Aakirkebykredsen,0. Christiansø,Susanne Eilersen,Dansk Folkeparti,0,Bornholms Storkreds
Aakirkebykredsen,0. Christiansø,Kristina Jørgensen,Dansk Folkeparti,0,Bornholms Storkreds
Aakirkebykredsen,0. Christiansø,Githa Nelander,Dansk Folkeparti,0,Bornholms Storkreds
Aakirkebykredsen,0. Christiansø,Danni Olsen,Dansk Folkeparti,0,Bornholms Storkreds
Aakirkebykredsen,0. Christiansø,Partiliste,"Venstre, Danmarks Liberale Parti",1,Bornholms Storkreds
Aakirkebykredsen,0. Christiansø,Ulla Tørnæs,"Venstre, Danmarks Liberale Parti",0,Bornholms Storkreds
Aakirkebykredsen,0. Christiansø,Nils Juhl Andreasen,"Venstre, Danmarks Liberale Parti",0,Bornholms Storkreds
Aakirkebykredsen,0. Christiansø,Asger Christensen,"Venstre, Danmarks Liberale Parti",0,Bornholms Storkreds
Aakirkebykredsen,0. Christiansø,Ole Davidsen,"Venstre, Danmarks Liberale Parti",0,Bornholms Storkreds
Aakirkebykredsen,0. Christiansø,Diego Gugliotta,"Venstre, Danmarks Liberale Parti",0,Bornholms Storkreds
Aakirkebykredsen,0. Christiansø,Poul-Erik Høyer,"Venstre, Danmarks Liberale Parti",0,Bornholms Storkreds
Aakirkebykredsen,0. Christiansø,Harry Jensen,"Venstre, Danmarks Liberale Parti",0,Bornholms Storkreds
Aakirkebykredsen,0. Christiansø,Marcus Knuth,"Venstre, Danmarks Liberale Parti",0,Bornholms Storkreds
Aakirkebykredsen,0. Christiansø,Morten Løkkegaard,"Venstre, Danmarks Liberale Parti",0,Bornholms Storkreds
Aakirkebykredsen,0. Christiansø,Jess Myrthu,"Venstre, Danmarks Liberale Parti",0,Bornholms Storkreds
Aakirkebykredsen,0. Christiansø,Nicolai Svejgaard Poulsen,"Venstre, Danmarks Liberale Parti",0,Bornholms Storkreds
Aakirkebykredsen,0. Christiansø,Henrik Frost Rasmussen,"Venstre, Danmarks Liberale Parti",0,Bornholms Storkreds
Aakirkebykredsen,0. Christiansø,Jens Rohde,"Venstre, Danmarks Liberale Parti",0,Bornholms Storkreds
Aakirkebykredsen,0. Christiansø,Irene Simonsen,"Venstre, Danmarks Liberale Parti",0,Bornholms Storkreds
Aakirkebykredsen,0. Christiansø,Aleksander Aagaard,"Venstre, Danmarks Liberale Parti",0,Bornholms Storkreds
Aakirkebykredsen,0. Christiansø,Sanni Aakjær-Olesen,"Venstre, Danmarks Liberale Parti",0,Bornholms Storkreds
Aakirkebykredsen,1. Allinge,Partiliste,Socialdemokratiet,21,Bornholms Storkreds
Aakirkebykredsen,1. Allinge,Jeppe Kofod,Socialdemokratiet,413,Bornholms Storkreds
Aakirkebykredsen,1. Allinge,Ole Christensen,Socialdemokratiet,2,Bornholms Storkreds
Aakirkebykredsen,1. Allinge,Christel Schaldemose,Socialdemokratiet,23,Bornholms Storkreds
Aakirkebykredsen,1. Allinge,Lasse Quvang Rasmussen,Socialdemokratiet,1,Bornholms Storkreds
Aakirkebykredsen,1. Allinge,Britta Thomsen,Socialdemokratiet,6,Bornholms Storkreds
Aakirkebykredsen,1. Allinge,Kathrine Alexandrowiz,Socialdemokratiet,4,Bornholms Storkreds
Aakirkebykredsen,1. Allinge,Gunde Odgaard,Socialdemokratiet,2,Bornholms Storkreds
Aakirkebykredsen,1. Allinge,Rasmus Gjedssø Bertelsen,Socialdemokratiet,2,Bornholms Storkreds
Aakirkebykredsen,1. Allinge,Partiliste,Radikale Venstre,4,Bornholms Storkreds
Aakirkebykredsen,1. Allinge,Morten Helveg Petersen,Radikale Venstre,22,Bornholms Storkreds
Aakirkebykredsen,1. Allinge,Christian Kjølhede,Radikale Venstre,0,Bornholms Storkreds
Aakirkebykredsen,1. Allinge,Kristina Siig,Radikale Venstre,1,Bornholms Storkreds
Aakirkebykredsen,1. Allinge,Samira Nawa Amini,Radikale Venstre,1,Bornholms Storkreds
Aakirkebykredsen,1. Allinge,Karen Melchior,Radikale Venstre,1,Bornholms Storkreds
Aakirkebykredsen,1. Allinge,Thomas Elkjær,Radikale Venstre,0,Bornholms Storkreds
Aakirkebykredsen,1. Allinge,Sissel Kvist,Radikale Venstre,0,Bornholms Storkreds
Aakirkebykredsen,1. Allinge,Partiliste,Det Konservative Folkeparti,7,Bornholms Storkreds
Aakirkebykredsen,1. Allinge,Bendt Bendtsen,Det Konservative Folkeparti,36,Bornholms Storkreds
Aakirkebykredsen,1. Allinge,Josefine Kofoed,Det Konservative Folkeparti,4,Bornholms Storkreds
Aakirkebykredsen,1. Allinge,Tove Videbæk,Det Konservative Folkeparti,7,Bornholms Storkreds
Aakirkebykredsen,1. Allinge,Nichlas Vind,Det Konservative Folkeparti,1,Bornholms Storkreds
Aakirkebykredsen,1. Allinge,Christian Wedell-Neergaard,Det Konservative Folkeparti,0,Bornholms Storkreds
Aakirkebykredsen,1. Allinge,Morten Thiessen,Det Konservative Folkeparti,0,Bornholms Storkreds
Aakirkebykredsen,1. Allinge,Julie Broe,Det Konservative Folkeparti,0,Bornholms Storkreds
Aakirkebykredsen,1. Allinge,Catja C. Gaebel,Det Konservative Folkeparti,1,Bornholms Storkreds
Aakirkebykredsen,1. Allinge,Anders Stoltenberg,Det Konservative Folkeparti,1,Bornholms Storkreds
Aakirkebykredsen,1. Allinge,Mette-Katrine Ejby Buch,Det Konservative Folkeparti,0,Bornholms Storkreds
Aakirkebykredsen,1. Allinge,Partiliste,SF - Socialistisk Folkeparti,24,Bornholms Storkreds
Aakirkebykredsen,1. Allinge,Margrete Auken,SF - Socialistisk Folkeparti,64,Bornholms Storkreds
Aakirkebykredsen,1. Allinge,Tonni Hansen,SF - Socialistisk Folkeparti,0,Bornholms Storkreds
Aakirkebykredsen,1. Allinge,Anne-Mette Wehmüller,SF - Socialistisk Folkeparti,3,Bornholms Storkreds
Aakirkebykredsen,1. Allinge,Christine Sidenius,SF - Socialistisk Folkeparti,1,Bornholms Storkreds
Aakirkebykredsen,1. Allinge,Teis Volstrup,SF - Socialistisk Folkeparti,6,Bornholms Storkreds
Aakirkebykredsen,1. Allinge,Jacob Isøe Klærke,SF - Socialistisk Folkeparti,0,Bornholms Storkreds
Aakirkebykredsen,1. Allinge,Fathi El-Abed,SF - Socialistisk Folkeparti,2,Bornholms Storkreds
Aakirkebykredsen,1. Allinge,Halime Oguz,SF - Socialistisk Folkeparti,1,Bornholms Storkreds
Aakirkebykredsen,1. Allinge,Meta Fuglsang,SF - Socialistisk Folkeparti,0,Bornholms Storkreds
Aakirkebykredsen,1. Allinge,Allan Norre Pedersen,SF - Socialistisk Folkeparti,0,Bornholms Storkreds
Aakirkebykredsen,1. Allinge,Rune Bai Nielsen,SF - Socialistisk Folkeparti,0,Bornholms Storkreds
Aakirkebykredsen,1. Allinge,Charlotte Broman Mølbæk,SF - Socialistisk Folkeparti,1,Bornholms Storkreds
Aakirkebykredsen,1. Allinge,Michael Thomsen,SF - Socialistisk Folkeparti,0,Bornholms Storkreds
Aakirkebykredsen,1. Allinge,Søren Gytz Olesen,SF - Socialistisk Folkeparti,0,Bornholms Storkreds
Aakirkebykredsen,1. Allinge,Jan Kjær,SF - Socialistisk Folkeparti,0,Bornholms Storkreds
Aakirkebykredsen,1. Allinge,Jørgen Jørgensen,SF - Socialistisk Folkeparti,1,Bornholms Storkreds
Aakirkebykredsen,1. Allinge,Troels Stru Schmidt,SF - Socialistisk Folkeparti,0,Bornholms Storkreds
Aakirkebykredsen,1. Allinge,Lau Tambjerg,SF - Socialistisk Folkeparti,5,Bornholms Storkreds
Aakirkebykredsen,1. Allinge,Annemette Schønberg Johnsen,SF - Socialistisk Folkeparti,0,Bornholms Storkreds
Aakirkebykredsen,1. Allinge,Anne Lise Holst Jensen,SF - Socialistisk Folkeparti,1,Bornholms Storkreds
Aakirkebykredsen,1. Allinge,Partiliste,Liberal Alliance,6,Bornholms Storkreds
Aakirkebykredsen,1. Allinge,Christina Egelund,Liberal Alliance,12,Bornholms Storkreds
Aakirkebykredsen,1. Allinge,Niels Westy,Liberal Alliance,0,Bornholms Storkreds
Aakirkebykredsen,1. Allinge,Kasper Heumann Kristensen,Liberal Alliance,0,Bornholms Storkreds
Aakirkebykredsen,1. Allinge,Marianne Mørk Mathiesen,Liberal Alliance,0,Bornholms Storkreds
Aakirkebykredsen,1. Allinge,Jakob Bille,Liberal Alliance,0,Bornholms Storkreds
Aakirkebykredsen,1. Allinge,Sabeena Sareen,Liberal Alliance,0,Bornholms Storkreds
Aakirkebykredsen,1. Allinge,Andreas Hastrup,Liberal Alliance,0,Bornholms Storkreds
Aakirkebykredsen,1. Allinge,Anne Kathrine Kirk,Liberal Alliance,0,Bornholms Storkreds
Aakirkebykredsen,1. Allinge,Niels Høiby,Liberal Alliance,0,Bornholms Storkreds
Aakirkebykredsen,1. Allinge,Partiliste,Folkebevægelsen mod EU,71,Bornholms Storkreds
Aakirkebykredsen,1. Allinge,Rina Ronja Kari,Folkebevægelsen mod EU,64,Bornholms Storkreds
Aakirkebykredsen,1. Allinge,Lave K. Broch,Folkebevægelsen mod EU,3,Bornholms Storkreds
Aakirkebykredsen,1. Allinge,Ole Nors Nielsen,Folkebevægelsen mod EU,0,Bornholms Storkreds
Aakirkebykredsen,1. Allinge,Christian Juhl,Folkebevægelsen mod EU,3,Bornholms Storkreds
Aakirkebykredsen,1. Allinge,Karina Rohr Sørensen,Folkebevægelsen mod EU,1,Bornholms Storkreds
Aakirkebykredsen,1. Allinge,Jørgen Grøn,Folkebevægelsen mod EU,2,Bornholms Storkreds
Aakirkebykredsen,1. Allinge,Mette Langdal,Folkebevægelsen mod EU,0,Bornholms Storkreds
Aakirkebykredsen,1. Allinge,Brian Olsen,Folkebevægelsen mod EU,0,Bornholms Storkreds
Aakirkebykredsen,1. Allinge,Erik Bach,Folkebevægelsen mod EU,0,Bornholms Storkreds
Aakirkebykredsen,1. Allinge,Helge Rørtoft-Madsen,Folkebevægelsen mod EU,1,Bornholms Storkreds
Aakirkebykredsen,1. Allinge,Thorkil Sohn,Folkebevægelsen mod EU,1,Bornholms Storkreds
Aakirkebykredsen,1. Allinge,Hans-Henrik Larsen,Folkebevægelsen mod EU,0,Bornholms Storkreds
Aakirkebykredsen,1. Allinge,Jean Thierry,Folkebevægelsen mod EU,0,Bornholms Storkreds
Aakirkebykredsen,1. Allinge,Inger-Marie Tryde Martensen,Folkebevægelsen mod EU,0,Bornholms Storkreds
Aakirkebykredsen,1. Allinge,Malte Bang,Folkebevægelsen mod EU,0,Bornholms Storkreds
Aakirkebykredsen,1. Allinge,Mehmet Aksoy,Folkebevægelsen mod EU,0,Bornholms Storkreds
Aakirkebykredsen,1. Allinge,Victoria Ninosca Risbjerg Velasque,Folkebevægelsen mod EU,1,Bornholms Storkreds
Aakirkebykredsen,1. Allinge,Troels Juel,Folkebevægelsen mod EU,2,Bornholms Storkreds
Aakirkebykredsen,1. Allinge,Tobias Clausen,Folkebevægelsen mod EU,0,Bornholms Storkreds
Aakirkebykredsen,1. Allinge,Preben Kristensen,Folkebevægelsen mod EU,0,Bornholms Storkreds
Aakirkebykredsen,1. Allinge,Partiliste,Dansk Folkeparti,36,Bornholms Storkreds
Aakirkebykredsen,1. Allinge,Morten Messerschmidt,Dansk Folkeparti,313,Bornholms Storkreds
Aakirkebykredsen,1. Allinge,Anders Primdahl Vistisen,Dansk Folkeparti,4,Bornholms Storkreds
Aakirkebykredsen,1. Allinge,Rikke Karlsson,Dansk Folkeparti,0,Bornholms Storkreds
Aakirkebykredsen,1. Allinge,Karsten Lorentzen,Dansk Folkeparti,0,Bornholms Storkreds
Aakirkebykredsen,1. Allinge,Tilde Bork,Dansk Folkeparti,0,Bornholms Storkreds
Aakirkebykredsen,1. Allinge,Jørn Dohrmann,Dansk Folkeparti,3,Bornholms Storkreds
Aakirkebykredsen,1. Allinge,Susanne Eilersen,Dansk Folkeparti,0,Bornholms Storkreds
Aakirkebykredsen,1. Allinge,Kristina Jørgensen,Dansk Folkeparti,0,Bornholms Storkreds
Aakirkebykredsen,1. Allinge,Githa Nelander,Dansk Folkeparti,1,Bornholms Storkreds
Aakirkebykredsen,1. Allinge,Danni Olsen,Dansk Folkeparti,3,Bornholms Storkreds
Aakirkebykredsen,1. Allinge,Partiliste,"Venstre, Danmarks Liberale Parti",44,Bornholms Storkreds
Aakirkebykredsen,1. Allinge,Ulla Tørnæs,"Venstre, Danmarks Liberale Parti",84,Bornholms Storkreds
Aakirkebykredsen,1. Allinge,Nils Juhl Andreasen,"Venstre, Danmarks Liberale Parti",2,Bornholms Storkreds
Aakirkebykredsen,1. Allinge,Asger Christensen,"Venstre, Danmarks Liberale Parti",3,Bornholms Storkreds
Aakirkebykredsen,1. Allinge,Ole Davidsen,"Venstre, Danmarks Liberale Parti",1,Bornholms Storkreds
Aakirkebykredsen,1. Allinge,Diego Gugliotta,"Venstre, Danmarks Liberale Parti",0,Bornholms Storkreds
Aakirkebykredsen,1. Allinge,Poul-Erik Høyer,"Venstre, Danmarks Liberale Parti",6,Bornholms Storkreds
Aakirkebykredsen,1. Allinge,Harry Jensen,"Venstre, Danmarks Liberale Parti",0,Bornholms Storkreds
Aakirkebykredsen,1. Allinge,Marcus Knuth,"Venstre, Danmarks Liberale Parti",0,Bornholms Storkreds
Aakirkebykredsen,1. Allinge,Morten Løkkegaard,"Venstre, Danmarks Liberale Parti",21,Bornholms Storkreds
Aakirkebykredsen,1. Allinge,Jess Myrthu,"Venstre, Danmarks Liberale Parti",2,Bornholms Storkreds
Aakirkebykredsen,1. Allinge,Nicolai Svejgaard Poulsen,"Venstre, Danmarks Liberale Parti",1,Bornholms Storkreds
Aakirkebykredsen,1. Allinge,Henrik Frost Rasmussen,"Venstre, Danmarks Liberale Parti",54,Bornholms Storkreds
Aakirkebykredsen,1. Allinge,Jens Rohde,"Venstre, Danmarks Liberale Parti",14,Bornholms Storkreds
Aakirkebykredsen,1. Allinge,Irene Simonsen,"Venstre, Danmarks Liberale Parti",1,Bornholms Storkreds
Aakirkebykredsen,1. Allinge,Aleksander Aagaard,"Venstre, Danmarks Liberale Parti",0,Bornholms Storkreds
Aakirkebykredsen,1. Allinge,Sanni Aakjær-Olesen,"Venstre, Danmarks Liberale Parti",0,Bornholms Storkreds
Aakirkebykredsen,2. Østermarie,Partiliste,Socialdemokratiet,14,Bornholms Storkreds
Aakirkebykredsen,2. Østermarie,Jeppe Kofod,Socialdemokratiet,273,Bornholms Storkreds
Aakirkebykredsen,2. Østermarie,Ole Christensen,Socialdemokratiet,3,Bornholms Storkreds
Aakirkebykredsen,2. Østermarie,Christel Schaldemose,Socialdemokratiet,11,Bornholms Storkreds
Aakirkebykredsen,2. Østermarie,Lasse Quvang Rasmussen,Socialdemokratiet,3,Bornholms Storkreds
Aakirkebykredsen,2. Østermarie,Britta Thomsen,Socialdemokratiet,5,Bornholms Storkreds
Aakirkebykredsen,2. Østermarie,Kathrine Alexandrowiz,Socialdemokratiet,2,Bornholms Storkreds
Aakirkebykredsen,2. Østermarie,Gunde Odgaard,Socialdemokratiet,3,Bornholms Storkreds
Aakirkebykredsen,2. Østermarie,Rasmus Gjedssø Bertelsen,Socialdemokratiet,0,Bornholms Storkreds
Aakirkebykredsen,2. Østermarie,Partiliste,Radikale Venstre,8,Bornholms Storkreds
Aakirkebykredsen,2. Østermarie,Morten Helveg Petersen,Radikale Venstre,19,Bornholms Storkreds
Aakirkebykredsen,2. Østermarie,Christian Kjølhede,Radikale Venstre,0,Bornholms Storkreds
Aakirkebykredsen,2. Østermarie,Kristina Siig,Radikale Venstre,3,Bornholms Storkreds
Aakirkebykredsen,2. Østermarie,Samira Nawa Amini,Radikale Venstre,0,Bornholms Storkreds
Aakirkebykredsen,2. Østermarie,Karen Melchior,Radikale Venstre,2,Bornholms Storkreds
Aakirkebykredsen,2. Østermarie,Thomas Elkjær,Radikale Venstre,0,Bornholms Storkreds
Aakirkebykredsen,2. Østermarie,Sissel Kvist,Radikale Venstre,1,Bornholms Storkreds
Aakirkebykredsen,2. Østermarie,Partiliste,Det Konservative Folkeparti,8,Bornholms Storkreds
Aakirkebykredsen,2. Østermarie,Bendt Bendtsen,Det Konservative Folkeparti,39,Bornholms Storkreds
Aakirkebykredsen,2. Østermarie,Josefine Kofoed,Det Konservative Folkeparti,9,Bornholms Storkreds
Aakirkebykredsen,2. Østermarie,Tove Videbæk,Det Konservative Folkeparti,14,Bornholms Storkreds
Aakirkebykredsen,2. Østermarie,Nichlas Vind,Det Konservative Folkeparti,0,Bornholms Storkreds
Aakirkebykredsen,2. Østermarie,Christian Wedell-Neergaard,Det Konservative Folkeparti,0,Bornholms Storkreds
Aakirkebykredsen,2. Østermarie,Morten Thiessen,Det Konservative Folkeparti,0,Bornholms Storkreds
Aakirkebykredsen,2. Østermarie,Julie Broe,Det Konservative Folkeparti,0,Bornholms Storkreds
Aakirkebykredsen,2. Østermarie,Catja C. Gaebel,Det Konservative Folkeparti,0,Bornholms Storkreds
Aakirkebykredsen,2. Østermarie,Anders Stoltenberg,Det Konservative Folkeparti,0,Bornholms Storkreds
Aakirkebykredsen,2. Østermarie,Mette-Katrine Ejby Buch,Det Konservative Folkeparti,0,Bornholms Storkreds
Aakirkebykredsen,2. Østermarie,Partiliste,SF - Socialistisk Folkeparti,22,Bornholms Storkreds
Aakirkebykredsen,2. Østermarie,Margrete Auken,SF - Socialistisk Folkeparti,75,Bornholms Storkreds
Aakirkebykredsen,2. Østermarie,Tonni Hansen,SF - Socialistisk Folkeparti,1,Bornholms Storkreds
Aakirkebykredsen,2. Østermarie,Anne-Mette Wehmüller,SF - Socialistisk Folkeparti,2,Bornholms Storkreds
Aakirkebykredsen,2. Østermarie,Christine Sidenius,SF - Socialistisk Folkeparti,1,Bornholms Storkreds
Aakirkebykredsen,2. Østermarie,Teis Volstrup,SF - Socialistisk Folkeparti,5,Bornholms Storkreds
Aakirkebykredsen,2. Østermarie,Jacob Isøe Klærke,SF - Socialistisk Folkeparti,1,Bornholms Storkreds
Aakirkebykredsen,2. Østermarie,Fathi El-Abed,SF - Socialistisk Folkeparti,2,Bornholms Storkreds
Aakirkebykredsen,2. Østermarie,Halime Oguz,SF - Socialistisk Folkeparti,0,Bornholms Storkreds
Aakirkebykredsen,2. Østermarie,Meta Fuglsang,SF - Socialistisk Folkeparti,4,Bornholms Storkreds
Aakirkebykredsen,2. Østermarie,Allan Norre Pedersen,SF - Socialistisk Folkeparti,0,Bornholms Storkreds
Aakirkebykredsen,2. Østermarie,Rune Bai Nielsen,SF - Socialistisk Folkeparti,0,Bornholms Storkreds
Aakirkebykredsen,2. Østermarie,Charlotte Broman Mølbæk,SF - Socialistisk Folkeparti,1,Bornholms Storkreds
Aakirkebykredsen,2. Østermarie,Michael Thomsen,SF - Socialistisk Folkeparti,0,Bornholms Storkreds
Aakirkebykredsen,2. Østermarie,Søren Gytz Olesen,SF - Socialistisk Folkeparti,1,Bornholms Storkreds
Aakirkebykredsen,2. Østermarie,Jan Kjær,SF - Socialistisk Folkeparti,0,Bornholms Storkreds
Aakirkebykredsen,2. Østermarie,Jørgen Jørgensen,SF - Socialistisk Folkeparti,0,Bornholms Storkreds
Aakirkebykredsen,2. Østermarie,Troels Stru Schmidt,SF - Socialistisk Folkeparti,2,Bornholms Storkreds
Aakirkebykredsen,2. Østermarie,Lau Tambjerg,SF - Socialistisk Folkeparti,0,Bornholms Storkreds
Aakirkebykredsen,2. Østermarie,Annemette Schønberg Johnsen,SF - Socialistisk Folkeparti,0,Bornholms Storkreds
Aakirkebykredsen,2. Østermarie,Anne Lise Holst Jensen,SF - Socialistisk Folkeparti,0,Bornholms Storkreds
Aakirkebykredsen,2. Østermarie,Partiliste,Liberal Alliance,7,Bornholms Storkreds
Aakirkebykredsen,2. Østermarie,Christina Egelund,Liberal Alliance,6,Bornholms Storkreds
Aakirkebykredsen,2. Østermarie,Niels Westy,Liberal Alliance,0,Bornholms Storkreds
Aakirkebykredsen,2. Østermarie,Kasper Heumann Kristensen,Liberal Alliance,0,Bornholms Storkreds
Aakirkebykredsen,2. Østermarie,Marianne Mørk Mathiesen,Liberal Alliance,0,Bornholms Storkreds
Aakirkebykredsen,2. Østermarie,Jakob Bille,Liberal Alliance,0,Bornholms Storkreds
Aakirkebykredsen,2. Østermarie,Sabeena Sareen,Liberal Alliance,1,Bornholms Storkreds
Aakirkebykredsen,2. Østermarie,Andreas Hastrup,Liberal Alliance,0,Bornholms Storkreds
Aakirkebykredsen,2. Østermarie,Anne Kathrine Kirk,Liberal Alliance,2,Bornholms Storkreds
Aakirkebykredsen,2. Østermarie,Niels Høiby,Liberal Alliance,0,Bornholms Storkreds
Aakirkebykredsen,2. Østermarie,Partiliste,Folkebevægelsen mod EU,79,Bornholms Storkreds
Aakirkebykredsen,2. Østermarie,Rina Ronja Kari,Folkebevægelsen mod EU,65,Bornholms Storkreds
Aakirkebykredsen,2. Østermarie,Lave K. Broch,Folkebevægelsen mod EU,6,Bornholms Storkreds
Aakirkebykredsen,2. Østermarie,Ole Nors Nielsen,Folkebevægelsen mod EU,5,Bornholms Storkreds
Aakirkebykredsen,2. Østermarie,Christian Juhl,Folkebevægelsen mod EU,3,Bornholms Storkreds
Aakirkebykredsen,2. Østermarie,Karina Rohr Sørensen,Folkebevægelsen mod EU,6,Bornholms Storkreds
Aakirkebykredsen,2. Østermarie,Jørgen Grøn,Folkebevægelsen mod EU,1,Bornholms Storkreds
Aakirkebykredsen,2. Østermarie,Mette Langdal,Folkebevægelsen mod EU,0,Bornholms Storkreds
Aakirkebykredsen,2. Østermarie,Brian Olsen,Folkebevægelsen mod EU,0,Bornholms Storkreds
Aakirkebykredsen,2. Østermarie,Erik Bach,Folkebevægelsen mod EU,0,Bornholms Storkreds
Aakirkebykredsen,2. Østermarie,Helge Rørtoft-Madsen,Folkebevægelsen mod EU,0,Bornholms Storkreds
Aakirkebykredsen,2. Østermarie,Thorkil Sohn,Folkebevægelsen mod EU,0,Bornholms Storkreds
Aakirkebykredsen,2. Østermarie,Hans-Henrik Larsen,Folkebevægelsen mod EU,0,Bornholms Storkreds
Aakirkebykredsen,2. Østermarie,Jean Thierry,Folkebevægelsen mod EU,0,Bornholms Storkreds
Aakirkebykredsen,2. Østermarie,Inger-Marie Tryde Martensen,Folkebevægelsen mod EU,0,Bornholms Storkreds
Aakirkebykredsen,2. Østermarie,Malte Bang,Folkebevægelsen mod EU,1,Bornholms Storkreds
Aakirkebykredsen,2. Østermarie,Mehmet Aksoy,Folkebevægelsen mod EU,2,Bornholms Storkreds
Aakirkebykredsen,2. Østermarie,Victoria Ninosca Risbjerg Velasque,Folkebevægelsen mod EU,1,Bornholms Storkreds
Aakirkebykredsen,2. Østermarie,Troels Juel,Folkebevægelsen mod EU,1,Bornholms Storkreds
Aakirkebykredsen,2. Østermarie,Tobias Clausen,Folkebevægelsen mod EU,1,Bornholms Storkreds
Aakirkebykredsen,2. Østermarie,Preben Kristensen,Folkebevægelsen mod EU,0,Bornholms Storkreds
Aakirkebykredsen,2. Østermarie,Partiliste,Dansk Folkeparti,36,Bornholms Storkreds
Aakirkebykredsen,2. Østermarie,Morten Messerschmidt,Dansk Folkeparti,271,Bornholms Storkreds
Aakirkebykredsen,2. Østermarie,Anders Primdahl Vistisen,Dansk Folkeparti,5,Bornholms Storkreds
Aakirkebykredsen,2. Østermarie,Rikke Karlsson,Dansk Folkeparti,4,Bornholms Storkreds
Aakirkebykredsen,2. Østermarie,Karsten Lorentzen,Dansk Folkeparti,0,Bornholms Storkreds
Aakirkebykredsen,2. Østermarie,Tilde Bork,Dansk Folkeparti,1,Bornholms Storkreds
Aakirkebykredsen,2. Østermarie,Jørn Dohrmann,Dansk Folkeparti,5,Bornholms Storkreds
Aakirkebykredsen,2. Østermarie,Susanne Eilersen,Dansk Folkeparti,0,Bornholms Storkreds
Aakirkebykredsen,2. Østermarie,Kristina Jørgensen,Dansk Folkeparti,0,Bornholms Storkreds
Aakirkebykredsen,2. Østermarie,Githa Nelander,Dansk Folkeparti,1,Bornholms Storkreds
Aakirkebykredsen,2. Østermarie,Danni Olsen,Dansk Folkeparti,2,Bornholms Storkreds
Aakirkebykredsen,2. Østermarie,Partiliste,"Venstre, Danmarks Liberale Parti",35,Bornholms Storkreds
Aakirkebykredsen,2. Østermarie,Ulla Tørnæs,"Venstre, Danmarks Liberale Parti",75,Bornholms Storkreds
Aakirkebykredsen,2. Østermarie,Nils Juhl Andreasen,"Venstre, Danmarks Liberale Parti",2,Bornholms Storkreds
Aakirkebykredsen,2. Østermarie,Asger Christensen,"Venstre, Danmarks Liberale Parti",14,Bornholms Storkreds
Aakirkebykredsen,2. Østermarie,Ole Davidsen,"Venstre, Danmarks Liberale Parti",0,Bornholms Storkreds
Aakirkebykredsen,2. Østermarie,Diego Gugliotta,"Venstre, Danmarks Liberale Parti",1,Bornholms Storkreds
Aakirkebykredsen,2. Østermarie,Poul-Erik Høyer,"Venstre, Danmarks Liberale Parti",5,Bornholms Storkreds
Aakirkebykredsen,2. Østermarie,Harry Jensen,"Venstre, Danmarks Liberale Parti",1,Bornholms Storkreds
Aakirkebykredsen,2. Østermarie,Marcus Knuth,"Venstre, Danmarks Liberale Parti",1,Bornholms Storkreds
Aakirkebykredsen,2. Østermarie,Morten Løkkegaard,"Venstre, Danmarks Liberale Parti",24,Bornholms Storkreds
Aakirkebykredsen,2. Østermarie,Jess Myrthu,"Venstre, Danmarks Liberale Parti",1,Bornholms Storkreds
Aakirkebykredsen,2. Østermarie,Nicolai Svejgaard Poulsen,"Venstre, Danmarks Liberale Parti",2,Bornholms Storkreds
Aakirkebykredsen,2. Østermarie,Henrik Frost Rasmussen,"Venstre, Danmarks Liberale Parti",34,Bornholms Storkreds
Aakirkebykredsen,2. Østermarie,Jens Rohde,"Venstre, Danmarks Liberale Parti",15,Bornholms Storkreds
Aakirkebykredsen,2. Østermarie,Irene Simonsen,"Venstre, Danmarks Liberale Parti",1,Bornholms Storkreds
Aakirkebykredsen,2. Østermarie,Aleksander Aagaard,"Venstre, Danmarks Liberale Parti",0,Bornholms Storkreds
Aakirkebykredsen,2. Østermarie,Sanni Aakjær-Olesen,"Venstre, Danmarks Liberale Parti",1,Bornholms Storkreds
Aakirkebykredsen,3. Svaneke,Partiliste,Socialdemokratiet,19,Bornholms Storkreds
Aakirkebykredsen,3. Svaneke,Jeppe Kofod,Socialdemokratiet,273,Bornholms Storkreds
Aakirkebykredsen,3. Svaneke,Ole Christensen,Socialdemokratiet,0,Bornholms Storkreds
Aakirkebykredsen,3. Svaneke,Christel Schaldemose,Socialdemokratiet,16,Bornholms Storkreds
Aakirkebykredsen,3. Svaneke,Lasse Quvang Rasmussen,Socialdemokratiet,1,Bornholms Storkreds
Aakirkebykredsen,3. Svaneke,Britta Thomsen,Socialdemokratiet,7,Bornholms Storkreds
Aakirkebykredsen,3. Svaneke,Kathrine Alexandrowiz,Socialdemokratiet,2,Bornholms Storkreds
Aakirkebykredsen,3. Svaneke,Gunde Odgaard,Socialdemokratiet,5,Bornholms Storkreds
Aakirkebykredsen,3. Svaneke,Rasmus Gjedssø Bertelsen,Socialdemokratiet,1,Bornholms Storkreds
Aakirkebykredsen,3. Svaneke,Partiliste,Radikale Venstre,11,Bornholms Storkreds
Aakirkebykredsen,3. Svaneke,Morten Helveg Petersen,Radikale Venstre,30,Bornholms Storkreds
Aakirkebykredsen,3. Svaneke,Christian Kjølhede,Radikale Venstre,0,Bornholms Storkreds
Aakirkebykredsen,3. Svaneke,Kristina Siig,Radikale Venstre,1,Bornholms Storkreds
Aakirkebykredsen,3. Svaneke,Samira Nawa Amini,Radikale Venstre,1,Bornholms Storkreds
Aakirkebykredsen,3. Svaneke,Karen Melchior,Radikale Venstre,0,Bornholms Storkreds
Aakirkebykredsen,3. Svaneke,Thomas Elkjær,Radikale Venstre,0,Bornholms Storkreds
Aakirkebykredsen,3. Svaneke,Sissel Kvist,Radikale Venstre,1,Bornholms Storkreds
Aakirkebykredsen,3. Svaneke,Partiliste,Det Konservative Folkeparti,6,Bornholms Storkreds
Aakirkebykredsen,3. Svaneke,Bendt Bendtsen,Det Konservative Folkeparti,42,Bornholms Storkreds
Aakirkebykredsen,3. Svaneke,Josefine Kofoed,Det Konservative Folkeparti,3,Bornholms Storkreds
Aakirkebykredsen,3. Svaneke,Tove Videbæk,Det Konservative Folkeparti,12,Bornholms Storkreds
Aakirkebykredsen,3. Svaneke,Nichlas Vind,Det Konservative Folkeparti,0,Bornholms Storkreds
Aakirkebykredsen,3. Svaneke,Christian Wedell-Neergaard,Det Konservative Folkeparti,0,Bornholms Storkreds
Aakirkebykredsen,3. Svaneke,Morten Thiessen,Det Konservative Folkeparti,1,Bornholms Storkreds
Aakirkebykredsen,3. Svaneke,Julie Broe,Det Konservative Folkeparti,0,Bornholms Storkreds
Aakirkebykredsen,3. Svaneke,Catja C. Gaebel,Det Konservative Folkeparti,0,Bornholms Storkreds
Aakirkebykredsen,3. Svaneke,Anders Stoltenberg,Det Konservative Folkeparti,0,Bornholms Storkreds
Aakirkebykredsen,3. Svaneke,Mette-Katrine Ejby Buch,Det Konservative Folkeparti,0,Bornholms Storkreds
Aakirkebykredsen,3. Svaneke,Partiliste,SF - Socialistisk Folkeparti,30,Bornholms Storkreds
Aakirkebykredsen,3. Svaneke,Margrete Auken,SF - Socialistisk Folkeparti,58,Bornholms Storkreds
Aakirkebykredsen,3. Svaneke,Tonni Hansen,SF - Socialistisk Folkeparti,5,Bornholms Storkreds
Aakirkebykredsen,3. Svaneke,Anne-Mette Wehmüller,SF - Socialistisk Folkeparti,4,Bornholms Storkreds
Aakirkebykredsen,3. Svaneke,Christine Sidenius,SF - Socialistisk Folkeparti,2,Bornholms Storkreds
Aakirkebykredsen,3. Svaneke,Teis Volstrup,SF - Socialistisk Folkeparti,2,Bornholms Storkreds
Aakirkebykredsen,3. Svaneke,Jacob Isøe Klærke,SF - Socialistisk Folkeparti,0,Bornholms Storkreds
Aakirkebykredsen,3. Svaneke,Fathi El-Abed,SF - Socialistisk Folkeparti,3,Bornholms Storkreds
Aakirkebykredsen,3. Svaneke,Halime Oguz,SF - Socialistisk Folkeparti,0,Bornholms Storkreds
Aakirkebykredsen,3. Svaneke,Meta Fuglsang,SF - Socialistisk Folkeparti,0,Bornholms Storkreds
Aakirkebykredsen,3. Svaneke,Allan Norre Pedersen,SF - Socialistisk Folkeparti,0,Bornholms Storkreds
Aakirkebykredsen,3. Svaneke,Rune Bai Nielsen,SF - Socialistisk Folkeparti,0,Bornholms Storkreds
Aakirkebykredsen,3. Svaneke,Charlotte Broman Mølbæk,SF - Socialistisk Folkeparti,0,Bornholms Storkreds
Aakirkebykredsen,3. Svaneke,Michael Thomsen,SF - Socialistisk Folkeparti,0,Bornholms Storkreds
Aakirkebykredsen,3. Svaneke,Søren Gytz Olesen,SF - Socialistisk Folkeparti,0,Bornholms Storkreds
Aakirkebykredsen,3. Svaneke,Jan Kjær,SF - Socialistisk Folkeparti,0,Bornholms Storkreds
Aakirkebykredsen,3. Svaneke,Jørgen Jørgensen,SF - Socialistisk Folkeparti,0,Bornholms Storkreds
Aakirkebykredsen,3. Svaneke,Troels Stru Schmidt,SF - Socialistisk Folkeparti,0,Bornholms Storkreds
Aakirkebykredsen,3. Svaneke,Lau Tambjerg,SF - Socialistisk Folkeparti,0,Bornholms Storkreds
Aakirkebykredsen,3. Svaneke,Annemette Schønberg Johnsen,SF - Socialistisk Folkeparti,1,Bornholms Storkreds
Aakirkebykredsen,3. Svaneke,Anne Lise Holst Jensen,SF - Socialistisk Folkeparti,0,Bornholms Storkreds
Aakirkebykredsen,3. Svaneke,Partiliste,Liberal Alliance,8,Bornholms Storkreds
Aakirkebykredsen,3. Svaneke,Christina Egelund,Liberal Alliance,11,Bornholms Storkreds
Aakirkebykredsen,3. Svaneke,Niels Westy,Liberal Alliance,0,Bornholms Storkreds
Aakirkebykredsen,3. Svaneke,Kasper Heumann Kristensen,Liberal Alliance,0,Bornholms Storkreds
Aakirkebykredsen,3. Svaneke,Marianne Mørk Mathiesen,Liberal Alliance,0,Bornholms Storkreds
Aakirkebykredsen,3. Svaneke,Jakob Bille,Liberal Alliance,0,Bornholms Storkreds
Aakirkebykredsen,3. Svaneke,Sabeena Sareen,Liberal Alliance,1,Bornholms Storkreds
Aakirkebykredsen,3. Svaneke,Andreas Hastrup,Liberal Alliance,0,Bornholms Storkreds
Aakirkebykredsen,3. Svaneke,Anne Kathrine Kirk,Liberal Alliance,0,Bornholms Storkreds
Aakirkebykredsen,3. Svaneke,Niels Høiby,Liberal Alliance,0,Bornholms Storkreds
Aakirkebykredsen,3. Svaneke,Partiliste,Folkebevægelsen mod EU,84,Bornholms Storkreds
Aakirkebykredsen,3. Svaneke,Rina Ronja Kari,Folkebevægelsen mod EU,83,Bornholms Storkreds
Aakirkebykredsen,3. Svaneke,Lave K. Broch,Folkebevægelsen mod EU,4,Bornholms Storkreds
Aakirkebykredsen,3. Svaneke,Ole Nors Nielsen,Folkebevægelsen mod EU,0,Bornholms Storkreds
Aakirkebykredsen,3. Svaneke,Christian Juhl,Folkebevægelsen mod EU,0,Bornholms Storkreds
Aakirkebykredsen,3. Svaneke,Karina Rohr Sørensen,Folkebevægelsen mod EU,1,Bornholms Storkreds
Aakirkebykredsen,3. Svaneke,Jørgen Grøn,Folkebevægelsen mod EU,0,Bornholms Storkreds
Aakirkebykredsen,3. Svaneke,Mette Langdal,Folkebevægelsen mod EU,1,Bornholms Storkreds
Aakirkebykredsen,3. Svaneke,Brian Olsen,Folkebevægelsen mod EU,0,Bornholms Storkreds
Aakirkebykredsen,3. Svaneke,Erik Bach,Folkebevægelsen mod EU,0,Bornholms Storkreds
Aakirkebykredsen,3. Svaneke,Helge Rørtoft-Madsen,Folkebevægelsen mod EU,0,Bornholms Storkreds
Aakirkebykredsen,3. Svaneke,Thorkil Sohn,Folkebevægelsen mod EU,1,Bornholms Storkreds
Aakirkebykredsen,3. Svaneke,Hans-Henrik Larsen,Folkebevægelsen mod EU,0,Bornholms Storkreds
Aakirkebykredsen,3. Svaneke,Jean Thierry,Folkebevægelsen mod EU,0,Bornholms Storkreds
Aakirkebykredsen,3. Svaneke,Inger-Marie Tryde Martensen,Folkebevægelsen mod EU,0,Bornholms Storkreds
Aakirkebykredsen,3. Svaneke,Malte Bang,Folkebevægelsen mod EU,1,Bornholms Storkreds
Aakirkebykredsen,3. Svaneke,Mehmet Aksoy,Folkebevægelsen mod EU,0,Bornholms Storkreds
Aakirkebykredsen,3. Svaneke,Victoria Ninosca Risbjerg Velasque,Folkebevægelsen mod EU,2,Bornholms Storkreds
Aakirkebykredsen,3. Svaneke,Troels Juel,Folkebevægelsen mod EU,0,Bornholms Storkreds
Aakirkebykredsen,3. Svaneke,Tobias Clausen,Folkebevægelsen mod EU,0,Bornholms Storkreds
Aakirkebykredsen,3. Svaneke,Preben Kristensen,Folkebevægelsen mod EU,0,Bornholms Storkreds
Aakirkebykredsen,3. Svaneke,Partiliste,Dansk Folkeparti,17,Bornholms Storkreds
Aakirkebykredsen,3. Svaneke,Morten Messerschmidt,Dansk Folkeparti,157,Bornholms Storkreds
Aakirkebykredsen,3. Svaneke,Anders Primdahl Vistisen,Dansk Folkeparti,2,Bornholms Storkreds
Aakirkebykredsen,3. Svaneke,Rikke Karlsson,Dansk Folkeparti,3,Bornholms Storkreds
Aakirkebykredsen,3. Svaneke,Karsten Lorentzen,Dansk Folkeparti,0,Bornholms Storkreds
Aakirkebykredsen,3. Svaneke,Tilde Bork,Dansk Folkeparti,0,Bornholms Storkreds
Aakirkebykredsen,3. Svaneke,Jørn Dohrmann,Dansk Folkeparti,2,Bornholms Storkreds
Aakirkebykredsen,3. Svaneke,Susanne Eilersen,Dansk Folkeparti,0,Bornholms Storkreds
Aakirkebykredsen,3. Svaneke,Kristina Jørgensen,Dansk Folkeparti,0,Bornholms Storkreds
Aakirkebykredsen,3. Svaneke,Githa Nelander,Dansk Folkeparti,0,Bornholms Storkreds
Aakirkebykredsen,3. Svaneke,Danni Olsen,Dansk Folkeparti,0,Bornholms Storkreds
Aakirkebykredsen,3. Svaneke,Partiliste,"Venstre, Danmarks Liberale Parti",21,Bornholms Storkreds
Aakirkebykredsen,3. Svaneke,Ulla Tørnæs,"Venstre, Danmarks Liberale Parti",63,Bornholms Storkreds
Aakirkebykredsen,3. Svaneke,Nils Juhl Andreasen,"Venstre, Danmarks Liberale Parti",0,Bornholms Storkreds
Aakirkebykredsen,3. Svaneke,Asger Christensen,"Venstre, Danmarks Liberale Parti",2,Bornholms Storkreds
Aakirkebykredsen,3. Svaneke,Ole Davidsen,"Venstre, Danmarks Liberale Parti",2,Bornholms Storkreds
Aakirkebykredsen,3. Svaneke,Diego Gugliotta,"Venstre, Danmarks Liberale Parti",1,Bornholms Storkreds
Aakirkebykredsen,3. Svaneke,Poul-Erik Høyer,"Venstre, Danmarks Liberale Parti",5,Bornholms Storkreds
Aakirkebykredsen,3. Svaneke,Harry Jensen,"Venstre, Danmarks Liberale Parti",1,Bornholms Storkreds
Aakirkebykredsen,3. Svaneke,Marcus Knuth,"Venstre, Danmarks Liberale Parti",0,Bornholms Storkreds
Aakirkebykredsen,3. Svaneke,Morten Løkkegaard,"Venstre, Danmarks Liberale Parti",8,Bornholms Storkreds
Aakirkebykredsen,3. Svaneke,Jess Myrthu,"Venstre, Danmarks Liberale Parti",5,Bornholms Storkreds
Aakirkebykredsen,3. Svaneke,Nicolai Svejgaard Poulsen,"Venstre, Danmarks Liberale Parti",0,Bornholms Storkreds
Aakirkebykredsen,3. Svaneke,Henrik Frost Rasmussen,"Venstre, Danmarks Liberale Parti",16,Bornholms Storkreds
Aakirkebykredsen,3. Svaneke,Jens Rohde,"Venstre, Danmarks Liberale Parti",20,Bornholms Storkreds
Aakirkebykredsen,3. Svaneke,Irene Simonsen,"Venstre, Danmarks Liberale Parti",0,Bornholms Storkreds
Aakirkebykredsen,3. Svaneke,Aleksander Aagaard,"Venstre, Danmarks Liberale Parti",0,Bornholms Storkreds
Aakirkebykredsen,3. Svaneke,Sanni Aakjær-Olesen,"Venstre, Danmarks Liberale Parti",0,Bornholms Storkreds
Aakirkebykredsen,4. Nexø,Partiliste,Socialdemokratiet,44,Bornholms Storkreds
Aakirkebykredsen,4. Nexø,Jeppe Kofod,Socialdemokratiet,544,Bornholms Storkreds
Aakirkebykredsen,4. Nexø,Ole Christensen,Socialdemokratiet,5,Bornholms Storkreds
Aakirkebykredsen,4. Nexø,Christel Schaldemose,Socialdemokratiet,15,Bornholms Storkreds
Aakirkebykredsen,4. Nexø,Lasse Quvang Rasmussen,Socialdemokratiet,2,Bornholms Storkreds
Aakirkebykredsen,4. Nexø,Britta Thomsen,Socialdemokratiet,6,Bornholms Storkreds
Aakirkebykredsen,4. Nexø,Kathrine Alexandrowiz,Socialdemokratiet,3,Bornholms Storkreds
Aakirkebykredsen,4. Nexø,Gunde Odgaard,Socialdemokratiet,7,Bornholms Storkreds
Aakirkebykredsen,4. Nexø,Rasmus Gjedssø Bertelsen,Socialdemokratiet,1,Bornholms Storkreds
Aakirkebykredsen,4. Nexø,Partiliste,Radikale Venstre,10,Bornholms Storkreds
Aakirkebykredsen,4. Nexø,Morten Helveg Petersen,Radikale Venstre,42,Bornholms Storkreds
Aakirkebykredsen,4. Nexø,Christian Kjølhede,Radikale Venstre,2,Bornholms Storkreds
Aakirkebykredsen,4. Nexø,Kristina Siig,Radikale Venstre,0,Bornholms Storkreds
Aakirkebykredsen,4. Nexø,Samira Nawa Amini,Radikale Venstre,0,Bornholms Storkreds
Aakirkebykredsen,4. Nexø,Karen Melchior,Radikale Venstre,4,Bornholms Storkreds
Aakirkebykredsen,4. Nexø,Thomas Elkjær,Radikale Venstre,0,Bornholms Storkreds
Aakirkebykredsen,4. Nexø,Sissel Kvist,Radikale Venstre,0,Bornholms Storkreds
Aakirkebykredsen,4. Nexø,Partiliste,Det Konservative Folkeparti,2,Bornholms Storkreds
Aakirkebykredsen,4. Nexø,Bendt Bendtsen,Det Konservative Folkeparti,57,Bornholms Storkreds
Aakirkebykredsen,4. Nexø,Josefine Kofoed,Det Konservative Folkeparti,10,Bornholms Storkreds
Aakirkebykredsen,4. Nexø,Tove Videbæk,Det Konservative Folkeparti,22,Bornholms Storkreds
Aakirkebykredsen,4. Nexø,Nichlas Vind,Det Konservative Folkeparti,2,Bornholms Storkreds
Aakirkebykredsen,4. Nexø,Christian Wedell-Neergaard,Det Konservative Folkeparti,0,Bornholms Storkreds
Aakirkebykredsen,4. Nexø,Morten Thiessen,Det Konservative Folkeparti,0,Bornholms Storkreds
Aakirkebykredsen,4. Nexø,Julie Broe,Det Konservative Folkeparti,0,Bornholms Storkreds
Aakirkebykredsen,4. Nexø,Catja C. Gaebel,Det Konservative Folkeparti,0,Bornholms Storkreds
Aakirkebykredsen,4. Nexø,Anders Stoltenberg,Det Konservative Folkeparti,0,Bornholms Storkreds
Aakirkebykredsen,4. Nexø,Mette-Katrine Ejby Buch,Det Konservative Folkeparti,0,Bornholms Storkreds
Aakirkebykredsen,4. Nexø,Partiliste,SF - Socialistisk Folkeparti,20,Bornholms Storkreds
Aakirkebykredsen,4. Nexø,Margrete Auken,SF - Socialistisk Folkeparti,61,Bornholms Storkreds
Aakirkebykredsen,4. Nexø,Tonni Hansen,SF - Socialistisk Folkeparti,2,Bornholms Storkreds
Aakirkebykredsen,4. Nexø,Anne-Mette Wehmüller,SF - Socialistisk Folkeparti,2,Bornholms Storkreds
Aakirkebykredsen,4. Nexø,Christine Sidenius,SF - Socialistisk Folkeparti,1,Bornholms Storkreds
Aakirkebykredsen,4. Nexø,Teis Volstrup,SF - Socialistisk Folkeparti,4,Bornholms Storkreds
Aakirkebykredsen,4. Nexø,Jacob Isøe Klærke,SF - Socialistisk Folkeparti,1,Bornholms Storkreds
Aakirkebykredsen,4. Nexø,Fathi El-Abed,SF - Socialistisk Folkeparti,0,Bornholms Storkreds
Aakirkebykredsen,4. Nexø,Halime Oguz,SF - Socialistisk Folkeparti,0,Bornholms Storkreds
Aakirkebykredsen,4. Nexø,Meta Fuglsang,SF - Socialistisk Folkeparti,0,Bornholms Storkreds
Aakirkebykredsen,4. Nexø,Allan Norre Pedersen,SF - Socialistisk Folkeparti,0,Bornholms Storkreds
Aakirkebykredsen,4. Nexø,Rune Bai Nielsen,SF - Socialistisk Folkeparti,0,Bornholms Storkreds
Aakirkebykredsen,4. Nexø,Charlotte Broman Mølbæk,SF - Socialistisk Folkeparti,0,Bornholms Storkreds
Aakirkebykredsen,4. Nexø,Michael Thomsen,SF - Socialistisk Folkeparti,0,Bornholms Storkreds
Aakirkebykredsen,4. Nexø,Søren Gytz Olesen,SF - Socialistisk Folkeparti,1,Bornholms Storkreds
Aakirkebykredsen,4. Nexø,Jan Kjær,SF - Socialistisk Folkeparti,0,Bornholms Storkreds
Aakirkebykredsen,4. Nexø,Jørgen Jørgensen,SF - Socialistisk Folkeparti,0,Bornholms Storkreds
Aakirkebykredsen,4. Nexø,Troels Stru Schmidt,SF - Socialistisk Folkeparti,3,Bornholms Storkreds
Aakirkebykredsen,4. Nexø,Lau Tambjerg,SF - Socialistisk Folkeparti,0,Bornholms Storkreds
Aakirkebykredsen,4. Nexø,Annemette Schønberg Johnsen,SF - Socialistisk Folkeparti,0,Bornholms Storkreds
Aakirkebykredsen,4. Nexø,Anne Lise Holst Jensen,SF - Socialistisk Folkeparti,1,Bornholms Storkreds
Aakirkebykredsen,4. Nexø,Partiliste,Liberal Alliance,6,Bornholms Storkreds
Aakirkebykredsen,4. Nexø,Christina Egelund,Liberal Alliance,12,Bornholms Storkreds
Aakirkebykredsen,4. Nexø,Niels Westy,Liberal Alliance,1,Bornholms Storkreds
Aakirkebykredsen,4. Nexø,Kasper Heumann Kristensen,Liberal Alliance,0,Bornholms Storkreds
Aakirkebykredsen,4. Nexø,Marianne Mørk Mathiesen,Liberal Alliance,0,Bornholms Storkreds
Aakirkebykredsen,4. Nexø,Jakob Bille,Liberal Alliance,0,Bornholms Storkreds
Aakirkebykredsen,4. Nexø,Sabeena Sareen,Liberal Alliance,1,Bornholms Storkreds
Aakirkebykredsen,4. Nexø,Andreas Hastrup,Liberal Alliance,0,Bornholms Storkreds
Aakirkebykredsen,4. Nexø,Anne Kathrine Kirk,Liberal Alliance,0,Bornholms Storkreds
Aakirkebykredsen,4. Nexø,Niels Høiby,Liberal Alliance,1,Bornholms Storkreds
Aakirkebykredsen,4. Nexø,Partiliste,Folkebevægelsen mod EU,82,Bornholms Storkreds
Aakirkebykredsen,4. Nexø,Rina Ronja Kari,Folkebevægelsen mod EU,59,Bornholms Storkreds
Aakirkebykredsen,4. Nexø,Lave K. Broch,Folkebevægelsen mod EU,3,Bornholms Storkreds
Aakirkebykredsen,4. Nexø,Ole Nors Nielsen,Folkebevægelsen mod EU,2,Bornholms Storkreds
Aakirkebykredsen,4. Nexø,Christian Juhl,Folkebevægelsen mod EU,1,Bornholms Storkreds
Aakirkebykredsen,4. Nexø,Karina Rohr Sørensen,Folkebevægelsen mod EU,2,Bornholms Storkreds
Aakirkebykredsen,4. Nexø,Jørgen Grøn,Folkebevægelsen mod EU,0,Bornholms Storkreds
Aakirkebykredsen,4. Nexø,Mette Langdal,Folkebevægelsen mod EU,0,Bornholms Storkreds
Aakirkebykredsen,4. Nexø,Brian Olsen,Folkebevægelsen mod EU,0,Bornholms Storkreds
Aakirkebykredsen,4. Nexø,Erik Bach,Folkebevægelsen mod EU,0,Bornholms Storkreds
Aakirkebykredsen,4. Nexø,Helge Rørtoft-Madsen,Folkebevægelsen mod EU,0,Bornholms Storkreds
Aakirkebykredsen,4. Nexø,Thorkil Sohn,Folkebevægelsen mod EU,3,Bornholms Storkreds
Aakirkebykredsen,4. Nexø,Hans-Henrik Larsen,Folkebevægelsen mod EU,0,Bornholms Storkreds
Aakirkebykredsen,4. Nexø,Jean Thierry,Folkebevægelsen mod EU,2,Bornholms Storkreds
Aakirkebykredsen,4. Nexø,Inger-Marie Tryde Martensen,Folkebevægelsen mod EU,0,Bornholms Storkreds
Aakirkebykredsen,4. Nexø,Malte Bang,Folkebevægelsen mod EU,0,Bornholms Storkreds
Aakirkebykredsen,4. Nexø,Mehmet Aksoy,Folkebevægelsen mod EU,0,Bornholms Storkreds
Aakirkebykredsen,4. Nexø,Victoria Ninosca Risbjerg Velasque,Folkebevægelsen mod EU,0,Bornholms Storkreds
Aakirkebykredsen,4. Nexø,Troels Juel,Folkebevægelsen mod EU,1,Bornholms Storkreds
Aakirkebykredsen,4. Nexø,Tobias Clausen,Folkebevægelsen mod EU,0,Bornholms Storkreds
Aakirkebykredsen,4. Nexø,Preben Kristensen,Folkebevægelsen mod EU,1,Bornholms Storkreds
Aakirkebykredsen,4. Nexø,Partiliste,Dansk Folkeparti,47,Bornholms Storkreds
Aakirkebykredsen,4. Nexø,Morten Messerschmidt,Dansk Folkeparti,341,Bornholms Storkreds
Aakirkebykredsen,4. Nexø,Anders Primdahl Vistisen,Dansk Folkeparti,5,Bornholms Storkreds
Aakirkebykredsen,4. Nexø,Rikke Karlsson,Dansk Folkeparti,2,Bornholms Storkreds
Aakirkebykredsen,4. Nexø,Karsten Lorentzen,Dansk Folkeparti,1,Bornholms Storkreds
Aakirkebykredsen,4. Nexø,Tilde Bork,Dansk Folkeparti,2,Bornholms Storkreds
Aakirkebykredsen,4. Nexø,Jørn Dohrmann,Dansk Folkeparti,3,Bornholms Storkreds
Aakirkebykredsen,4. Nexø,Susanne Eilersen,Dansk Folkeparti,2,Bornholms Storkreds
Aakirkebykredsen,4. Nexø,Kristina Jørgensen,Dansk Folkeparti,0,Bornholms Storkreds
Aakirkebykredsen,4. Nexø,Githa Nelander,Dansk Folkeparti,0,Bornholms Storkreds
Aakirkebykredsen,4. Nexø,Danni Olsen,Dansk Folkeparti,2,Bornholms Storkreds
Aakirkebykredsen,4. Nexø,Partiliste,"Venstre, Danmarks Liberale Parti",51,Bornholms Storkreds
Aakirkebykredsen,4. Nexø,Ulla Tørnæs,"Venstre, Danmarks Liberale Parti",103,Bornholms Storkreds
Aakirkebykredsen,4. Nexø,Nils Juhl Andreasen,"Venstre, Danmarks Liberale Parti",1,Bornholms Storkreds
Aakirkebykredsen,4. Nexø,Asger Christensen,"Venstre, Danmarks Liberale Parti",2,Bornholms Storkreds
Aakirkebykredsen,4. Nexø,Ole Davidsen,"Venstre, Danmarks Liberale Parti",1,Bornholms Storkreds
Aakirkebykredsen,4. Nexø,Diego Gugliotta,"Venstre, Danmarks Liberale Parti",0,Bornholms Storkreds
Aakirkebykredsen,4. Nexø,Poul-Erik Høyer,"Venstre, Danmarks Liberale Parti",10,Bornholms Storkreds
Aakirkebykredsen,4. Nexø,Harry Jensen,"Venstre, Danmarks Liberale Parti",1,Bornholms Storkreds
Aakirkebykredsen,4. Nexø,Marcus Knuth,"Venstre, Danmarks Liberale Parti",1,Bornholms Storkreds
Aakirkebykredsen,4. Nexø,Morten Løkkegaard,"Venstre, Danmarks Liberale Parti",15,Bornholms Storkreds
Aakirkebykredsen,4. Nexø,Jess Myrthu,"Venstre, Danmarks Liberale Parti",0,Bornholms Storkreds
Aakirkebykredsen,4. Nexø,Nicolai Svejgaard Poulsen,"Venstre, Danmarks Liberale Parti",4,Bornholms Storkreds
Aakirkebykredsen,4. Nexø,Henrik Frost Rasmussen,"Venstre, Danmarks Liberale Parti",32,Bornholms Storkreds
Aakirkebykredsen,4. Nexø,Jens Rohde,"Venstre, Danmarks Liberale Parti",15,Bornholms Storkreds
Aakirkebykredsen,4. Nexø,Irene Simonsen,"Venstre, Danmarks Liberale Parti",1,Bornholms Storkreds
Aakirkebykredsen,4. Nexø,Aleksander Aagaard,"Venstre, Danmarks Liberale Parti",0,Bornholms Storkreds
Aakirkebykredsen,4. Nexø,Sanni Aakjær-Olesen,"Venstre, Danmarks Liberale Parti",0,Bornholms Storkreds
Aakirkebykredsen,5. Pedersker,Partiliste,Socialdemokratiet,15,Bornholms Storkreds
Aakirkebykredsen,5. Pedersker,Jeppe Kofod,Socialdemokratiet,220,Bornholms Storkreds
Aakirkebykredsen,5. Pedersker,Ole Christensen,Socialdemokratiet,1,Bornholms Storkreds
Aakirkebykredsen,5. Pedersker,Christel Schaldemose,Socialdemokratiet,9,Bornholms Storkreds
Aakirkebykredsen,5. Pedersker,Lasse Quvang Rasmussen,Socialdemokratiet,1,Bornholms Storkreds
Aakirkebykredsen,5. Pedersker,Britta Thomsen,Socialdemokratiet,4,Bornholms Storkreds
Aakirkebykredsen,5. Pedersker,Kathrine Alexandrowiz,Socialdemokratiet,1,Bornholms Storkreds
Aakirkebykredsen,5. Pedersker,Gunde Odgaard,Socialdemokratiet,1,Bornholms Storkreds
Aakirkebykredsen,5. Pedersker,Rasmus Gjedssø Bertelsen,Socialdemokratiet,2,Bornholms Storkreds
Aakirkebykredsen,5. Pedersker,Partiliste,Radikale Venstre,3,Bornholms Storkreds
Aakirkebykredsen,5. Pedersker,Morten Helveg Petersen,Radikale Venstre,6,Bornholms Storkreds
Aakirkebykredsen,5. Pedersker,Christian Kjølhede,Radikale Venstre,0,Bornholms Storkreds
Aakirkebykredsen,5. Pedersker,Kristina Siig,Radikale Venstre,0,Bornholms Storkreds
Aakirkebykredsen,5. Pedersker,Samira Nawa Amini,Radikale Venstre,2,Bornholms Storkreds
Aakirkebykredsen,5. Pedersker,Karen Melchior,Radikale Venstre,0,Bornholms Storkreds
Aakirkebykredsen,5. Pedersker,Thomas Elkjær,Radikale Venstre,0,Bornholms Storkreds
Aakirkebykredsen,5. Pedersker,Sissel Kvist,Radikale Venstre,0,Bornholms Storkreds
Aakirkebykredsen,5. Pedersker,Partiliste,Det Konservative Folkeparti,3,Bornholms Storkreds
Aakirkebykredsen,5. Pedersker,Bendt Bendtsen,Det Konservative Folkeparti,22,Bornholms Storkreds
Aakirkebykredsen,5. Pedersker,Josefine Kofoed,Det Konservative Folkeparti,2,Bornholms Storkreds
Aakirkebykredsen,5. Pedersker,Tove Videbæk,Det Konservative Folkeparti,15,Bornholms Storkreds
Aakirkebykredsen,5. Pedersker,Nichlas Vind,Det Konservative Folkeparti,2,Bornholms Storkreds
Aakirkebykredsen,5. Pedersker,Christian Wedell-Neergaard,Det Konservative Folkeparti,0,Bornholms Storkreds
Aakirkebykredsen,5. Pedersker,Morten Thiessen,Det Konservative Folkeparti,0,Bornholms Storkreds
Aakirkebykredsen,5. Pedersker,Julie Broe,Det Konservative Folkeparti,0,Bornholms Storkreds
Aakirkebykredsen,5. Pedersker,Catja C. Gaebel,Det Konservative Folkeparti,0,Bornholms Storkreds
Aakirkebykredsen,5. Pedersker,Anders Stoltenberg,Det Konservative Folkeparti,1,Bornholms Storkreds
Aakirkebykredsen,5. Pedersker,Mette-Katrine Ejby Buch,Det Konservative Folkeparti,0,Bornholms Storkreds
Aakirkebykredsen,5. Pedersker,Partiliste,SF - Socialistisk Folkeparti,9,Bornholms Storkreds
Aakirkebykredsen,5. Pedersker,Margrete Auken,SF - Socialistisk Folkeparti,16,Bornholms Storkreds
Aakirkebykredsen,5. Pedersker,Tonni Hansen,SF - Socialistisk Folkeparti,0,Bornholms Storkreds
Aakirkebykredsen,5. Pedersker,Anne-Mette Wehmüller,SF - Socialistisk Folkeparti,0,Bornholms Storkreds
Aakirkebykredsen,5. Pedersker,Christine Sidenius,SF - Socialistisk Folkeparti,0,Bornholms Storkreds
Aakirkebykredsen,5. Pedersker,Teis Volstrup,SF - Socialistisk Folkeparti,1,Bornholms Storkreds
Aakirkebykredsen,5. Pedersker,Jacob Isøe Klærke,SF - Socialistisk Folkeparti,1,Bornholms Storkreds
Aakirkebykredsen,5. Pedersker,Fathi El-Abed,SF - Socialistisk Folkeparti,0,Bornholms Storkreds
Aakirkebykredsen,5. Pedersker,Halime Oguz,SF - Socialistisk Folkeparti,0,Bornholms Storkreds
Aakirkebykredsen,5. Pedersker,Meta Fuglsang,SF - Socialistisk Folkeparti,1,Bornholms Storkreds
Aakirkebykredsen,5. Pedersker,Allan Norre Pedersen,SF - Socialistisk Folkeparti,0,Bornholms Storkreds
Aakirkebykredsen,5. Pedersker,Rune Bai Nielsen,SF - Socialistisk Folkeparti,0,Bornholms Storkreds
Aakirkebykredsen,5. Pedersker,Charlotte Broman Mølbæk,SF - Socialistisk Folkeparti,0,Bornholms Storkreds
Aakirkebykredsen,5. Pedersker,Michael Thomsen,SF - Socialistisk Folkeparti,0,Bornholms Storkreds
Aakirkebykredsen,5. Pedersker,Søren Gytz Olesen,SF - Socialistisk Folkeparti,0,Bornholms Storkreds
Aakirkebykredsen,5. Pedersker,Jan Kjær,SF - Socialistisk Folkeparti,0,Bornholms Storkreds
Aakirkebykredsen,5. Pedersker,Jørgen Jørgensen,SF - Socialistisk Folkeparti,0,Bornholms Storkreds
Aakirkebykredsen,5. Pedersker,Troels Stru Schmidt,SF - Socialistisk Folkeparti,1,Bornholms Storkreds
Aakirkebykredsen,5. Pedersker,Lau Tambjerg,SF - Socialistisk Folkeparti,0,Bornholms Storkreds
Aakirkebykredsen,5. Pedersker,Annemette Schønberg Johnsen,SF - Socialistisk Folkeparti,1,Bornholms Storkreds
Aakirkebykredsen,5. Pedersker,Anne Lise Holst Jensen,SF - Socialistisk Folkeparti,1,Bornholms Storkreds
Aakirkebykredsen,5. Pedersker,Partiliste,Liberal Alliance,1,Bornholms Storkreds
Aakirkebykredsen,5. Pedersker,Christina Egelund,Liberal Alliance,4,Bornholms Storkreds
Aakirkebykredsen,5. Pedersker,Niels Westy,Liberal Alliance,0,Bornholms Storkreds
Aakirkebykredsen,5. Pedersker,Kasper Heumann Kristensen,Liberal Alliance,0,Bornholms Storkreds
Aakirkebykredsen,5. Pedersker,Marianne Mørk Mathiesen,Liberal Alliance,0,Bornholms Storkreds
Aakirkebykredsen,5. Pedersker,Jakob Bille,Liberal Alliance,0,Bornholms Storkreds
Aakirkebykredsen,5. Pedersker,Sabeena Sareen,Liberal Alliance,0,Bornholms Storkreds
Aakirkebykredsen,5. Pedersker,Andreas Hastrup,Liberal Alliance,0,Bornholms Storkreds
Aakirkebykredsen,5. Pedersker,Anne Kathrine Kirk,Liberal Alliance,0,Bornholms Storkreds
Aakirkebykredsen,5. Pedersker,Niels Høiby,Liberal Alliance,0,Bornholms Storkreds
Aakirkebykredsen,5. Pedersker,Partiliste,Folkebevægelsen mod EU,35,Bornholms Storkreds
Aakirkebykredsen,5. Pedersker,Rina Ronja Kari,Folkebevægelsen mod EU,24,Bornholms Storkreds
Aakirkebykredsen,5. Pedersker,Lave K. Broch,Folkebevægelsen mod EU,2,Bornholms Storkreds
Aakirkebykredsen,5. Pedersker,Ole Nors Nielsen,Folkebevægelsen mod EU,0,Bornholms Storkreds
Aakirkebykredsen,5. Pedersker,Christian Juhl,Folkebevægelsen mod EU,0,Bornholms Storkreds
Aakirkebykredsen,5. Pedersker,Karina Rohr Sørensen,Folkebevægelsen mod EU,0,Bornholms Storkreds
Aakirkebykredsen,5. Pedersker,Jørgen Grøn,Folkebevægelsen mod EU,0,Bornholms Storkreds
Aakirkebykredsen,5. Pedersker,Mette Langdal,Folkebevægelsen mod EU,0,Bornholms Storkreds
Aakirkebykredsen,5. Pedersker,Brian Olsen,Folkebevægelsen mod EU,0,Bornholms Storkreds
Aakirkebykredsen,5. Pedersker,Erik Bach,Folkebevægelsen mod EU,0,Bornholms Storkreds
Aakirkebykredsen,5. Pedersker,Helge Rørtoft-Madsen,Folkebevægelsen mod EU,1,Bornholms Storkreds
Aakirkebykredsen,5. Pedersker,Thorkil Sohn,Folkebevægelsen mod EU,0,Bornholms Storkreds
Aakirkebykredsen,5. Pedersker,Hans-Henrik Larsen,Folkebevægelsen mod EU,1,Bornholms Storkreds
Aakirkebykredsen,5. Pedersker,Jean Thierry,Folkebevægelsen mod EU,1,Bornholms Storkreds
Aakirkebykredsen,5. Pedersker,Inger-Marie Tryde Martensen,Folkebevægelsen mod EU,1,Bornholms Storkreds
Aakirkebykredsen,5. Pedersker,Malte Bang,Folkebevægelsen mod EU,0,Bornholms Storkreds
Aakirkebykredsen,5. Pedersker,Mehmet Aksoy,Folkebevægelsen mod EU,0,Bornholms Storkreds
Aakirkebykredsen,5. Pedersker,Victoria Ninosca Risbjerg Velasque,Folkebevægelsen mod EU,0,Bornholms Storkreds
Aakirkebykredsen,5. Pedersker,Troels Juel,Folkebevægelsen mod EU,0,Bornholms Storkreds
Aakirkebykredsen,5. Pedersker,Tobias Clausen,Folkebevægelsen mod EU,0,Bornholms Storkreds
Aakirkebykredsen,5. Pedersker,Preben Kristensen,Folkebevægelsen mod EU,0,Bornholms Storkreds
Aakirkebykredsen,5. Pedersker,Partiliste,Dansk Folkeparti,37,Bornholms Storkreds
Aakirkebykredsen,5. Pedersker,Morten Messerschmidt,Dansk Folkeparti,176,Bornholms Storkreds
Aakirkebykredsen,5. Pedersker,Anders Primdahl Vistisen,Dansk Folkeparti,2,Bornholms Storkreds
Aakirkebykredsen,5. Pedersker,Rikke Karlsson,Dansk Folkeparti,4,Bornholms Storkreds
Aakirkebykredsen,5. Pedersker,Karsten Lorentzen,Dansk Folkeparti,0,Bornholms Storkreds
Aakirkebykredsen,5. Pedersker,Tilde Bork,Dansk Folkeparti,1,Bornholms Storkreds
Aakirkebykredsen,5. Pedersker,Jørn Dohrmann,Dansk Folkeparti,4,Bornholms Storkreds
Aakirkebykredsen,5. Pedersker,Susanne Eilersen,Dansk Folkeparti,0,Bornholms Storkreds
Aakirkebykredsen,5. Pedersker,Kristina Jørgensen,Dansk Folkeparti,1,Bornholms Storkreds
Aakirkebykredsen,5. Pedersker,Githa Nelander,Dansk Folkeparti,0,Bornholms Storkreds
Aakirkebykredsen,5. Pedersker,Danni Olsen,Dansk Folkeparti,0,Bornholms Storkreds
Aakirkebykredsen,5. Pedersker,Partiliste,"Venstre, Danmarks Liberale Parti",23,Bornholms Storkreds
Aakirkebykredsen,5. Pedersker,Ulla Tørnæs,"Venstre, Danmarks Liberale Parti",56,Bornholms Storkreds
Aakirkebykredsen,5. Pedersker,Nils Juhl Andreasen,"Venstre, Danmarks Liberale Parti",0,Bornholms Storkreds
Aakirkebykredsen,5. Pedersker,Asger Christensen,"Venstre, Danmarks Liberale Parti",3,Bornholms Storkreds
Aakirkebykredsen,5. Pedersker,Ole Davidsen,"Venstre, Danmarks Liberale Parti",1,Bornholms Storkreds
Aakirkebykredsen,5. Pedersker,Diego Gugliotta,"Venstre, Danmarks Liberale Parti",1,Bornholms Storkreds
Aakirkebykredsen,5. Pedersker,Poul-Erik Høyer,"Venstre, Danmarks Liberale Parti",2,Bornholms Storkreds
Aakirkebykredsen,5. Pedersker,Harry Jensen,"Venstre, Danmarks Liberale Parti",0,Bornholms Storkreds
Aakirkebykredsen,5. Pedersker,Marcus Knuth,"Venstre, Danmarks Liberale Parti",0,Bornholms Storkreds
Aakirkebykredsen,5. Pedersker,Morten Løkkegaard,"Venstre, Danmarks Liberale Parti",11,Bornholms Storkreds
Aakirkebykredsen,5. Pedersker,Jess Myrthu,"Venstre, Danmarks Liberale Parti",0,Bornholms Storkreds
Aakirkebykredsen,5. Pedersker,Nicolai Svejgaard Poulsen,"Venstre, Danmarks Liberale Parti",2,Bornholms Storkreds
Aakirkebykredsen,5. Pedersker,Henrik Frost Rasmussen,"Venstre, Danmarks Liberale Parti",27,Bornholms Storkreds
Aakirkebykredsen,5. Pedersker,Jens Rohde,"Venstre, Danmarks Liberale Parti",12,Bornholms Storkreds
Aakirkebykredsen,5. Pedersker,Irene Simonsen,"Venstre, Danmarks Liberale Parti",1,Bornholms Storkreds
Aakirkebykredsen,5. Pedersker,Aleksander Aagaard,"Venstre, Danmarks Liberale Parti",0,Bornholms Storkreds
Aakirkebykredsen,5. Pedersker,Sanni Aakjær-Olesen,"Venstre, Danmarks Liberale Parti",0,Bornholms Storkreds
Aakirkebykredsen,6. Aakirkeby,Partiliste,Socialdemokratiet,55,Bornholms Storkreds
Aakirkebykredsen,6. Aakirkeby,Jeppe Kofod,Socialdemokratiet,683,Bornholms Storkreds
Aakirkebykredsen,6. Aakirkeby,Ole Christensen,Socialdemokratiet,4,Bornholms Storkreds
Aakirkebykredsen,6. Aakirkeby,Christel Schaldemose,Socialdemokratiet,21,Bornholms Storkreds
Aakirkebykredsen,6. Aakirkeby,Lasse Quvang Rasmussen,Socialdemokratiet,1,Bornholms Storkreds
Aakirkebykredsen,6. Aakirkeby,Britta Thomsen,Socialdemokratiet,6,Bornholms Storkreds
Aakirkebykredsen,6. Aakirkeby,Kathrine Alexandrowiz,Socialdemokratiet,0,Bornholms Storkreds
Aakirkebykredsen,6. Aakirkeby,Gunde Odgaard,Socialdemokratiet,5,Bornholms Storkreds
Aakirkebykredsen,6. Aakirkeby,Rasmus Gjedssø Bertelsen,Socialdemokratiet,1,Bornholms Storkreds
Aakirkebykredsen,6. Aakirkeby,Partiliste,Radikale Venstre,10,Bornholms Storkreds
Aakirkebykredsen,6. Aakirkeby,Morten Helveg Petersen,Radikale Venstre,27,Bornholms Storkreds
Aakirkebykredsen,6. Aakirkeby,Christian Kjølhede,Radikale Venstre,0,Bornholms Storkreds
Aakirkebykredsen,6. Aakirkeby,Kristina Siig,Radikale Venstre,2,Bornholms Storkreds
Aakirkebykredsen,6. Aakirkeby,Samira Nawa Amini,Radikale Venstre,2,Bornholms Storkreds
Aakirkebykredsen,6. Aakirkeby,Karen Melchior,Radikale Venstre,2,Bornholms Storkreds
Aakirkebykredsen,6. Aakirkeby,Thomas Elkjær,Radikale Venstre,1,Bornholms Storkreds
Aakirkebykredsen,6. Aakirkeby,Sissel Kvist,Radikale Venstre,0,Bornholms Storkreds
Aakirkebykredsen,6. Aakirkeby,Partiliste,Det Konservative Folkeparti,7,Bornholms Storkreds
Aakirkebykredsen,6. Aakirkeby,Bendt Bendtsen,Det Konservative Folkeparti,69,Bornholms Storkreds
Aakirkebykredsen,6. Aakirkeby,Josefine Kofoed,Det Konservative Folkeparti,10,Bornholms Storkreds
Aakirkebykredsen,6. Aakirkeby,Tove Videbæk,Det Konservative Folkeparti,42,Bornholms Storkreds
Aakirkebykredsen,6. Aakirkeby,Nichlas Vind,Det Konservative Folkeparti,1,Bornholms Storkreds
Aakirkebykredsen,6. Aakirkeby,Christian Wedell-Neergaard,Det Konservative Folkeparti,1,Bornholms Storkreds
Aakirkebykredsen,6. Aakirkeby,Morten Thiessen,Det Konservative Folkeparti,0,Bornholms Storkreds
Aakirkebykredsen,6. Aakirkeby,Julie Broe,Det Konservative Folkeparti,0,Bornholms Storkreds
Aakirkebykredsen,6. Aakirkeby,Catja C. Gaebel,Det Konservative Folkeparti,0,Bornholms Storkreds
Aakirkebykredsen,6. Aakirkeby,Anders Stoltenberg,Det Konservative Folkeparti,1,Bornholms Storkreds
Aakirkebykredsen,6. Aakirkeby,Mette-Katrine Ejby Buch,Det Konservative Folkeparti,1,Bornholms Storkreds
Aakirkebykredsen,6. Aakirkeby,Partiliste,SF - Socialistisk Folkeparti,21,Bornholms Storkreds
Aakirkebykredsen,6. Aakirkeby,Margrete Auken,SF - Socialistisk Folkeparti,67,Bornholms Storkreds
Aakirkebykredsen,6. Aakirkeby,Tonni Hansen,SF - Socialistisk Folkeparti,7,Bornholms Storkreds
Aakirkebykredsen,6. Aakirkeby,Anne-Mette Wehmüller,SF - Socialistisk Folkeparti,1,Bornholms Storkreds
Aakirkebykredsen,6. Aakirkeby,Christine Sidenius,SF - Socialistisk Folkeparti,1,Bornholms Storkreds
Aakirkebykredsen,6. Aakirkeby,Teis Volstrup,SF - Socialistisk Folkeparti,6,Bornholms Storkreds
Aakirkebykredsen,6. Aakirkeby,Jacob Isøe Klærke,SF - Socialistisk Folkeparti,1,Bornholms Storkreds
Aakirkebykredsen,6. Aakirkeby,Fathi El-Abed,SF - Socialistisk Folkeparti,0,Bornholms Storkreds
Aakirkebykredsen,6. Aakirkeby,Halime Oguz,SF - Socialistisk Folkeparti,0,Bornholms Storkreds
Aakirkebykredsen,6. Aakirkeby,Meta Fuglsang,SF - Socialistisk Folkeparti,0,Bornholms Storkreds
Aakirkebykredsen,6. Aakirkeby,Allan Norre Pedersen,SF - Socialistisk Folkeparti,0,Bornholms Storkreds
Aakirkebykredsen,6. Aakirkeby,Rune Bai Nielsen,SF - Socialistisk Folkeparti,0,Bornholms Storkreds
Aakirkebykredsen,6. Aakirkeby,Charlotte Broman Mølbæk,SF - Socialistisk Folkeparti,2,Bornholms Storkreds
Aakirkebykredsen,6. Aakirkeby,Michael Thomsen,SF - Socialistisk Folkeparti,0,Bornholms Storkreds
Aakirkebykredsen,6. Aakirkeby,Søren Gytz Olesen,SF - Socialistisk Folkeparti,0,Bornholms Storkreds
Aakirkebykredsen,6. Aakirkeby,Jan Kjær,SF - Socialistisk Folkeparti,1,Bornholms Storkreds
Aakirkebykredsen,6. Aakirkeby,Jørgen Jørgensen,SF - Socialistisk Folkeparti,1,Bornholms Storkreds
Aakirkebykredsen,6. Aakirkeby,Troels Stru Schmidt,SF - Socialistisk Folkeparti,3,Bornholms Storkreds
Aakirkebykredsen,6. Aakirkeby,Lau Tambjerg,SF - Socialistisk Folkeparti,0,Bornholms Storkreds
Aakirkebykredsen,6. Aakirkeby,Annemette Schønberg Johnsen,SF - Socialistisk Folkeparti,2,Bornholms Storkreds
Aakirkebykredsen,6. Aakirkeby,Anne Lise Holst Jensen,SF - Socialistisk Folkeparti,2,Bornholms Storkreds
Aakirkebykredsen,6. Aakirkeby,Partiliste,Liberal Alliance,8,Bornholms Storkreds
Aakirkebykredsen,6. Aakirkeby,Christina Egelund,Liberal Alliance,11,Bornholms Storkreds
Aakirkebykredsen,6. Aakirkeby,Niels Westy,Liberal Alliance,0,Bornholms Storkreds
Aakirkebykredsen,6. Aakirkeby,Kasper Heumann Kristensen,Liberal Alliance,0,Bornholms Storkreds
Aakirkebykredsen,6. Aakirkeby,Marianne Mørk Mathiesen,Liberal Alliance,0,Bornholms Storkreds
Aakirkebykredsen,6. Aakirkeby,Jakob Bille,Liberal Alliance,2,Bornholms Storkreds
Aakirkebykredsen,6. Aakirkeby,Sabeena Sareen,Liberal Alliance,1,Bornholms Storkreds
Aakirkebykredsen,6. Aakirkeby,Andreas Hastrup,Liberal Alliance,0,Bornholms Storkreds
Aakirkebykredsen,6. Aakirkeby,Anne Kathrine Kirk,Liberal Alliance,0,Bornholms Storkreds
Aakirkebykredsen,6. Aakirkeby,Niels Høiby,Liberal Alliance,1,Bornholms Storkreds
Aakirkebykredsen,6. Aakirkeby,Partiliste,Folkebevægelsen mod EU,72,Bornholms Storkreds
Aakirkebykredsen,6. Aakirkeby,Rina Ronja Kari,Folkebevægelsen mod EU,66,Bornholms Storkreds
Aakirkebykredsen,6. Aakirkeby,Lave K. Broch,Folkebevægelsen mod EU,7,Bornholms Storkreds
Aakirkebykredsen,6. Aakirkeby,Ole Nors Nielsen,Folkebevægelsen mod EU,0,Bornholms Storkreds
Aakirkebykredsen,6. Aakirkeby,Christian Juhl,Folkebevægelsen mod EU,0,Bornholms Storkreds
Aakirkebykredsen,6. Aakirkeby,Karina Rohr Sørensen,Folkebevægelsen mod EU,3,Bornholms Storkreds
Aakirkebykredsen,6. Aakirkeby,Jørgen Grøn,Folkebevægelsen mod EU,0,Bornholms Storkreds
Aakirkebykredsen,6. Aakirkeby,Mette Langdal,Folkebevægelsen mod EU,1,Bornholms Storkreds
Aakirkebykredsen,6. Aakirkeby,Brian Olsen,Folkebevægelsen mod EU,0,Bornholms Storkreds
Aakirkebykredsen,6. Aakirkeby,Erik Bach,Folkebevægelsen mod EU,0,Bornholms Storkreds
Aakirkebykredsen,6. Aakirkeby,Helge Rørtoft-Madsen,Folkebevægelsen mod EU,0,Bornholms Storkreds
Aakirkebykredsen,6. Aakirkeby,Thorkil Sohn,Folkebevægelsen mod EU,3,Bornholms Storkreds
Aakirkebykredsen,6. Aakirkeby,Hans-Henrik Larsen,Folkebevægelsen mod EU,0,Bornholms Storkreds
Aakirkebykredsen,6. Aakirkeby,Jean Thierry,Folkebevægelsen mod EU,1,Bornholms Storkreds
Aakirkebykredsen,6. Aakirkeby,Inger-Marie Tryde Martensen,Folkebevægelsen mod EU,0,Bornholms Storkreds
Aakirkebykredsen,6. Aakirkeby,Malte Bang,Folkebevægelsen mod EU,3,Bornholms Storkreds
Aakirkebykredsen,6. Aakirkeby,Mehmet Aksoy,Folkebevægelsen mod EU,0,Bornholms Storkreds
Aakirkebykredsen,6. Aakirkeby,Victoria Ninosca Risbjerg Velasque,Folkebevægelsen mod EU,1,Bornholms Storkreds
Aakirkebykredsen,6. Aakirkeby,Troels Juel,Folkebevægelsen mod EU,0,Bornholms Storkreds
Aakirkebykredsen,6. Aakirkeby,Tobias Clausen,Folkebevægelsen mod EU,1,Bornholms Storkreds
Aakirkebykredsen,6. Aakirkeby,Preben Kristensen,Folkebevægelsen mod EU,1,Bornholms Storkreds
Aakirkebykredsen,6. Aakirkeby,Partiliste,Dansk Folkeparti,72,Bornholms Storkreds
Aakirkebykredsen,6. Aakirkeby,Morten Messerschmidt,Dansk Folkeparti,388,Bornholms Storkreds
Aakirkebykredsen,6. Aakirkeby,Anders Primdahl Vistisen,Dansk Folkeparti,6,Bornholms Storkreds
Aakirkebykredsen,6. Aakirkeby,Rikke Karlsson,Dansk Folkeparti,8,Bornholms Storkreds
Aakirkebykredsen,6. Aakirkeby,Karsten Lorentzen,Dansk Folkeparti,0,Bornholms Storkreds
Aakirkebykredsen,6. Aakirkeby,Tilde Bork,Dansk Folkeparti,1,Bornholms Storkreds
Aakirkebykredsen,6. Aakirkeby,Jørn Dohrmann,Dansk Folkeparti,4,Bornholms Storkreds
Aakirkebykredsen,6. Aakirkeby,Susanne Eilersen,Dansk Folkeparti,0,Bornholms Storkreds
Aakirkebykredsen,6. Aakirkeby,Kristina Jørgensen,Dansk Folkeparti,1,Bornholms Storkreds
Aakirkebykredsen,6. Aakirkeby,Githa Nelander,Dansk Folkeparti,0,Bornholms Storkreds
Aakirkebykredsen,6. Aakirkeby,Danni Olsen,Dansk Folkeparti,6,Bornholms Storkreds
Aakirkebykredsen,6. Aakirkeby,Partiliste,"Venstre, Danmarks Liberale Parti",58,Bornholms Storkreds
Aakirkebykredsen,6. Aakirkeby,Ulla Tørnæs,"Venstre, Danmarks Liberale Parti",144,Bornholms Storkreds
Aakirkebykredsen,6. Aakirkeby,Nils Juhl Andreasen,"Venstre, Danmarks Liberale Parti",4,Bornholms Storkreds
Aakirkebykredsen,6. Aakirkeby,Asger Christensen,"Venstre, Danmarks Liberale Parti",11,Bornholms Storkreds
Aakirkebykredsen,6. Aakirkeby,Ole Davidsen,"Venstre, Danmarks Liberale Parti",0,Bornholms Storkreds
Aakirkebykredsen,6. Aakirkeby,Diego Gugliotta,"Venstre, Danmarks Liberale Parti",1,Bornholms Storkreds
Aakirkebykredsen,6. Aakirkeby,Poul-Erik Høyer,"Venstre, Danmarks Liberale Parti",5,Bornholms Storkreds
Aakirkebykredsen,6. Aakirkeby,Harry Jensen,"Venstre, Danmarks Liberale Parti",0,Bornholms Storkreds
Aakirkebykredsen,6. Aakirkeby,Marcus Knuth,"Venstre, Danmarks Liberale Parti",0,Bornholms Storkreds
Aakirkebykredsen,6. Aakirkeby,Morten Løkkegaard,"Venstre, Danmarks Liberale Parti",22,Bornholms Storkreds
Aakirkebykredsen,6. Aakirkeby,Jess Myrthu,"Venstre, Danmarks Liberale Parti",5,Bornholms Storkreds
Aakirkebykredsen,6. Aakirkeby,Nicolai Svejgaard Poulsen,"Venstre, Danmarks Liberale Parti",0,Bornholms Storkreds
Aakirkebykredsen,6. Aakirkeby,Henrik Frost Rasmussen,"Venstre, Danmarks Liberale Parti",64,Bornholms Storkreds
Aakirkebykredsen,6. Aakirkeby,Jens Rohde,"Venstre, Danmarks Liberale Parti",45,Bornholms Storkreds
Aakirkebykredsen,6. Aakirkeby,Irene Simonsen,"Venstre, Danmarks Liberale Parti",3,Bornholms Storkreds
Aakirkebykredsen,6. Aakirkeby,Aleksander Aagaard,"Venstre, Danmarks Liberale Parti",0,Bornholms Storkreds
Aakirkebykredsen,6. Aakirkeby,Sanni Aakjær-Olesen,"Venstre, Danmarks Liberale Parti",0,Bornholms Storkreds
