kreds,valgsted_navn,kandidat_navn,parti,partibogstav,stemmer
Christianshavnskredsen,4. 2. Christianshavn,Partiliste,Socialdemokratiet,A,701
Christianshavnskredsen,4. 2. Christianshavn,Jette Bergenholtz Bautrup,Socialdemokratiet,A,126
Christianshavnskredsen,4. 2. Christianshavn,Christine Antorini,Socialdemokratiet,A,444
Christianshavnskredsen,4. 2. Christianshavn,Jørgen Elikofer,Socialdemokratiet,A,5
Christianshavnskredsen,4. 2. Christianshavn,Claus Larsen-Jensen,Socialdemokratiet,A,39
Christianshavnskredsen,4. 2. Christianshavn,Lars Weiss,Socialdemokratiet,A,73
Christianshavnskredsen,4. 2. Christianshavn,Partiliste,Det Radikale Venstre,B,1006
Christianshavnskredsen,4. 2. Christianshavn,Christian Friis Bach,Det Radikale Venstre,B,133
Christianshavnskredsen,4. 2. Christianshavn,Charlotte Fischer,Det Radikale Venstre,B,166
Christianshavnskredsen,4. 2. Christianshavn,Anders Lundt Hansen,Det Radikale Venstre,B,6
Christianshavnskredsen,4. 2. Christianshavn,Anders Thomsen,Det Radikale Venstre,B,4
Christianshavnskredsen,4. 2. Christianshavn,Monica Thon,Det Radikale Venstre,B,34
Christianshavnskredsen,4. 2. Christianshavn,Partiliste,Det Konservative Folkeparti,C,346
Christianshavnskredsen,4. 2. Christianshavn,Lone Skov Al Awssi,Det Konservative Folkeparti,C,55
Christianshavnskredsen,4. 2. Christianshavn,Kræn Blume,Det Konservative Folkeparti,C,7
Christianshavnskredsen,4. 2. Christianshavn,Jakob Næsager,Det Konservative Folkeparti,C,22
Christianshavnskredsen,4. 2. Christianshavn,Søren Pedersen,Det Konservative Folkeparti,C,6
Christianshavnskredsen,4. 2. Christianshavn,Marina Willems,Det Konservative Folkeparti,C,11
Christianshavnskredsen,4. 2. Christianshavn,Partiliste,Centrum-Demokraterne,D,58
Christianshavnskredsen,4. 2. Christianshavn,Christina Mortensen,Centrum-Demokraterne,D,0
Christianshavnskredsen,4. 2. Christianshavn,Poul Brandrup,Centrum-Demokraterne,D,2
Christianshavnskredsen,4. 2. Christianshavn,Malene Brus,Centrum-Demokraterne,D,0
Christianshavnskredsen,4. 2. Christianshavn,Jens V. Bruun,Centrum-Demokraterne,D,0
Christianshavnskredsen,4. 2. Christianshavn,Martin Karbech Mouritsen,Centrum-Demokraterne,D,2
Christianshavnskredsen,4. 2. Christianshavn,Partiliste,Socialistisk Folkeparti,F,389
Christianshavnskredsen,4. 2. Christianshavn,Lotte Thiim Bertelsen,Socialistisk Folkeparti,F,107
Christianshavnskredsen,4. 2. Christianshavn,Marie Daugaard,Socialistisk Folkeparti,F,26
Christianshavnskredsen,4. 2. Christianshavn,Jeppe Juul,Socialistisk Folkeparti,F,9
Christianshavnskredsen,4. 2. Christianshavn,Anders Finn Jørgensen,Socialistisk Folkeparti,F,4
Christianshavnskredsen,4. 2. Christianshavn,Kamal H. Qureshi,Socialistisk Folkeparti,F,297
Christianshavnskredsen,4. 2. Christianshavn,Partiliste,Kristendemokraterne,K,28
Christianshavnskredsen,4. 2. Christianshavn,Jørgen Maltesen,Kristendemokraterne,K,2
Christianshavnskredsen,4. 2. Christianshavn,Gerda Wienberg Hansen,Kristendemokraterne,K,0
Christianshavnskredsen,4. 2. Christianshavn,Marie-Louise From Høeg,Kristendemokraterne,K,0
Christianshavnskredsen,4. 2. Christianshavn,Maria Hørby,Kristendemokraterne,K,11
Christianshavnskredsen,4. 2. Christianshavn,Pernille Moll,Kristendemokraterne,K,2
Christianshavnskredsen,4. 2. Christianshavn,Kirsten Elise Ottosen,Kristendemokraterne,K,0
Christianshavnskredsen,4. 2. Christianshavn,Andreas Peters-Lehm,Kristendemokraterne,K,0
Christianshavnskredsen,4. 2. Christianshavn,Partiliste,Minoritetspartiet,M,27
Christianshavnskredsen,4. 2. Christianshavn,Peter Ali Nicolajsen,Minoritetspartiet,M,3
Christianshavnskredsen,4. 2. Christianshavn,Thomas Ammitzbøll-Bach,Minoritetspartiet,M,3
Christianshavnskredsen,4. 2. Christianshavn,Leyla Tamer,Minoritetspartiet,M,3
Christianshavnskredsen,4. 2. Christianshavn,Partiliste,Dansk Folkeparti,O,297
Christianshavnskredsen,4. 2. Christianshavn,Karin Storgaard,Dansk Folkeparti,O,40
Christianshavnskredsen,4. 2. Christianshavn,Mette Dencker,Dansk Folkeparti,O,23
Christianshavnskredsen,4. 2. Christianshavn,Preben Elmenhoff,Dansk Folkeparti,O,11
Christianshavnskredsen,4. 2. Christianshavn,Partiliste,"Venstre, Danmarks Liberale Parti",V,518
Christianshavnskredsen,4. 2. Christianshavn,Martin Geertsen,"Venstre, Danmarks Liberale Parti",V,89
Christianshavnskredsen,4. 2. Christianshavn,Ulrik Kragh,"Venstre, Danmarks Liberale Parti",V,36
Christianshavnskredsen,4. 2. Christianshavn,Jens Rohde,"Venstre, Danmarks Liberale Parti",V,261
Christianshavnskredsen,4. 2. Christianshavn,Partiliste,Enhedslisten - De Rød-Grønne,Ø,755
Christianshavnskredsen,4. 2. Christianshavn,Rikke Fog-Møller,Enhedslisten - De Rød-Grønne,Ø,169
Christianshavnskredsen,4. 2. Christianshavn,Thomas Nyboe Stein,Enhedslisten - De Rød-Grønne,Ø,9
Christianshavnskredsen,4. 2. Christianshavn,Annelise Ebbe,Enhedslisten - De Rød-Grønne,Ø,12
Christianshavnskredsen,4. 2. Christianshavn,Gorm Gunnarsen,Enhedslisten - De Rød-Grønne,Ø,6
Christianshavnskredsen,4. 2. Christianshavn,Hanne Schmidt,Enhedslisten - De Rød-Grønne,Ø,17
Christianshavnskredsen,4. 2. Christianshavn,Gunna Starck,Enhedslisten - De Rød-Grønne,Ø,75
Christianshavnskredsen,4. 2. Christianshavn,John Erik Wagner,(Uden for parti),(Uden for parti),4
Christianshavnskredsen,5. 2. Syd,Partiliste,Socialdemokratiet,A,422
Christianshavnskredsen,5. 2. Syd,Jette Bergenholtz Bautrup,Socialdemokratiet,A,156
Christianshavnskredsen,5. 2. Syd,Christine Antorini,Socialdemokratiet,A,156
Christianshavnskredsen,5. 2. Syd,Jørgen Elikofer,Socialdemokratiet,A,2
Christianshavnskredsen,5. 2. Syd,Claus Larsen-Jensen,Socialdemokratiet,A,24
Christianshavnskredsen,5. 2. Syd,Lars Weiss,Socialdemokratiet,A,28
Christianshavnskredsen,5. 2. Syd,Partiliste,Det Radikale Venstre,B,313
Christianshavnskredsen,5. 2. Syd,Christian Friis Bach,Det Radikale Venstre,B,41
Christianshavnskredsen,5. 2. Syd,Charlotte Fischer,Det Radikale Venstre,B,34
Christianshavnskredsen,5. 2. Syd,Anders Lundt Hansen,Det Radikale Venstre,B,9
Christianshavnskredsen,5. 2. Syd,Anders Thomsen,Det Radikale Venstre,B,2
Christianshavnskredsen,5. 2. Syd,Monica Thon,Det Radikale Venstre,B,10
Christianshavnskredsen,5. 2. Syd,Partiliste,Det Konservative Folkeparti,C,104
Christianshavnskredsen,5. 2. Syd,Lone Skov Al Awssi,Det Konservative Folkeparti,C,12
Christianshavnskredsen,5. 2. Syd,Kræn Blume,Det Konservative Folkeparti,C,7
Christianshavnskredsen,5. 2. Syd,Jakob Næsager,Det Konservative Folkeparti,C,1
Christianshavnskredsen,5. 2. Syd,Søren Pedersen,Det Konservative Folkeparti,C,6
Christianshavnskredsen,5. 2. Syd,Marina Willems,Det Konservative Folkeparti,C,7
Christianshavnskredsen,5. 2. Syd,Partiliste,Centrum-Demokraterne,D,23
Christianshavnskredsen,5. 2. Syd,Christina Mortensen,Centrum-Demokraterne,D,1
Christianshavnskredsen,5. 2. Syd,Poul Brandrup,Centrum-Demokraterne,D,0
Christianshavnskredsen,5. 2. Syd,Malene Brus,Centrum-Demokraterne,D,0
Christianshavnskredsen,5. 2. Syd,Jens V. Bruun,Centrum-Demokraterne,D,0
Christianshavnskredsen,5. 2. Syd,Martin Karbech Mouritsen,Centrum-Demokraterne,D,0
Christianshavnskredsen,5. 2. Syd,Partiliste,Socialistisk Folkeparti,F,200
Christianshavnskredsen,5. 2. Syd,Lotte Thiim Bertelsen,Socialistisk Folkeparti,F,32
Christianshavnskredsen,5. 2. Syd,Marie Daugaard,Socialistisk Folkeparti,F,13
Christianshavnskredsen,5. 2. Syd,Jeppe Juul,Socialistisk Folkeparti,F,2
Christianshavnskredsen,5. 2. Syd,Anders Finn Jørgensen,Socialistisk Folkeparti,F,3
Christianshavnskredsen,5. 2. Syd,Kamal H. Qureshi,Socialistisk Folkeparti,F,136
Christianshavnskredsen,5. 2. Syd,Partiliste,Kristendemokraterne,K,25
Christianshavnskredsen,5. 2. Syd,Jørgen Maltesen,Kristendemokraterne,K,2
Christianshavnskredsen,5. 2. Syd,Gerda Wienberg Hansen,Kristendemokraterne,K,0
Christianshavnskredsen,5. 2. Syd,Marie-Louise From Høeg,Kristendemokraterne,K,2
Christianshavnskredsen,5. 2. Syd,Maria Hørby,Kristendemokraterne,K,5
Christianshavnskredsen,5. 2. Syd,Pernille Moll,Kristendemokraterne,K,0
Christianshavnskredsen,5. 2. Syd,Kirsten Elise Ottosen,Kristendemokraterne,K,0
Christianshavnskredsen,5. 2. Syd,Andreas Peters-Lehm,Kristendemokraterne,K,0
Christianshavnskredsen,5. 2. Syd,Partiliste,Minoritetspartiet,M,14
Christianshavnskredsen,5. 2. Syd,Peter Ali Nicolajsen,Minoritetspartiet,M,0
Christianshavnskredsen,5. 2. Syd,Thomas Ammitzbøll-Bach,Minoritetspartiet,M,0
Christianshavnskredsen,5. 2. Syd,Leyla Tamer,Minoritetspartiet,M,2
Christianshavnskredsen,5. 2. Syd,Partiliste,Dansk Folkeparti,O,303
Christianshavnskredsen,5. 2. Syd,Karin Storgaard,Dansk Folkeparti,O,35
Christianshavnskredsen,5. 2. Syd,Mette Dencker,Dansk Folkeparti,O,32
Christianshavnskredsen,5. 2. Syd,Preben Elmenhoff,Dansk Folkeparti,O,10
Christianshavnskredsen,5. 2. Syd,Partiliste,"Venstre, Danmarks Liberale Parti",V,234
Christianshavnskredsen,5. 2. Syd,Martin Geertsen,"Venstre, Danmarks Liberale Parti",V,60
Christianshavnskredsen,5. 2. Syd,Ulrik Kragh,"Venstre, Danmarks Liberale Parti",V,12
Christianshavnskredsen,5. 2. Syd,Jens Rohde,"Venstre, Danmarks Liberale Parti",V,163
Christianshavnskredsen,5. 2. Syd,Partiliste,Enhedslisten - De Rød-Grønne,Ø,216
Christianshavnskredsen,5. 2. Syd,Rikke Fog-Møller,Enhedslisten - De Rød-Grønne,Ø,33
Christianshavnskredsen,5. 2. Syd,Thomas Nyboe Stein,Enhedslisten - De Rød-Grønne,Ø,13
Christianshavnskredsen,5. 2. Syd,Annelise Ebbe,Enhedslisten - De Rød-Grønne,Ø,3
Christianshavnskredsen,5. 2. Syd,Gorm Gunnarsen,Enhedslisten - De Rød-Grønne,Ø,8
Christianshavnskredsen,5. 2. Syd,Hanne Schmidt,Enhedslisten - De Rød-Grønne,Ø,2
Christianshavnskredsen,5. 2. Syd,Gunna Starck,Enhedslisten - De Rød-Grønne,Ø,17
Christianshavnskredsen,5. 2. Syd,John Erik Wagner,(Uden for parti),(Uden for parti),1
Christianshavnskredsen,6. 2. Øst,Partiliste,Socialdemokratiet,A,1302
Christianshavnskredsen,6. 2. Øst,Jette Bergenholtz Bautrup,Socialdemokratiet,A,363
Christianshavnskredsen,6. 2. Øst,Christine Antorini,Socialdemokratiet,A,457
Christianshavnskredsen,6. 2. Øst,Jørgen Elikofer,Socialdemokratiet,A,14
Christianshavnskredsen,6. 2. Øst,Claus Larsen-Jensen,Socialdemokratiet,A,98
Christianshavnskredsen,6. 2. Øst,Lars Weiss,Socialdemokratiet,A,106
Christianshavnskredsen,6. 2. Øst,Partiliste,Det Radikale Venstre,B,1030
Christianshavnskredsen,6. 2. Øst,Christian Friis Bach,Det Radikale Venstre,B,139
Christianshavnskredsen,6. 2. Øst,Charlotte Fischer,Det Radikale Venstre,B,131
Christianshavnskredsen,6. 2. Øst,Anders Lundt Hansen,Det Radikale Venstre,B,22
Christianshavnskredsen,6. 2. Øst,Anders Thomsen,Det Radikale Venstre,B,9
Christianshavnskredsen,6. 2. Øst,Monica Thon,Det Radikale Venstre,B,31
Christianshavnskredsen,6. 2. Øst,Partiliste,Det Konservative Folkeparti,C,498
Christianshavnskredsen,6. 2. Øst,Lone Skov Al Awssi,Det Konservative Folkeparti,C,31
Christianshavnskredsen,6. 2. Øst,Kræn Blume,Det Konservative Folkeparti,C,14
Christianshavnskredsen,6. 2. Øst,Jakob Næsager,Det Konservative Folkeparti,C,33
Christianshavnskredsen,6. 2. Øst,Søren Pedersen,Det Konservative Folkeparti,C,14
Christianshavnskredsen,6. 2. Øst,Marina Willems,Det Konservative Folkeparti,C,14
Christianshavnskredsen,6. 2. Øst,Partiliste,Centrum-Demokraterne,D,63
Christianshavnskredsen,6. 2. Øst,Christina Mortensen,Centrum-Demokraterne,D,6
Christianshavnskredsen,6. 2. Øst,Poul Brandrup,Centrum-Demokraterne,D,3
Christianshavnskredsen,6. 2. Øst,Malene Brus,Centrum-Demokraterne,D,4
Christianshavnskredsen,6. 2. Øst,Jens V. Bruun,Centrum-Demokraterne,D,0
Christianshavnskredsen,6. 2. Øst,Martin Karbech Mouritsen,Centrum-Demokraterne,D,1
Christianshavnskredsen,6. 2. Øst,Partiliste,Socialistisk Folkeparti,F,532
Christianshavnskredsen,6. 2. Øst,Lotte Thiim Bertelsen,Socialistisk Folkeparti,F,79
Christianshavnskredsen,6. 2. Øst,Marie Daugaard,Socialistisk Folkeparti,F,28
Christianshavnskredsen,6. 2. Øst,Jeppe Juul,Socialistisk Folkeparti,F,10
Christianshavnskredsen,6. 2. Øst,Anders Finn Jørgensen,Socialistisk Folkeparti,F,9
Christianshavnskredsen,6. 2. Øst,Kamal H. Qureshi,Socialistisk Folkeparti,F,333
Christianshavnskredsen,6. 2. Øst,Partiliste,Kristendemokraterne,K,51
Christianshavnskredsen,6. 2. Øst,Jørgen Maltesen,Kristendemokraterne,K,2
Christianshavnskredsen,6. 2. Øst,Gerda Wienberg Hansen,Kristendemokraterne,K,0
Christianshavnskredsen,6. 2. Øst,Marie-Louise From Høeg,Kristendemokraterne,K,6
Christianshavnskredsen,6. 2. Øst,Maria Hørby,Kristendemokraterne,K,13
Christianshavnskredsen,6. 2. Øst,Pernille Moll,Kristendemokraterne,K,0
Christianshavnskredsen,6. 2. Øst,Kirsten Elise Ottosen,Kristendemokraterne,K,2
Christianshavnskredsen,6. 2. Øst,Andreas Peters-Lehm,Kristendemokraterne,K,1
Christianshavnskredsen,6. 2. Øst,Partiliste,Minoritetspartiet,M,33
Christianshavnskredsen,6. 2. Øst,Peter Ali Nicolajsen,Minoritetspartiet,M,9
Christianshavnskredsen,6. 2. Øst,Thomas Ammitzbøll-Bach,Minoritetspartiet,M,3
Christianshavnskredsen,6. 2. Øst,Leyla Tamer,Minoritetspartiet,M,7
Christianshavnskredsen,6. 2. Øst,Partiliste,Dansk Folkeparti,O,775
Christianshavnskredsen,6. 2. Øst,Karin Storgaard,Dansk Folkeparti,O,122
Christianshavnskredsen,6. 2. Øst,Mette Dencker,Dansk Folkeparti,O,67
Christianshavnskredsen,6. 2. Øst,Preben Elmenhoff,Dansk Folkeparti,O,44
Christianshavnskredsen,6. 2. Øst,Partiliste,"Venstre, Danmarks Liberale Parti",V,758
Christianshavnskredsen,6. 2. Øst,Martin Geertsen,"Venstre, Danmarks Liberale Parti",V,166
Christianshavnskredsen,6. 2. Øst,Ulrik Kragh,"Venstre, Danmarks Liberale Parti",V,57
Christianshavnskredsen,6. 2. Øst,Jens Rohde,"Venstre, Danmarks Liberale Parti",V,368
Christianshavnskredsen,6. 2. Øst,Partiliste,Enhedslisten - De Rød-Grønne,Ø,526
Christianshavnskredsen,6. 2. Øst,Rikke Fog-Møller,Enhedslisten - De Rød-Grønne,Ø,103
Christianshavnskredsen,6. 2. Øst,Thomas Nyboe Stein,Enhedslisten - De Rød-Grønne,Ø,18
Christianshavnskredsen,6. 2. Øst,Annelise Ebbe,Enhedslisten - De Rød-Grønne,Ø,11
Christianshavnskredsen,6. 2. Øst,Gorm Gunnarsen,Enhedslisten - De Rød-Grønne,Ø,15
Christianshavnskredsen,6. 2. Øst,Hanne Schmidt,Enhedslisten - De Rød-Grønne,Ø,22
Christianshavnskredsen,6. 2. Øst,Gunna Starck,Enhedslisten - De Rød-Grønne,Ø,29
Christianshavnskredsen,6. 2. Øst,John Erik Wagner,(Uden for parti),(Uden for parti),2
Christianshavnskredsen,7. 2. Vest,Partiliste,Socialdemokratiet,A,674
Christianshavnskredsen,7. 2. Vest,Jette Bergenholtz Bautrup,Socialdemokratiet,A,197
Christianshavnskredsen,7. 2. Vest,Christine Antorini,Socialdemokratiet,A,265
Christianshavnskredsen,7. 2. Vest,Jørgen Elikofer,Socialdemokratiet,A,6
Christianshavnskredsen,7. 2. Vest,Claus Larsen-Jensen,Socialdemokratiet,A,61
Christianshavnskredsen,7. 2. Vest,Lars Weiss,Socialdemokratiet,A,58
Christianshavnskredsen,7. 2. Vest,Partiliste,Det Radikale Venstre,B,700
Christianshavnskredsen,7. 2. Vest,Christian Friis Bach,Det Radikale Venstre,B,140
Christianshavnskredsen,7. 2. Vest,Charlotte Fischer,Det Radikale Venstre,B,82
Christianshavnskredsen,7. 2. Vest,Anders Lundt Hansen,Det Radikale Venstre,B,17
Christianshavnskredsen,7. 2. Vest,Anders Thomsen,Det Radikale Venstre,B,6
Christianshavnskredsen,7. 2. Vest,Monica Thon,Det Radikale Venstre,B,6
Christianshavnskredsen,7. 2. Vest,Partiliste,Det Konservative Folkeparti,C,343
Christianshavnskredsen,7. 2. Vest,Lone Skov Al Awssi,Det Konservative Folkeparti,C,16
Christianshavnskredsen,7. 2. Vest,Kræn Blume,Det Konservative Folkeparti,C,4
Christianshavnskredsen,7. 2. Vest,Jakob Næsager,Det Konservative Folkeparti,C,11
Christianshavnskredsen,7. 2. Vest,Søren Pedersen,Det Konservative Folkeparti,C,5
Christianshavnskredsen,7. 2. Vest,Marina Willems,Det Konservative Folkeparti,C,10
Christianshavnskredsen,7. 2. Vest,Partiliste,Centrum-Demokraterne,D,51
Christianshavnskredsen,7. 2. Vest,Christina Mortensen,Centrum-Demokraterne,D,3
Christianshavnskredsen,7. 2. Vest,Poul Brandrup,Centrum-Demokraterne,D,0
Christianshavnskredsen,7. 2. Vest,Malene Brus,Centrum-Demokraterne,D,2
Christianshavnskredsen,7. 2. Vest,Jens V. Bruun,Centrum-Demokraterne,D,1
Christianshavnskredsen,7. 2. Vest,Martin Karbech Mouritsen,Centrum-Demokraterne,D,0
Christianshavnskredsen,7. 2. Vest,Partiliste,Socialistisk Folkeparti,F,301
Christianshavnskredsen,7. 2. Vest,Lotte Thiim Bertelsen,Socialistisk Folkeparti,F,51
Christianshavnskredsen,7. 2. Vest,Marie Daugaard,Socialistisk Folkeparti,F,20
Christianshavnskredsen,7. 2. Vest,Jeppe Juul,Socialistisk Folkeparti,F,3
Christianshavnskredsen,7. 2. Vest,Anders Finn Jørgensen,Socialistisk Folkeparti,F,3
Christianshavnskredsen,7. 2. Vest,Kamal H. Qureshi,Socialistisk Folkeparti,F,191
Christianshavnskredsen,7. 2. Vest,Partiliste,Kristendemokraterne,K,26
Christianshavnskredsen,7. 2. Vest,Jørgen Maltesen,Kristendemokraterne,K,1
Christianshavnskredsen,7. 2. Vest,Gerda Wienberg Hansen,Kristendemokraterne,K,0
Christianshavnskredsen,7. 2. Vest,Marie-Louise From Høeg,Kristendemokraterne,K,1
Christianshavnskredsen,7. 2. Vest,Maria Hørby,Kristendemokraterne,K,10
Christianshavnskredsen,7. 2. Vest,Pernille Moll,Kristendemokraterne,K,1
Christianshavnskredsen,7. 2. Vest,Kirsten Elise Ottosen,Kristendemokraterne,K,0
Christianshavnskredsen,7. 2. Vest,Andreas Peters-Lehm,Kristendemokraterne,K,0
Christianshavnskredsen,7. 2. Vest,Partiliste,Minoritetspartiet,M,13
Christianshavnskredsen,7. 2. Vest,Peter Ali Nicolajsen,Minoritetspartiet,M,2
Christianshavnskredsen,7. 2. Vest,Thomas Ammitzbøll-Bach,Minoritetspartiet,M,3
Christianshavnskredsen,7. 2. Vest,Leyla Tamer,Minoritetspartiet,M,5
Christianshavnskredsen,7. 2. Vest,Partiliste,Dansk Folkeparti,O,364
Christianshavnskredsen,7. 2. Vest,Karin Storgaard,Dansk Folkeparti,O,42
Christianshavnskredsen,7. 2. Vest,Mette Dencker,Dansk Folkeparti,O,32
Christianshavnskredsen,7. 2. Vest,Preben Elmenhoff,Dansk Folkeparti,O,11
Christianshavnskredsen,7. 2. Vest,Partiliste,"Venstre, Danmarks Liberale Parti",V,479
Christianshavnskredsen,7. 2. Vest,Martin Geertsen,"Venstre, Danmarks Liberale Parti",V,147
Christianshavnskredsen,7. 2. Vest,Ulrik Kragh,"Venstre, Danmarks Liberale Parti",V,28
Christianshavnskredsen,7. 2. Vest,Jens Rohde,"Venstre, Danmarks Liberale Parti",V,226
Christianshavnskredsen,7. 2. Vest,Partiliste,Enhedslisten - De Rød-Grønne,Ø,361
Christianshavnskredsen,7. 2. Vest,Rikke Fog-Møller,Enhedslisten - De Rød-Grønne,Ø,56
Christianshavnskredsen,7. 2. Vest,Thomas Nyboe Stein,Enhedslisten - De Rød-Grønne,Ø,5
Christianshavnskredsen,7. 2. Vest,Annelise Ebbe,Enhedslisten - De Rød-Grønne,Ø,7
Christianshavnskredsen,7. 2. Vest,Gorm Gunnarsen,Enhedslisten - De Rød-Grønne,Ø,8
Christianshavnskredsen,7. 2. Vest,Hanne Schmidt,Enhedslisten - De Rød-Grønne,Ø,4
Christianshavnskredsen,7. 2. Vest,Gunna Starck,Enhedslisten - De Rød-Grønne,Ø,19
Christianshavnskredsen,7. 2. Vest,John Erik Wagner,(Uden for parti),(Uden for parti),7
Rådhuskredsen,8. 3. Rådhus,Partiliste,Socialdemokratiet,A,832
Rådhuskredsen,8. 3. Rådhus,Christine Antorini,Socialdemokratiet,A,470
Rådhuskredsen,8. 3. Rådhus,Jette Bergenholtz Bautrup,Socialdemokratiet,A,30
Rådhuskredsen,8. 3. Rådhus,Jørgen Elikofer,Socialdemokratiet,A,7
Rådhuskredsen,8. 3. Rådhus,Claus Larsen-Jensen,Socialdemokratiet,A,18
Rådhuskredsen,8. 3. Rådhus,Lars Weiss,Socialdemokratiet,A,50
Rådhuskredsen,8. 3. Rådhus,Partiliste,Det Radikale Venstre,B,1474
Rådhuskredsen,8. 3. Rådhus,Monica Thon,Det Radikale Venstre,B,85
Rådhuskredsen,8. 3. Rådhus,Christian Friis Bach,Det Radikale Venstre,B,156
Rådhuskredsen,8. 3. Rådhus,Charlotte Fischer,Det Radikale Venstre,B,143
Rådhuskredsen,8. 3. Rådhus,Anders Lundt Hansen,Det Radikale Venstre,B,9
Rådhuskredsen,8. 3. Rådhus,Anders Thomsen,Det Radikale Venstre,B,14
Rådhuskredsen,8. 3. Rådhus,Partiliste,Det Konservative Folkeparti,C,659
Rådhuskredsen,8. 3. Rådhus,Søren Pedersen,Det Konservative Folkeparti,C,40
Rådhuskredsen,8. 3. Rådhus,Lone Skov Al Awssi,Det Konservative Folkeparti,C,47
Rådhuskredsen,8. 3. Rådhus,Kræn Blume,Det Konservative Folkeparti,C,4
Rådhuskredsen,8. 3. Rådhus,Jakob Næsager,Det Konservative Folkeparti,C,16
Rådhuskredsen,8. 3. Rådhus,Marina Willems,Det Konservative Folkeparti,C,20
Rådhuskredsen,8. 3. Rådhus,Partiliste,Centrum-Demokraterne,D,61
Rådhuskredsen,8. 3. Rådhus,Poul Brandrup,Centrum-Demokraterne,D,1
Rådhuskredsen,8. 3. Rådhus,Malene Brus,Centrum-Demokraterne,D,4
Rådhuskredsen,8. 3. Rådhus,Jens V. Bruun,Centrum-Demokraterne,D,1
Rådhuskredsen,8. 3. Rådhus,Christina Mortensen,Centrum-Demokraterne,D,2
Rådhuskredsen,8. 3. Rådhus,Martin Karbech Mouritsen,Centrum-Demokraterne,D,0
Rådhuskredsen,8. 3. Rådhus,Partiliste,Socialistisk Folkeparti,F,521
Rådhuskredsen,8. 3. Rådhus,Anders Finn Jørgensen,Socialistisk Folkeparti,F,12
Rådhuskredsen,8. 3. Rådhus,Lotte Thiim Bertelsen,Socialistisk Folkeparti,F,67
Rådhuskredsen,8. 3. Rådhus,Marie Daugaard,Socialistisk Folkeparti,F,27
Rådhuskredsen,8. 3. Rådhus,Jeppe Juul,Socialistisk Folkeparti,F,4
Rådhuskredsen,8. 3. Rådhus,Kamal H. Qureshi,Socialistisk Folkeparti,F,253
Rådhuskredsen,8. 3. Rådhus,Partiliste,Kristendemokraterne,K,50
Rådhuskredsen,8. 3. Rådhus,Pernille Moll,Kristendemokraterne,K,1
Rådhuskredsen,8. 3. Rådhus,Gerda Wienberg Hansen,Kristendemokraterne,K,2
Rådhuskredsen,8. 3. Rådhus,Marie-Louise From Høeg,Kristendemokraterne,K,3
Rådhuskredsen,8. 3. Rådhus,Maria Hørby,Kristendemokraterne,K,8
Rådhuskredsen,8. 3. Rådhus,Jørgen Maltesen,Kristendemokraterne,K,0
Rådhuskredsen,8. 3. Rådhus,Kirsten Elise Ottosen,Kristendemokraterne,K,1
Rådhuskredsen,8. 3. Rådhus,Andreas Peters-Lehm,Kristendemokraterne,K,0
Rådhuskredsen,8. 3. Rådhus,Partiliste,Minoritetspartiet,M,28
Rådhuskredsen,8. 3. Rådhus,Peter Ali Nicolajsen,Minoritetspartiet,M,1
Rådhuskredsen,8. 3. Rådhus,Thomas Ammitzbøll-Bach,Minoritetspartiet,M,1
Rådhuskredsen,8. 3. Rådhus,Leyla Tamer,Minoritetspartiet,M,4
Rådhuskredsen,8. 3. Rådhus,Partiliste,Dansk Folkeparti,O,308
Rådhuskredsen,8. 3. Rådhus,Karin Storgaard,Dansk Folkeparti,O,40
Rådhuskredsen,8. 3. Rådhus,Mette Dencker,Dansk Folkeparti,O,22
Rådhuskredsen,8. 3. Rådhus,Preben Elmenhoff,Dansk Folkeparti,O,7
Rådhuskredsen,8. 3. Rådhus,Partiliste,"Venstre, Danmarks Liberale Parti",V,725
Rådhuskredsen,8. 3. Rådhus,Jens Rohde,"Venstre, Danmarks Liberale Parti",V,366
Rådhuskredsen,8. 3. Rådhus,Martin Geertsen,"Venstre, Danmarks Liberale Parti",V,105
Rådhuskredsen,8. 3. Rådhus,Ulrik Kragh,"Venstre, Danmarks Liberale Parti",V,40
Rådhuskredsen,8. 3. Rådhus,Partiliste,Enhedslisten - De Rød-Grønne,Ø,629
Rådhuskredsen,8. 3. Rådhus,Annelise Ebbe,Enhedslisten - De Rød-Grønne,Ø,55
Rådhuskredsen,8. 3. Rådhus,Gunna Starck,Enhedslisten - De Rød-Grønne,Ø,85
Rådhuskredsen,8. 3. Rådhus,Rikke Fog-Møller,Enhedslisten - De Rød-Grønne,Ø,40
Rådhuskredsen,8. 3. Rådhus,Gorm Gunnarsen,Enhedslisten - De Rød-Grønne,Ø,10
Rådhuskredsen,8. 3. Rådhus,Hanne Schmidt,Enhedslisten - De Rød-Grønne,Ø,12
Rådhuskredsen,8. 3. Rådhus,Thomas Nyboe Stein,Enhedslisten - De Rød-Grønne,Ø,3
Rådhuskredsen,8. 3. Rådhus,John Erik Wagner,(Uden for parti),(Uden for parti),0
Rådhuskredsen,9. 3. Øst,Partiliste,Socialdemokratiet,A,504
Rådhuskredsen,9. 3. Øst,Christine Antorini,Socialdemokratiet,A,348
Rådhuskredsen,9. 3. Øst,Jette Bergenholtz Bautrup,Socialdemokratiet,A,10
Rådhuskredsen,9. 3. Øst,Jørgen Elikofer,Socialdemokratiet,A,3
Rådhuskredsen,9. 3. Øst,Claus Larsen-Jensen,Socialdemokratiet,A,12
Rådhuskredsen,9. 3. Øst,Lars Weiss,Socialdemokratiet,A,33
Rådhuskredsen,9. 3. Øst,Partiliste,Det Radikale Venstre,B,838
Rådhuskredsen,9. 3. Øst,Monica Thon,Det Radikale Venstre,B,80
Rådhuskredsen,9. 3. Øst,Christian Friis Bach,Det Radikale Venstre,B,73
Rådhuskredsen,9. 3. Øst,Charlotte Fischer,Det Radikale Venstre,B,89
Rådhuskredsen,9. 3. Øst,Anders Lundt Hansen,Det Radikale Venstre,B,4
Rådhuskredsen,9. 3. Øst,Anders Thomsen,Det Radikale Venstre,B,7
Rådhuskredsen,9. 3. Øst,Partiliste,Det Konservative Folkeparti,C,651
Rådhuskredsen,9. 3. Øst,Søren Pedersen,Det Konservative Folkeparti,C,48
Rådhuskredsen,9. 3. Øst,Lone Skov Al Awssi,Det Konservative Folkeparti,C,39
Rådhuskredsen,9. 3. Øst,Kræn Blume,Det Konservative Folkeparti,C,2
Rådhuskredsen,9. 3. Øst,Jakob Næsager,Det Konservative Folkeparti,C,13
Rådhuskredsen,9. 3. Øst,Marina Willems,Det Konservative Folkeparti,C,13
Rådhuskredsen,9. 3. Øst,Partiliste,Centrum-Demokraterne,D,56
Rådhuskredsen,9. 3. Øst,Poul Brandrup,Centrum-Demokraterne,D,1
Rådhuskredsen,9. 3. Øst,Malene Brus,Centrum-Demokraterne,D,3
Rådhuskredsen,9. 3. Øst,Jens V. Bruun,Centrum-Demokraterne,D,1
Rådhuskredsen,9. 3. Øst,Christina Mortensen,Centrum-Demokraterne,D,1
Rådhuskredsen,9. 3. Øst,Martin Karbech Mouritsen,Centrum-Demokraterne,D,1
Rådhuskredsen,9. 3. Øst,Partiliste,Socialistisk Folkeparti,F,215
Rådhuskredsen,9. 3. Øst,Anders Finn Jørgensen,Socialistisk Folkeparti,F,4
Rådhuskredsen,9. 3. Øst,Lotte Thiim Bertelsen,Socialistisk Folkeparti,F,21
Rådhuskredsen,9. 3. Øst,Marie Daugaard,Socialistisk Folkeparti,F,15
Rådhuskredsen,9. 3. Øst,Jeppe Juul,Socialistisk Folkeparti,F,3
Rådhuskredsen,9. 3. Øst,Kamal H. Qureshi,Socialistisk Folkeparti,F,155
Rådhuskredsen,9. 3. Øst,Partiliste,Kristendemokraterne,K,32
Rådhuskredsen,9. 3. Øst,Pernille Moll,Kristendemokraterne,K,4
Rådhuskredsen,9. 3. Øst,Gerda Wienberg Hansen,Kristendemokraterne,K,1
Rådhuskredsen,9. 3. Øst,Marie-Louise From Høeg,Kristendemokraterne,K,2
Rådhuskredsen,9. 3. Øst,Maria Hørby,Kristendemokraterne,K,13
Rådhuskredsen,9. 3. Øst,Jørgen Maltesen,Kristendemokraterne,K,0
Rådhuskredsen,9. 3. Øst,Kirsten Elise Ottosen,Kristendemokraterne,K,0
Rådhuskredsen,9. 3. Øst,Andreas Peters-Lehm,Kristendemokraterne,K,0
Rådhuskredsen,9. 3. Øst,Partiliste,Minoritetspartiet,M,18
Rådhuskredsen,9. 3. Øst,Peter Ali Nicolajsen,Minoritetspartiet,M,3
Rådhuskredsen,9. 3. Øst,Thomas Ammitzbøll-Bach,Minoritetspartiet,M,2
Rådhuskredsen,9. 3. Øst,Leyla Tamer,Minoritetspartiet,M,3
Rådhuskredsen,9. 3. Øst,Partiliste,Dansk Folkeparti,O,288
Rådhuskredsen,9. 3. Øst,Karin Storgaard,Dansk Folkeparti,O,33
Rådhuskredsen,9. 3. Øst,Mette Dencker,Dansk Folkeparti,O,11
Rådhuskredsen,9. 3. Øst,Preben Elmenhoff,Dansk Folkeparti,O,7
Rådhuskredsen,9. 3. Øst,Partiliste,"Venstre, Danmarks Liberale Parti",V,847
Rådhuskredsen,9. 3. Øst,Jens Rohde,"Venstre, Danmarks Liberale Parti",V,431
Rådhuskredsen,9. 3. Øst,Martin Geertsen,"Venstre, Danmarks Liberale Parti",V,88
Rådhuskredsen,9. 3. Øst,Ulrik Kragh,"Venstre, Danmarks Liberale Parti",V,35
Rådhuskredsen,9. 3. Øst,Partiliste,Enhedslisten - De Rød-Grønne,Ø,335
Rådhuskredsen,9. 3. Øst,Annelise Ebbe,Enhedslisten - De Rød-Grønne,Ø,28
Rådhuskredsen,9. 3. Øst,Gunna Starck,Enhedslisten - De Rød-Grønne,Ø,43
Rådhuskredsen,9. 3. Øst,Rikke Fog-Møller,Enhedslisten - De Rød-Grønne,Ø,6
Rådhuskredsen,9. 3. Øst,Gorm Gunnarsen,Enhedslisten - De Rød-Grønne,Ø,5
Rådhuskredsen,9. 3. Øst,Hanne Schmidt,Enhedslisten - De Rød-Grønne,Ø,8
Rådhuskredsen,9. 3. Øst,Thomas Nyboe Stein,Enhedslisten - De Rød-Grønne,Ø,3
Rådhuskredsen,9. 3. Øst,John Erik Wagner,(Uden for parti),(Uden for parti),4
Rådhuskredsen,10. 3. Vest,Partiliste,Socialdemokratiet,A,510
Rådhuskredsen,10. 3. Vest,Christine Antorini,Socialdemokratiet,A,365
Rådhuskredsen,10. 3. Vest,Jette Bergenholtz Bautrup,Socialdemokratiet,A,23
Rådhuskredsen,10. 3. Vest,Jørgen Elikofer,Socialdemokratiet,A,3
Rådhuskredsen,10. 3. Vest,Claus Larsen-Jensen,Socialdemokratiet,A,23
Rådhuskredsen,10. 3. Vest,Lars Weiss,Socialdemokratiet,A,45
Rådhuskredsen,10. 3. Vest,Partiliste,Det Radikale Venstre,B,983
Rådhuskredsen,10. 3. Vest,Monica Thon,Det Radikale Venstre,B,61
Rådhuskredsen,10. 3. Vest,Christian Friis Bach,Det Radikale Venstre,B,92
Rådhuskredsen,10. 3. Vest,Charlotte Fischer,Det Radikale Venstre,B,98
Rådhuskredsen,10. 3. Vest,Anders Lundt Hansen,Det Radikale Venstre,B,13
Rådhuskredsen,10. 3. Vest,Anders Thomsen,Det Radikale Venstre,B,9
Rådhuskredsen,10. 3. Vest,Partiliste,Det Konservative Folkeparti,C,555
Rådhuskredsen,10. 3. Vest,Søren Pedersen,Det Konservative Folkeparti,C,32
Rådhuskredsen,10. 3. Vest,Lone Skov Al Awssi,Det Konservative Folkeparti,C,60
Rådhuskredsen,10. 3. Vest,Kræn Blume,Det Konservative Folkeparti,C,9
Rådhuskredsen,10. 3. Vest,Jakob Næsager,Det Konservative Folkeparti,C,19
Rådhuskredsen,10. 3. Vest,Marina Willems,Det Konservative Folkeparti,C,12
Rådhuskredsen,10. 3. Vest,Partiliste,Centrum-Demokraterne,D,59
Rådhuskredsen,10. 3. Vest,Poul Brandrup,Centrum-Demokraterne,D,2
Rådhuskredsen,10. 3. Vest,Malene Brus,Centrum-Demokraterne,D,3
Rådhuskredsen,10. 3. Vest,Jens V. Bruun,Centrum-Demokraterne,D,0
Rådhuskredsen,10. 3. Vest,Christina Mortensen,Centrum-Demokraterne,D,6
Rådhuskredsen,10. 3. Vest,Martin Karbech Mouritsen,Centrum-Demokraterne,D,2
Rådhuskredsen,10. 3. Vest,Partiliste,Socialistisk Folkeparti,F,331
Rådhuskredsen,10. 3. Vest,Anders Finn Jørgensen,Socialistisk Folkeparti,F,11
Rådhuskredsen,10. 3. Vest,Lotte Thiim Bertelsen,Socialistisk Folkeparti,F,27
Rådhuskredsen,10. 3. Vest,Marie Daugaard,Socialistisk Folkeparti,F,19
Rådhuskredsen,10. 3. Vest,Jeppe Juul,Socialistisk Folkeparti,F,4
Rådhuskredsen,10. 3. Vest,Kamal H. Qureshi,Socialistisk Folkeparti,F,236
Rådhuskredsen,10. 3. Vest,Partiliste,Kristendemokraterne,K,42
Rådhuskredsen,10. 3. Vest,Pernille Moll,Kristendemokraterne,K,7
Rådhuskredsen,10. 3. Vest,Gerda Wienberg Hansen,Kristendemokraterne,K,0
Rådhuskredsen,10. 3. Vest,Marie-Louise From Høeg,Kristendemokraterne,K,1
Rådhuskredsen,10. 3. Vest,Maria Hørby,Kristendemokraterne,K,16
Rådhuskredsen,10. 3. Vest,Jørgen Maltesen,Kristendemokraterne,K,1
Rådhuskredsen,10. 3. Vest,Kirsten Elise Ottosen,Kristendemokraterne,K,0
Rådhuskredsen,10. 3. Vest,Andreas Peters-Lehm,Kristendemokraterne,K,2
Rådhuskredsen,10. 3. Vest,Partiliste,Minoritetspartiet,M,17
Rådhuskredsen,10. 3. Vest,Peter Ali Nicolajsen,Minoritetspartiet,M,3
Rådhuskredsen,10. 3. Vest,Thomas Ammitzbøll-Bach,Minoritetspartiet,M,2
Rådhuskredsen,10. 3. Vest,Leyla Tamer,Minoritetspartiet,M,1
Rådhuskredsen,10. 3. Vest,Partiliste,Dansk Folkeparti,O,270
Rådhuskredsen,10. 3. Vest,Karin Storgaard,Dansk Folkeparti,O,45
Rådhuskredsen,10. 3. Vest,Mette Dencker,Dansk Folkeparti,O,12
Rådhuskredsen,10. 3. Vest,Preben Elmenhoff,Dansk Folkeparti,O,13
Rådhuskredsen,10. 3. Vest,Partiliste,"Venstre, Danmarks Liberale Parti",V,665
Rådhuskredsen,10. 3. Vest,Jens Rohde,"Venstre, Danmarks Liberale Parti",V,466
Rådhuskredsen,10. 3. Vest,Martin Geertsen,"Venstre, Danmarks Liberale Parti",V,117
Rådhuskredsen,10. 3. Vest,Ulrik Kragh,"Venstre, Danmarks Liberale Parti",V,31
Rådhuskredsen,10. 3. Vest,Partiliste,Enhedslisten - De Rød-Grønne,Ø,311
Rådhuskredsen,10. 3. Vest,Annelise Ebbe,Enhedslisten - De Rød-Grønne,Ø,43
Rådhuskredsen,10. 3. Vest,Gunna Starck,Enhedslisten - De Rød-Grønne,Ø,45
Rådhuskredsen,10. 3. Vest,Rikke Fog-Møller,Enhedslisten - De Rød-Grønne,Ø,11
Rådhuskredsen,10. 3. Vest,Gorm Gunnarsen,Enhedslisten - De Rød-Grønne,Ø,5
Rådhuskredsen,10. 3. Vest,Hanne Schmidt,Enhedslisten - De Rød-Grønne,Ø,5
Rådhuskredsen,10. 3. Vest,Thomas Nyboe Stein,Enhedslisten - De Rød-Grønne,Ø,1
Rådhuskredsen,10. 3. Vest,John Erik Wagner,(Uden for parti),(Uden for parti),1
Sundbykredsen,11. 4. Sundby,Partiliste,Socialdemokratiet,A,1016
Sundbykredsen,11. 4. Sundby,Claus Larsen-Jensen,Socialdemokratiet,A,175
Sundbykredsen,11. 4. Sundby,Christine Antorini,Socialdemokratiet,A,356
Sundbykredsen,11. 4. Sundby,Jette Bergenholtz Bautrup,Socialdemokratiet,A,243
Sundbykredsen,11. 4. Sundby,Jørgen Elikofer,Socialdemokratiet,A,4
Sundbykredsen,11. 4. Sundby,Lars Weiss,Socialdemokratiet,A,79
Sundbykredsen,11. 4. Sundby,Partiliste,Det Radikale Venstre,B,654
Sundbykredsen,11. 4. Sundby,Anders Lundt Hansen,Det Radikale Venstre,B,48
Sundbykredsen,11. 4. Sundby,Christian Friis Bach,Det Radikale Venstre,B,47
Sundbykredsen,11. 4. Sundby,Charlotte Fischer,Det Radikale Venstre,B,89
Sundbykredsen,11. 4. Sundby,Anders Thomsen,Det Radikale Venstre,B,9
Sundbykredsen,11. 4. Sundby,Monica Thon,Det Radikale Venstre,B,19
Sundbykredsen,11. 4. Sundby,Partiliste,Det Konservative Folkeparti,C,337
Sundbykredsen,11. 4. Sundby,Jakob Næsager,Det Konservative Folkeparti,C,50
Sundbykredsen,11. 4. Sundby,Lone Skov Al Awssi,Det Konservative Folkeparti,C,26
Sundbykredsen,11. 4. Sundby,Kræn Blume,Det Konservative Folkeparti,C,8
Sundbykredsen,11. 4. Sundby,Søren Pedersen,Det Konservative Folkeparti,C,8
Sundbykredsen,11. 4. Sundby,Marina Willems,Det Konservative Folkeparti,C,13
Sundbykredsen,11. 4. Sundby,Partiliste,Centrum-Demokraterne,D,68
Sundbykredsen,11. 4. Sundby,Jens V. Bruun,Centrum-Demokraterne,D,1
Sundbykredsen,11. 4. Sundby,Poul Brandrup,Centrum-Demokraterne,D,0
Sundbykredsen,11. 4. Sundby,Malene Brus,Centrum-Demokraterne,D,1
Sundbykredsen,11. 4. Sundby,Christina Mortensen,Centrum-Demokraterne,D,3
Sundbykredsen,11. 4. Sundby,Martin Karbech Mouritsen,Centrum-Demokraterne,D,1
Sundbykredsen,11. 4. Sundby,Partiliste,Socialistisk Folkeparti,F,374
Sundbykredsen,11. 4. Sundby,Kamal H. Qureshi,Socialistisk Folkeparti,F,227
Sundbykredsen,11. 4. Sundby,Lotte Thiim Bertelsen,Socialistisk Folkeparti,F,54
Sundbykredsen,11. 4. Sundby,Marie Daugaard,Socialistisk Folkeparti,F,28
Sundbykredsen,11. 4. Sundby,Jeppe Juul,Socialistisk Folkeparti,F,10
Sundbykredsen,11. 4. Sundby,Anders Finn Jørgensen,Socialistisk Folkeparti,F,8
Sundbykredsen,11. 4. Sundby,Partiliste,Kristendemokraterne,K,52
Sundbykredsen,11. 4. Sundby,Maria Hørby,Kristendemokraterne,K,29
Sundbykredsen,11. 4. Sundby,Gerda Wienberg Hansen,Kristendemokraterne,K,2
Sundbykredsen,11. 4. Sundby,Marie-Louise From Høeg,Kristendemokraterne,K,6
Sundbykredsen,11. 4. Sundby,Jørgen Maltesen,Kristendemokraterne,K,1
Sundbykredsen,11. 4. Sundby,Pernille Moll,Kristendemokraterne,K,1
Sundbykredsen,11. 4. Sundby,Kirsten Elise Ottosen,Kristendemokraterne,K,1
Sundbykredsen,11. 4. Sundby,Andreas Peters-Lehm,Kristendemokraterne,K,1
Sundbykredsen,11. 4. Sundby,Partiliste,Minoritetspartiet,M,12
Sundbykredsen,11. 4. Sundby,Peter Ali Nicolajsen,Minoritetspartiet,M,6
Sundbykredsen,11. 4. Sundby,Thomas Ammitzbøll-Bach,Minoritetspartiet,M,1
Sundbykredsen,11. 4. Sundby,Leyla Tamer,Minoritetspartiet,M,4
Sundbykredsen,11. 4. Sundby,Partiliste,Dansk Folkeparti,O,708
Sundbykredsen,11. 4. Sundby,Preben Elmenhoff,Dansk Folkeparti,O,64
Sundbykredsen,11. 4. Sundby,Mette Dencker,Dansk Folkeparti,O,98
Sundbykredsen,11. 4. Sundby,Karin Storgaard,Dansk Folkeparti,O,63
Sundbykredsen,11. 4. Sundby,Partiliste,"Venstre, Danmarks Liberale Parti",V,677
Sundbykredsen,11. 4. Sundby,Martin Geertsen,"Venstre, Danmarks Liberale Parti",V,141
Sundbykredsen,11. 4. Sundby,Ulrik Kragh,"Venstre, Danmarks Liberale Parti",V,42
Sundbykredsen,11. 4. Sundby,Jens Rohde,"Venstre, Danmarks Liberale Parti",V,351
Sundbykredsen,11. 4. Sundby,Partiliste,Enhedslisten - De Rød-Grønne,Ø,346
Sundbykredsen,11. 4. Sundby,Gorm Gunnarsen,Enhedslisten - De Rød-Grønne,Ø,52
Sundbykredsen,11. 4. Sundby,Annelise Ebbe,Enhedslisten - De Rød-Grønne,Ø,16
Sundbykredsen,11. 4. Sundby,Rikke Fog-Møller,Enhedslisten - De Rød-Grønne,Ø,16
Sundbykredsen,11. 4. Sundby,Hanne Schmidt,Enhedslisten - De Rød-Grønne,Ø,10
Sundbykredsen,11. 4. Sundby,Gunna Starck,Enhedslisten - De Rød-Grønne,Ø,33
Sundbykredsen,11. 4. Sundby,Thomas Nyboe Stein,Enhedslisten - De Rød-Grønne,Ø,0
Sundbykredsen,11. 4. Sundby,John Erik Wagner,(Uden for parti),(Uden for parti),4
Sundbykredsen,12. 4. Øst,Partiliste,Socialdemokratiet,A,450
Sundbykredsen,12. 4. Øst,Claus Larsen-Jensen,Socialdemokratiet,A,132
Sundbykredsen,12. 4. Øst,Christine Antorini,Socialdemokratiet,A,182
Sundbykredsen,12. 4. Øst,Jette Bergenholtz Bautrup,Socialdemokratiet,A,100
Sundbykredsen,12. 4. Øst,Jørgen Elikofer,Socialdemokratiet,A,0
Sundbykredsen,12. 4. Øst,Lars Weiss,Socialdemokratiet,A,32
Sundbykredsen,12. 4. Øst,Partiliste,Det Radikale Venstre,B,334
Sundbykredsen,12. 4. Øst,Anders Lundt Hansen,Det Radikale Venstre,B,15
Sundbykredsen,12. 4. Øst,Christian Friis Bach,Det Radikale Venstre,B,32
Sundbykredsen,12. 4. Øst,Charlotte Fischer,Det Radikale Venstre,B,59
Sundbykredsen,12. 4. Øst,Anders Thomsen,Det Radikale Venstre,B,6
Sundbykredsen,12. 4. Øst,Monica Thon,Det Radikale Venstre,B,5
Sundbykredsen,12. 4. Øst,Partiliste,Det Konservative Folkeparti,C,192
Sundbykredsen,12. 4. Øst,Jakob Næsager,Det Konservative Folkeparti,C,24
Sundbykredsen,12. 4. Øst,Lone Skov Al Awssi,Det Konservative Folkeparti,C,22
Sundbykredsen,12. 4. Øst,Kræn Blume,Det Konservative Folkeparti,C,9
Sundbykredsen,12. 4. Øst,Søren Pedersen,Det Konservative Folkeparti,C,3
Sundbykredsen,12. 4. Øst,Marina Willems,Det Konservative Folkeparti,C,10
Sundbykredsen,12. 4. Øst,Partiliste,Centrum-Demokraterne,D,37
Sundbykredsen,12. 4. Øst,Jens V. Bruun,Centrum-Demokraterne,D,1
Sundbykredsen,12. 4. Øst,Poul Brandrup,Centrum-Demokraterne,D,0
Sundbykredsen,12. 4. Øst,Malene Brus,Centrum-Demokraterne,D,3
Sundbykredsen,12. 4. Øst,Christina Mortensen,Centrum-Demokraterne,D,1
Sundbykredsen,12. 4. Øst,Martin Karbech Mouritsen,Centrum-Demokraterne,D,1
Sundbykredsen,12. 4. Øst,Partiliste,Socialistisk Folkeparti,F,173
Sundbykredsen,12. 4. Øst,Kamal H. Qureshi,Socialistisk Folkeparti,F,130
Sundbykredsen,12. 4. Øst,Lotte Thiim Bertelsen,Socialistisk Folkeparti,F,25
Sundbykredsen,12. 4. Øst,Marie Daugaard,Socialistisk Folkeparti,F,18
Sundbykredsen,12. 4. Øst,Jeppe Juul,Socialistisk Folkeparti,F,4
Sundbykredsen,12. 4. Øst,Anders Finn Jørgensen,Socialistisk Folkeparti,F,1
Sundbykredsen,12. 4. Øst,Partiliste,Kristendemokraterne,K,35
Sundbykredsen,12. 4. Øst,Maria Hørby,Kristendemokraterne,K,6
Sundbykredsen,12. 4. Øst,Gerda Wienberg Hansen,Kristendemokraterne,K,0
Sundbykredsen,12. 4. Øst,Marie-Louise From Høeg,Kristendemokraterne,K,1
Sundbykredsen,12. 4. Øst,Jørgen Maltesen,Kristendemokraterne,K,1
Sundbykredsen,12. 4. Øst,Pernille Moll,Kristendemokraterne,K,1
Sundbykredsen,12. 4. Øst,Kirsten Elise Ottosen,Kristendemokraterne,K,0
Sundbykredsen,12. 4. Øst,Andreas Peters-Lehm,Kristendemokraterne,K,2
Sundbykredsen,12. 4. Øst,Partiliste,Minoritetspartiet,M,9
Sundbykredsen,12. 4. Øst,Peter Ali Nicolajsen,Minoritetspartiet,M,1
Sundbykredsen,12. 4. Øst,Thomas Ammitzbøll-Bach,Minoritetspartiet,M,1
Sundbykredsen,12. 4. Øst,Leyla Tamer,Minoritetspartiet,M,0
Sundbykredsen,12. 4. Øst,Partiliste,Dansk Folkeparti,O,373
Sundbykredsen,12. 4. Øst,Preben Elmenhoff,Dansk Folkeparti,O,22
Sundbykredsen,12. 4. Øst,Mette Dencker,Dansk Folkeparti,O,65
Sundbykredsen,12. 4. Øst,Karin Storgaard,Dansk Folkeparti,O,32
Sundbykredsen,12. 4. Øst,Partiliste,"Venstre, Danmarks Liberale Parti",V,359
Sundbykredsen,12. 4. Øst,Martin Geertsen,"Venstre, Danmarks Liberale Parti",V,89
Sundbykredsen,12. 4. Øst,Ulrik Kragh,"Venstre, Danmarks Liberale Parti",V,37
Sundbykredsen,12. 4. Øst,Jens Rohde,"Venstre, Danmarks Liberale Parti",V,220
Sundbykredsen,12. 4. Øst,Partiliste,Enhedslisten - De Rød-Grønne,Ø,156
Sundbykredsen,12. 4. Øst,Gorm Gunnarsen,Enhedslisten - De Rød-Grønne,Ø,17
Sundbykredsen,12. 4. Øst,Annelise Ebbe,Enhedslisten - De Rød-Grønne,Ø,13
Sundbykredsen,12. 4. Øst,Rikke Fog-Møller,Enhedslisten - De Rød-Grønne,Ø,13
Sundbykredsen,12. 4. Øst,Hanne Schmidt,Enhedslisten - De Rød-Grønne,Ø,5
Sundbykredsen,12. 4. Øst,Gunna Starck,Enhedslisten - De Rød-Grønne,Ø,16
Sundbykredsen,12. 4. Øst,Thomas Nyboe Stein,Enhedslisten - De Rød-Grønne,Ø,3
Sundbykredsen,12. 4. Øst,John Erik Wagner,(Uden for parti),(Uden for parti),0
Sundbykredsen,13. 4. Vest,Partiliste,Socialdemokratiet,A,1565
Sundbykredsen,13. 4. Vest,Claus Larsen-Jensen,Socialdemokratiet,A,235
Sundbykredsen,13. 4. Vest,Christine Antorini,Socialdemokratiet,A,611
Sundbykredsen,13. 4. Vest,Jette Bergenholtz Bautrup,Socialdemokratiet,A,593
Sundbykredsen,13. 4. Vest,Jørgen Elikofer,Socialdemokratiet,A,10
Sundbykredsen,13. 4. Vest,Lars Weiss,Socialdemokratiet,A,96
Sundbykredsen,13. 4. Vest,Partiliste,Det Radikale Venstre,B,850
Sundbykredsen,13. 4. Vest,Anders Lundt Hansen,Det Radikale Venstre,B,32
Sundbykredsen,13. 4. Vest,Christian Friis Bach,Det Radikale Venstre,B,64
Sundbykredsen,13. 4. Vest,Charlotte Fischer,Det Radikale Venstre,B,123
Sundbykredsen,13. 4. Vest,Anders Thomsen,Det Radikale Venstre,B,8
Sundbykredsen,13. 4. Vest,Monica Thon,Det Radikale Venstre,B,17
Sundbykredsen,13. 4. Vest,Partiliste,Det Konservative Folkeparti,C,433
Sundbykredsen,13. 4. Vest,Jakob Næsager,Det Konservative Folkeparti,C,68
Sundbykredsen,13. 4. Vest,Lone Skov Al Awssi,Det Konservative Folkeparti,C,25
Sundbykredsen,13. 4. Vest,Kræn Blume,Det Konservative Folkeparti,C,6
Sundbykredsen,13. 4. Vest,Søren Pedersen,Det Konservative Folkeparti,C,11
Sundbykredsen,13. 4. Vest,Marina Willems,Det Konservative Folkeparti,C,15
Sundbykredsen,13. 4. Vest,Partiliste,Centrum-Demokraterne,D,82
Sundbykredsen,13. 4. Vest,Jens V. Bruun,Centrum-Demokraterne,D,0
Sundbykredsen,13. 4. Vest,Poul Brandrup,Centrum-Demokraterne,D,2
Sundbykredsen,13. 4. Vest,Malene Brus,Centrum-Demokraterne,D,9
Sundbykredsen,13. 4. Vest,Christina Mortensen,Centrum-Demokraterne,D,2
Sundbykredsen,13. 4. Vest,Martin Karbech Mouritsen,Centrum-Demokraterne,D,0
Sundbykredsen,13. 4. Vest,Partiliste,Socialistisk Folkeparti,F,532
Sundbykredsen,13. 4. Vest,Kamal H. Qureshi,Socialistisk Folkeparti,F,402
Sundbykredsen,13. 4. Vest,Lotte Thiim Bertelsen,Socialistisk Folkeparti,F,59
Sundbykredsen,13. 4. Vest,Marie Daugaard,Socialistisk Folkeparti,F,46
Sundbykredsen,13. 4. Vest,Jeppe Juul,Socialistisk Folkeparti,F,14
Sundbykredsen,13. 4. Vest,Anders Finn Jørgensen,Socialistisk Folkeparti,F,5
Sundbykredsen,13. 4. Vest,Partiliste,Kristendemokraterne,K,68
Sundbykredsen,13. 4. Vest,Maria Hørby,Kristendemokraterne,K,32
Sundbykredsen,13. 4. Vest,Gerda Wienberg Hansen,Kristendemokraterne,K,1
Sundbykredsen,13. 4. Vest,Marie-Louise From Høeg,Kristendemokraterne,K,3
Sundbykredsen,13. 4. Vest,Jørgen Maltesen,Kristendemokraterne,K,0
Sundbykredsen,13. 4. Vest,Pernille Moll,Kristendemokraterne,K,1
Sundbykredsen,13. 4. Vest,Kirsten Elise Ottosen,Kristendemokraterne,K,0
Sundbykredsen,13. 4. Vest,Andreas Peters-Lehm,Kristendemokraterne,K,2
Sundbykredsen,13. 4. Vest,Partiliste,Minoritetspartiet,M,31
Sundbykredsen,13. 4. Vest,Peter Ali Nicolajsen,Minoritetspartiet,M,5
Sundbykredsen,13. 4. Vest,Thomas Ammitzbøll-Bach,Minoritetspartiet,M,2
Sundbykredsen,13. 4. Vest,Leyla Tamer,Minoritetspartiet,M,2
Sundbykredsen,13. 4. Vest,Partiliste,Dansk Folkeparti,O,1146
Sundbykredsen,13. 4. Vest,Preben Elmenhoff,Dansk Folkeparti,O,76
Sundbykredsen,13. 4. Vest,Mette Dencker,Dansk Folkeparti,O,169
Sundbykredsen,13. 4. Vest,Karin Storgaard,Dansk Folkeparti,O,101
Sundbykredsen,13. 4. Vest,Partiliste,"Venstre, Danmarks Liberale Parti",V,968
Sundbykredsen,13. 4. Vest,Martin Geertsen,"Venstre, Danmarks Liberale Parti",V,171
Sundbykredsen,13. 4. Vest,Ulrik Kragh,"Venstre, Danmarks Liberale Parti",V,49
Sundbykredsen,13. 4. Vest,Jens Rohde,"Venstre, Danmarks Liberale Parti",V,522
Sundbykredsen,13. 4. Vest,Partiliste,Enhedslisten - De Rød-Grønne,Ø,503
Sundbykredsen,13. 4. Vest,Gorm Gunnarsen,Enhedslisten - De Rød-Grønne,Ø,54
Sundbykredsen,13. 4. Vest,Annelise Ebbe,Enhedslisten - De Rød-Grønne,Ø,22
Sundbykredsen,13. 4. Vest,Rikke Fog-Møller,Enhedslisten - De Rød-Grønne,Ø,34
Sundbykredsen,13. 4. Vest,Hanne Schmidt,Enhedslisten - De Rød-Grønne,Ø,9
Sundbykredsen,13. 4. Vest,Gunna Starck,Enhedslisten - De Rød-Grønne,Ø,46
Sundbykredsen,13. 4. Vest,Thomas Nyboe Stein,Enhedslisten - De Rød-Grønne,Ø,6
Sundbykredsen,13. 4. Vest,John Erik Wagner,(Uden for parti),(Uden for parti),8
Blågårdskredsen,14. 5. Blågård,Partiliste,Socialdemokratiet,A,664
Blågårdskredsen,14. 5. Blågård,Jørgen Elikofer,Socialdemokratiet,A,14
Blågårdskredsen,14. 5. Blågård,Christine Antorini,Socialdemokratiet,A,299
Blågårdskredsen,14. 5. Blågård,Jette Bergenholtz Bautrup,Socialdemokratiet,A,24
Blågårdskredsen,14. 5. Blågård,Claus Larsen-Jensen,Socialdemokratiet,A,29
Blågårdskredsen,14. 5. Blågård,Lars Weiss,Socialdemokratiet,A,49
Blågårdskredsen,14. 5. Blågård,Partiliste,Det Radikale Venstre,B,831
Blågårdskredsen,14. 5. Blågård,Charlotte Fischer,Det Radikale Venstre,B,137
Blågårdskredsen,14. 5. Blågård,Christian Friis Bach,Det Radikale Venstre,B,65
Blågårdskredsen,14. 5. Blågård,Anders Lundt Hansen,Det Radikale Venstre,B,12
Blågårdskredsen,14. 5. Blågård,Anders Thomsen,Det Radikale Venstre,B,3
Blågårdskredsen,14. 5. Blågård,Monica Thon,Det Radikale Venstre,B,11
Blågårdskredsen,14. 5. Blågård,Partiliste,Det Konservative Folkeparti,C,251
Blågårdskredsen,14. 5. Blågård,Marina Willems,Det Konservative Folkeparti,C,10
Blågårdskredsen,14. 5. Blågård,Lone Skov Al Awssi,Det Konservative Folkeparti,C,19
Blågårdskredsen,14. 5. Blågård,Kræn Blume,Det Konservative Folkeparti,C,6
Blågårdskredsen,14. 5. Blågård,Jakob Næsager,Det Konservative Folkeparti,C,5
Blågårdskredsen,14. 5. Blågård,Søren Pedersen,Det Konservative Folkeparti,C,5
Blågårdskredsen,14. 5. Blågård,Partiliste,Centrum-Demokraterne,D,44
Blågårdskredsen,14. 5. Blågård,Malene Brus,Centrum-Demokraterne,D,3
Blågårdskredsen,14. 5. Blågård,Poul Brandrup,Centrum-Demokraterne,D,3
Blågårdskredsen,14. 5. Blågård,Jens V. Bruun,Centrum-Demokraterne,D,0
Blågårdskredsen,14. 5. Blågård,Christina Mortensen,Centrum-Demokraterne,D,3
Blågårdskredsen,14. 5. Blågård,Martin Karbech Mouritsen,Centrum-Demokraterne,D,0
Blågårdskredsen,14. 5. Blågård,Partiliste,Socialistisk Folkeparti,F,360
Blågårdskredsen,14. 5. Blågård,Marie Daugaard,Socialistisk Folkeparti,F,52
Blågårdskredsen,14. 5. Blågård,Lotte Thiim Bertelsen,Socialistisk Folkeparti,F,25
Blågårdskredsen,14. 5. Blågård,Jeppe Juul,Socialistisk Folkeparti,F,10
Blågårdskredsen,14. 5. Blågård,Anders Finn Jørgensen,Socialistisk Folkeparti,F,5
Blågårdskredsen,14. 5. Blågård,Kamal H. Qureshi,Socialistisk Folkeparti,F,318
Blågårdskredsen,14. 5. Blågård,Partiliste,Kristendemokraterne,K,21
Blågårdskredsen,14. 5. Blågård,Gerda Wienberg Hansen,Kristendemokraterne,K,2
Blågårdskredsen,14. 5. Blågård,Marie-Louise From Høeg,Kristendemokraterne,K,3
Blågårdskredsen,14. 5. Blågård,Maria Hørby,Kristendemokraterne,K,2
Blågårdskredsen,14. 5. Blågård,Jørgen Maltesen,Kristendemokraterne,K,0
Blågårdskredsen,14. 5. Blågård,Pernille Moll,Kristendemokraterne,K,1
Blågårdskredsen,14. 5. Blågård,Kirsten Elise Ottosen,Kristendemokraterne,K,0
Blågårdskredsen,14. 5. Blågård,Andreas Peters-Lehm,Kristendemokraterne,K,1
Blågårdskredsen,14. 5. Blågård,Partiliste,Minoritetspartiet,M,28
Blågårdskredsen,14. 5. Blågård,Peter Ali Nicolajsen,Minoritetspartiet,M,12
Blågårdskredsen,14. 5. Blågård,Thomas Ammitzbøll-Bach,Minoritetspartiet,M,2
Blågårdskredsen,14. 5. Blågård,Leyla Tamer,Minoritetspartiet,M,2
Blågårdskredsen,14. 5. Blågård,Partiliste,Dansk Folkeparti,O,274
Blågårdskredsen,14. 5. Blågård,Preben Elmenhoff,Dansk Folkeparti,O,16
Blågårdskredsen,14. 5. Blågård,Mette Dencker,Dansk Folkeparti,O,35
Blågårdskredsen,14. 5. Blågård,Karin Storgaard,Dansk Folkeparti,O,22
Blågårdskredsen,14. 5. Blågård,Partiliste,"Venstre, Danmarks Liberale Parti",V,284
Blågårdskredsen,14. 5. Blågård,Martin Geertsen,"Venstre, Danmarks Liberale Parti",V,60
Blågårdskredsen,14. 5. Blågård,Ulrik Kragh,"Venstre, Danmarks Liberale Parti",V,19
Blågårdskredsen,14. 5. Blågård,Jens Rohde,"Venstre, Danmarks Liberale Parti",V,181
Blågårdskredsen,14. 5. Blågård,Partiliste,Enhedslisten - De Rød-Grønne,Ø,616
Blågårdskredsen,14. 5. Blågård,Annelise Ebbe,Enhedslisten - De Rød-Grønne,Ø,79
Blågårdskredsen,14. 5. Blågård,Rikke Fog-Møller,Enhedslisten - De Rød-Grønne,Ø,48
Blågårdskredsen,14. 5. Blågård,Gorm Gunnarsen,Enhedslisten - De Rød-Grønne,Ø,9
Blågårdskredsen,14. 5. Blågård,Hanne Schmidt,Enhedslisten - De Rød-Grønne,Ø,20
Blågårdskredsen,14. 5. Blågård,Gunna Starck,Enhedslisten - De Rød-Grønne,Ø,51
Blågårdskredsen,14. 5. Blågård,Thomas Nyboe Stein,Enhedslisten - De Rød-Grønne,Ø,2
Blågårdskredsen,14. 5. Blågård,John Erik Wagner,(Uden for parti),(Uden for parti),1
Blågårdskredsen,15. 5. Nord,Partiliste,Socialdemokratiet,A,379
Blågårdskredsen,15. 5. Nord,Jørgen Elikofer,Socialdemokratiet,A,11
Blågårdskredsen,15. 5. Nord,Christine Antorini,Socialdemokratiet,A,222
Blågårdskredsen,15. 5. Nord,Jette Bergenholtz Bautrup,Socialdemokratiet,A,14
Blågårdskredsen,15. 5. Nord,Claus Larsen-Jensen,Socialdemokratiet,A,9
Blågårdskredsen,15. 5. Nord,Lars Weiss,Socialdemokratiet,A,22
Blågårdskredsen,15. 5. Nord,Partiliste,Det Radikale Venstre,B,554
Blågårdskredsen,15. 5. Nord,Charlotte Fischer,Det Radikale Venstre,B,94
Blågårdskredsen,15. 5. Nord,Christian Friis Bach,Det Radikale Venstre,B,52
Blågårdskredsen,15. 5. Nord,Anders Lundt Hansen,Det Radikale Venstre,B,5
Blågårdskredsen,15. 5. Nord,Anders Thomsen,Det Radikale Venstre,B,2
Blågårdskredsen,15. 5. Nord,Monica Thon,Det Radikale Venstre,B,9
Blågårdskredsen,15. 5. Nord,Partiliste,Det Konservative Folkeparti,C,247
Blågårdskredsen,15. 5. Nord,Marina Willems,Det Konservative Folkeparti,C,15
Blågårdskredsen,15. 5. Nord,Lone Skov Al Awssi,Det Konservative Folkeparti,C,10
Blågårdskredsen,15. 5. Nord,Kræn Blume,Det Konservative Folkeparti,C,4
Blågårdskredsen,15. 5. Nord,Jakob Næsager,Det Konservative Folkeparti,C,5
Blågårdskredsen,15. 5. Nord,Søren Pedersen,Det Konservative Folkeparti,C,4
Blågårdskredsen,15. 5. Nord,Partiliste,Centrum-Demokraterne,D,40
Blågårdskredsen,15. 5. Nord,Malene Brus,Centrum-Demokraterne,D,4
Blågårdskredsen,15. 5. Nord,Poul Brandrup,Centrum-Demokraterne,D,1
Blågårdskredsen,15. 5. Nord,Jens V. Bruun,Centrum-Demokraterne,D,0
Blågårdskredsen,15. 5. Nord,Christina Mortensen,Centrum-Demokraterne,D,2
Blågårdskredsen,15. 5. Nord,Martin Karbech Mouritsen,Centrum-Demokraterne,D,1
Blågårdskredsen,15. 5. Nord,Partiliste,Socialistisk Folkeparti,F,206
Blågårdskredsen,15. 5. Nord,Marie Daugaard,Socialistisk Folkeparti,F,25
Blågårdskredsen,15. 5. Nord,Lotte Thiim Bertelsen,Socialistisk Folkeparti,F,14
Blågårdskredsen,15. 5. Nord,Jeppe Juul,Socialistisk Folkeparti,F,4
Blågårdskredsen,15. 5. Nord,Anders Finn Jørgensen,Socialistisk Folkeparti,F,6
Blågårdskredsen,15. 5. Nord,Kamal H. Qureshi,Socialistisk Folkeparti,F,129
Blågårdskredsen,15. 5. Nord,Partiliste,Kristendemokraterne,K,44
Blågårdskredsen,15. 5. Nord,Gerda Wienberg Hansen,Kristendemokraterne,K,0
Blågårdskredsen,15. 5. Nord,Marie-Louise From Høeg,Kristendemokraterne,K,5
Blågårdskredsen,15. 5. Nord,Maria Hørby,Kristendemokraterne,K,3
Blågårdskredsen,15. 5. Nord,Jørgen Maltesen,Kristendemokraterne,K,0
Blågårdskredsen,15. 5. Nord,Pernille Moll,Kristendemokraterne,K,1
Blågårdskredsen,15. 5. Nord,Kirsten Elise Ottosen,Kristendemokraterne,K,0
Blågårdskredsen,15. 5. Nord,Andreas Peters-Lehm,Kristendemokraterne,K,0
Blågårdskredsen,15. 5. Nord,Partiliste,Minoritetspartiet,M,8
Blågårdskredsen,15. 5. Nord,Peter Ali Nicolajsen,Minoritetspartiet,M,3
Blågårdskredsen,15. 5. Nord,Thomas Ammitzbøll-Bach,Minoritetspartiet,M,0
Blågårdskredsen,15. 5. Nord,Leyla Tamer,Minoritetspartiet,M,2
Blågårdskredsen,15. 5. Nord,Partiliste,Dansk Folkeparti,O,152
Blågårdskredsen,15. 5. Nord,Preben Elmenhoff,Dansk Folkeparti,O,19
Blågårdskredsen,15. 5. Nord,Mette Dencker,Dansk Folkeparti,O,18
Blågårdskredsen,15. 5. Nord,Karin Storgaard,Dansk Folkeparti,O,14
Blågårdskredsen,15. 5. Nord,Partiliste,"Venstre, Danmarks Liberale Parti",V,311
Blågårdskredsen,15. 5. Nord,Martin Geertsen,"Venstre, Danmarks Liberale Parti",V,43
Blågårdskredsen,15. 5. Nord,Ulrik Kragh,"Venstre, Danmarks Liberale Parti",V,6
Blågårdskredsen,15. 5. Nord,Jens Rohde,"Venstre, Danmarks Liberale Parti",V,130
Blågårdskredsen,15. 5. Nord,Partiliste,Enhedslisten - De Rød-Grønne,Ø,248
Blågårdskredsen,15. 5. Nord,Annelise Ebbe,Enhedslisten - De Rød-Grønne,Ø,27
Blågårdskredsen,15. 5. Nord,Rikke Fog-Møller,Enhedslisten - De Rød-Grønne,Ø,8
Blågårdskredsen,15. 5. Nord,Gorm Gunnarsen,Enhedslisten - De Rød-Grønne,Ø,6
Blågårdskredsen,15. 5. Nord,Hanne Schmidt,Enhedslisten - De Rød-Grønne,Ø,2
Blågårdskredsen,15. 5. Nord,Gunna Starck,Enhedslisten - De Rød-Grønne,Ø,24
Blågårdskredsen,15. 5. Nord,Thomas Nyboe Stein,Enhedslisten - De Rød-Grønne,Ø,1
Blågårdskredsen,15. 5. Nord,John Erik Wagner,(Uden for parti),(Uden for parti),1
Blågårdskredsen,16. 5. Syd,Partiliste,Socialdemokratiet,A,525
Blågårdskredsen,16. 5. Syd,Jørgen Elikofer,Socialdemokratiet,A,16
Blågårdskredsen,16. 5. Syd,Christine Antorini,Socialdemokratiet,A,222
Blågårdskredsen,16. 5. Syd,Jette Bergenholtz Bautrup,Socialdemokratiet,A,19
Blågårdskredsen,16. 5. Syd,Claus Larsen-Jensen,Socialdemokratiet,A,14
Blågårdskredsen,16. 5. Syd,Lars Weiss,Socialdemokratiet,A,18
Blågårdskredsen,16. 5. Syd,Partiliste,Det Radikale Venstre,B,791
Blågårdskredsen,16. 5. Syd,Charlotte Fischer,Det Radikale Venstre,B,121
Blågårdskredsen,16. 5. Syd,Christian Friis Bach,Det Radikale Venstre,B,84
Blågårdskredsen,16. 5. Syd,Anders Lundt Hansen,Det Radikale Venstre,B,4
Blågårdskredsen,16. 5. Syd,Anders Thomsen,Det Radikale Venstre,B,7
Blågårdskredsen,16. 5. Syd,Monica Thon,Det Radikale Venstre,B,17
Blågårdskredsen,16. 5. Syd,Partiliste,Det Konservative Folkeparti,C,280
Blågårdskredsen,16. 5. Syd,Marina Willems,Det Konservative Folkeparti,C,12
Blågårdskredsen,16. 5. Syd,Lone Skov Al Awssi,Det Konservative Folkeparti,C,11
Blågårdskredsen,16. 5. Syd,Kræn Blume,Det Konservative Folkeparti,C,1
Blågårdskredsen,16. 5. Syd,Jakob Næsager,Det Konservative Folkeparti,C,3
Blågårdskredsen,16. 5. Syd,Søren Pedersen,Det Konservative Folkeparti,C,4
Blågårdskredsen,16. 5. Syd,Partiliste,Centrum-Demokraterne,D,50
Blågårdskredsen,16. 5. Syd,Malene Brus,Centrum-Demokraterne,D,4
Blågårdskredsen,16. 5. Syd,Poul Brandrup,Centrum-Demokraterne,D,0
Blågårdskredsen,16. 5. Syd,Jens V. Bruun,Centrum-Demokraterne,D,0
Blågårdskredsen,16. 5. Syd,Christina Mortensen,Centrum-Demokraterne,D,3
Blågårdskredsen,16. 5. Syd,Martin Karbech Mouritsen,Centrum-Demokraterne,D,0
Blågårdskredsen,16. 5. Syd,Partiliste,Socialistisk Folkeparti,F,271
Blågårdskredsen,16. 5. Syd,Marie Daugaard,Socialistisk Folkeparti,F,33
Blågårdskredsen,16. 5. Syd,Lotte Thiim Bertelsen,Socialistisk Folkeparti,F,17
Blågårdskredsen,16. 5. Syd,Jeppe Juul,Socialistisk Folkeparti,F,1
Blågårdskredsen,16. 5. Syd,Anders Finn Jørgensen,Socialistisk Folkeparti,F,2
Blågårdskredsen,16. 5. Syd,Kamal H. Qureshi,Socialistisk Folkeparti,F,193
Blågårdskredsen,16. 5. Syd,Partiliste,Kristendemokraterne,K,29
Blågårdskredsen,16. 5. Syd,Gerda Wienberg Hansen,Kristendemokraterne,K,2
Blågårdskredsen,16. 5. Syd,Marie-Louise From Høeg,Kristendemokraterne,K,1
Blågårdskredsen,16. 5. Syd,Maria Hørby,Kristendemokraterne,K,4
Blågårdskredsen,16. 5. Syd,Jørgen Maltesen,Kristendemokraterne,K,1
Blågårdskredsen,16. 5. Syd,Pernille Moll,Kristendemokraterne,K,2
Blågårdskredsen,16. 5. Syd,Kirsten Elise Ottosen,Kristendemokraterne,K,0
Blågårdskredsen,16. 5. Syd,Andreas Peters-Lehm,Kristendemokraterne,K,1
Blågårdskredsen,16. 5. Syd,Partiliste,Minoritetspartiet,M,24
Blågårdskredsen,16. 5. Syd,Peter Ali Nicolajsen,Minoritetspartiet,M,5
Blågårdskredsen,16. 5. Syd,Thomas Ammitzbøll-Bach,Minoritetspartiet,M,0
Blågårdskredsen,16. 5. Syd,Leyla Tamer,Minoritetspartiet,M,2
Blågårdskredsen,16. 5. Syd,Partiliste,Dansk Folkeparti,O,198
Blågårdskredsen,16. 5. Syd,Preben Elmenhoff,Dansk Folkeparti,O,15
Blågårdskredsen,16. 5. Syd,Mette Dencker,Dansk Folkeparti,O,15
Blågårdskredsen,16. 5. Syd,Karin Storgaard,Dansk Folkeparti,O,11
Blågårdskredsen,16. 5. Syd,Partiliste,"Venstre, Danmarks Liberale Parti",V,326
Blågårdskredsen,16. 5. Syd,Martin Geertsen,"Venstre, Danmarks Liberale Parti",V,50
Blågårdskredsen,16. 5. Syd,Ulrik Kragh,"Venstre, Danmarks Liberale Parti",V,6
Blågårdskredsen,16. 5. Syd,Jens Rohde,"Venstre, Danmarks Liberale Parti",V,138
Blågårdskredsen,16. 5. Syd,Partiliste,Enhedslisten - De Rød-Grønne,Ø,408
Blågårdskredsen,16. 5. Syd,Annelise Ebbe,Enhedslisten - De Rød-Grønne,Ø,31
Blågårdskredsen,16. 5. Syd,Rikke Fog-Møller,Enhedslisten - De Rød-Grønne,Ø,20
Blågårdskredsen,16. 5. Syd,Gorm Gunnarsen,Enhedslisten - De Rød-Grønne,Ø,8
Blågårdskredsen,16. 5. Syd,Hanne Schmidt,Enhedslisten - De Rød-Grønne,Ø,5
Blågårdskredsen,16. 5. Syd,Gunna Starck,Enhedslisten - De Rød-Grønne,Ø,31
Blågårdskredsen,16. 5. Syd,Thomas Nyboe Stein,Enhedslisten - De Rød-Grønne,Ø,0
Blågårdskredsen,16. 5. Syd,John Erik Wagner,(Uden for parti),(Uden for parti),3
Amagerbrokredsen,28. 9. Amagerbro,Partiliste,Socialdemokratiet,A,1658
Amagerbrokredsen,28. 9. Amagerbro,Lars Weiss,Socialdemokratiet,A,252
Amagerbrokredsen,28. 9. Amagerbro,Christine Antorini,Socialdemokratiet,A,543
Amagerbrokredsen,28. 9. Amagerbro,Jette Bergenholtz Bautrup,Socialdemokratiet,A,278
Amagerbrokredsen,28. 9. Amagerbro,Jørgen Elikofer,Socialdemokratiet,A,5
Amagerbrokredsen,28. 9. Amagerbro,Claus Larsen-Jensen,Socialdemokratiet,A,182
Amagerbrokredsen,28. 9. Amagerbro,Partiliste,Det Radikale Venstre,B,1369
Amagerbrokredsen,28. 9. Amagerbro,Anders Thomsen,Det Radikale Venstre,B,26
Amagerbrokredsen,28. 9. Amagerbro,Christian Friis Bach,Det Radikale Venstre,B,144
Amagerbrokredsen,28. 9. Amagerbro,Charlotte Fischer,Det Radikale Venstre,B,182
Amagerbrokredsen,28. 9. Amagerbro,Anders Lundt Hansen,Det Radikale Venstre,B,33
Amagerbrokredsen,28. 9. Amagerbro,Monica Thon,Det Radikale Venstre,B,18
Amagerbrokredsen,28. 9. Amagerbro,Partiliste,Det Konservative Folkeparti,C,598
Amagerbrokredsen,28. 9. Amagerbro,Kræn Blume,Det Konservative Folkeparti,C,35
Amagerbrokredsen,28. 9. Amagerbro,Lone Skov Al Awssi,Det Konservative Folkeparti,C,37
Amagerbrokredsen,28. 9. Amagerbro,Jakob Næsager,Det Konservative Folkeparti,C,35
Amagerbrokredsen,28. 9. Amagerbro,Søren Pedersen,Det Konservative Folkeparti,C,10
Amagerbrokredsen,28. 9. Amagerbro,Marina Willems,Det Konservative Folkeparti,C,18
Amagerbrokredsen,28. 9. Amagerbro,Partiliste,Centrum-Demokraterne,D,130
Amagerbrokredsen,28. 9. Amagerbro,Martin Karbech Mouritsen,Centrum-Demokraterne,D,3
Amagerbrokredsen,28. 9. Amagerbro,Poul Brandrup,Centrum-Demokraterne,D,1
Amagerbrokredsen,28. 9. Amagerbro,Malene Brus,Centrum-Demokraterne,D,8
Amagerbrokredsen,28. 9. Amagerbro,Jens V. Bruun,Centrum-Demokraterne,D,2
Amagerbrokredsen,28. 9. Amagerbro,Christina Mortensen,Centrum-Demokraterne,D,4
Amagerbrokredsen,28. 9. Amagerbro,Partiliste,Socialistisk Folkeparti,F,663
Amagerbrokredsen,28. 9. Amagerbro,Jeppe Juul,Socialistisk Folkeparti,F,22
Amagerbrokredsen,28. 9. Amagerbro,Lotte Thiim Bertelsen,Socialistisk Folkeparti,F,62
Amagerbrokredsen,28. 9. Amagerbro,Marie Daugaard,Socialistisk Folkeparti,F,49
Amagerbrokredsen,28. 9. Amagerbro,Anders Finn Jørgensen,Socialistisk Folkeparti,F,6
Amagerbrokredsen,28. 9. Amagerbro,Kamal H. Qureshi,Socialistisk Folkeparti,F,517
Amagerbrokredsen,28. 9. Amagerbro,Partiliste,Kristendemokraterne,K,86
Amagerbrokredsen,28. 9. Amagerbro,Kirsten Elise Ottosen,Kristendemokraterne,K,8
Amagerbrokredsen,28. 9. Amagerbro,Gerda Wienberg Hansen,Kristendemokraterne,K,0
Amagerbrokredsen,28. 9. Amagerbro,Marie-Louise From Høeg,Kristendemokraterne,K,13
Amagerbrokredsen,28. 9. Amagerbro,Maria Hørby,Kristendemokraterne,K,28
Amagerbrokredsen,28. 9. Amagerbro,Jørgen Maltesen,Kristendemokraterne,K,2
Amagerbrokredsen,28. 9. Amagerbro,Pernille Moll,Kristendemokraterne,K,2
Amagerbrokredsen,28. 9. Amagerbro,Andreas Peters-Lehm,Kristendemokraterne,K,4
Amagerbrokredsen,28. 9. Amagerbro,Partiliste,Minoritetspartiet,M,36
Amagerbrokredsen,28. 9. Amagerbro,Peter Ali Nicolajsen,Minoritetspartiet,M,7
Amagerbrokredsen,28. 9. Amagerbro,Thomas Ammitzbøll-Bach,Minoritetspartiet,M,1
Amagerbrokredsen,28. 9. Amagerbro,Leyla Tamer,Minoritetspartiet,M,11
Amagerbrokredsen,28. 9. Amagerbro,Partiliste,Dansk Folkeparti,O,946
Amagerbrokredsen,28. 9. Amagerbro,Mette Dencker,Dansk Folkeparti,O,151
Amagerbrokredsen,28. 9. Amagerbro,Preben Elmenhoff,Dansk Folkeparti,O,46
Amagerbrokredsen,28. 9. Amagerbro,Karin Storgaard,Dansk Folkeparti,O,66
Amagerbrokredsen,28. 9. Amagerbro,Partiliste,"Venstre, Danmarks Liberale Parti",V,1041
Amagerbrokredsen,28. 9. Amagerbro,Ulrik Kragh,"Venstre, Danmarks Liberale Parti",V,99
Amagerbrokredsen,28. 9. Amagerbro,Martin Geertsen,"Venstre, Danmarks Liberale Parti",V,185
Amagerbrokredsen,28. 9. Amagerbro,Jens Rohde,"Venstre, Danmarks Liberale Parti",V,474
Amagerbrokredsen,28. 9. Amagerbro,Partiliste,Enhedslisten - De Rød-Grønne,Ø,719
Amagerbrokredsen,28. 9. Amagerbro,Annelise Ebbe,Enhedslisten - De Rød-Grønne,Ø,62
Amagerbrokredsen,28. 9. Amagerbro,Hanne Schmidt,Enhedslisten - De Rød-Grønne,Ø,27
Amagerbrokredsen,28. 9. Amagerbro,Rikke Fog-Møller,Enhedslisten - De Rød-Grønne,Ø,23
Amagerbrokredsen,28. 9. Amagerbro,Gorm Gunnarsen,Enhedslisten - De Rød-Grønne,Ø,12
Amagerbrokredsen,28. 9. Amagerbro,Gunna Starck,Enhedslisten - De Rød-Grønne,Ø,43
Amagerbrokredsen,28. 9. Amagerbro,Thomas Nyboe Stein,Enhedslisten - De Rød-Grønne,Ø,4
Amagerbrokredsen,28. 9. Amagerbro,John Erik Wagner,(Uden for parti),(Uden for parti),12
Amagerbrokredsen,29. 9. Syd,Partiliste,Socialdemokratiet,A,1127
Amagerbrokredsen,29. 9. Syd,Lars Weiss,Socialdemokratiet,A,164
Amagerbrokredsen,29. 9. Syd,Christine Antorini,Socialdemokratiet,A,366
Amagerbrokredsen,29. 9. Syd,Jette Bergenholtz Bautrup,Socialdemokratiet,A,270
Amagerbrokredsen,29. 9. Syd,Jørgen Elikofer,Socialdemokratiet,A,4
Amagerbrokredsen,29. 9. Syd,Claus Larsen-Jensen,Socialdemokratiet,A,152
Amagerbrokredsen,29. 9. Syd,Partiliste,Det Radikale Venstre,B,841
Amagerbrokredsen,29. 9. Syd,Anders Thomsen,Det Radikale Venstre,B,26
Amagerbrokredsen,29. 9. Syd,Christian Friis Bach,Det Radikale Venstre,B,95
Amagerbrokredsen,29. 9. Syd,Charlotte Fischer,Det Radikale Venstre,B,125
Amagerbrokredsen,29. 9. Syd,Anders Lundt Hansen,Det Radikale Venstre,B,11
Amagerbrokredsen,29. 9. Syd,Monica Thon,Det Radikale Venstre,B,17
Amagerbrokredsen,29. 9. Syd,Partiliste,Det Konservative Folkeparti,C,394
Amagerbrokredsen,29. 9. Syd,Kræn Blume,Det Konservative Folkeparti,C,24
Amagerbrokredsen,29. 9. Syd,Lone Skov Al Awssi,Det Konservative Folkeparti,C,13
Amagerbrokredsen,29. 9. Syd,Jakob Næsager,Det Konservative Folkeparti,C,17
Amagerbrokredsen,29. 9. Syd,Søren Pedersen,Det Konservative Folkeparti,C,9
Amagerbrokredsen,29. 9. Syd,Marina Willems,Det Konservative Folkeparti,C,13
Amagerbrokredsen,29. 9. Syd,Partiliste,Centrum-Demokraterne,D,85
Amagerbrokredsen,29. 9. Syd,Martin Karbech Mouritsen,Centrum-Demokraterne,D,5
Amagerbrokredsen,29. 9. Syd,Poul Brandrup,Centrum-Demokraterne,D,1
Amagerbrokredsen,29. 9. Syd,Malene Brus,Centrum-Demokraterne,D,9
Amagerbrokredsen,29. 9. Syd,Jens V. Bruun,Centrum-Demokraterne,D,0
Amagerbrokredsen,29. 9. Syd,Christina Mortensen,Centrum-Demokraterne,D,4
Amagerbrokredsen,29. 9. Syd,Partiliste,Socialistisk Folkeparti,F,466
Amagerbrokredsen,29. 9. Syd,Jeppe Juul,Socialistisk Folkeparti,F,20
Amagerbrokredsen,29. 9. Syd,Lotte Thiim Bertelsen,Socialistisk Folkeparti,F,40
Amagerbrokredsen,29. 9. Syd,Marie Daugaard,Socialistisk Folkeparti,F,32
Amagerbrokredsen,29. 9. Syd,Anders Finn Jørgensen,Socialistisk Folkeparti,F,6
Amagerbrokredsen,29. 9. Syd,Kamal H. Qureshi,Socialistisk Folkeparti,F,296
Amagerbrokredsen,29. 9. Syd,Partiliste,Kristendemokraterne,K,63
Amagerbrokredsen,29. 9. Syd,Kirsten Elise Ottosen,Kristendemokraterne,K,2
Amagerbrokredsen,29. 9. Syd,Gerda Wienberg Hansen,Kristendemokraterne,K,0
Amagerbrokredsen,29. 9. Syd,Marie-Louise From Høeg,Kristendemokraterne,K,3
Amagerbrokredsen,29. 9. Syd,Maria Hørby,Kristendemokraterne,K,12
Amagerbrokredsen,29. 9. Syd,Jørgen Maltesen,Kristendemokraterne,K,1
Amagerbrokredsen,29. 9. Syd,Pernille Moll,Kristendemokraterne,K,3
Amagerbrokredsen,29. 9. Syd,Andreas Peters-Lehm,Kristendemokraterne,K,0
Amagerbrokredsen,29. 9. Syd,Partiliste,Minoritetspartiet,M,21
Amagerbrokredsen,29. 9. Syd,Peter Ali Nicolajsen,Minoritetspartiet,M,9
Amagerbrokredsen,29. 9. Syd,Thomas Ammitzbøll-Bach,Minoritetspartiet,M,5
Amagerbrokredsen,29. 9. Syd,Leyla Tamer,Minoritetspartiet,M,5
Amagerbrokredsen,29. 9. Syd,Partiliste,Dansk Folkeparti,O,843
Amagerbrokredsen,29. 9. Syd,Mette Dencker,Dansk Folkeparti,O,115
Amagerbrokredsen,29. 9. Syd,Preben Elmenhoff,Dansk Folkeparti,O,37
Amagerbrokredsen,29. 9. Syd,Karin Storgaard,Dansk Folkeparti,O,44
Amagerbrokredsen,29. 9. Syd,Partiliste,"Venstre, Danmarks Liberale Parti",V,767
Amagerbrokredsen,29. 9. Syd,Ulrik Kragh,"Venstre, Danmarks Liberale Parti",V,93
Amagerbrokredsen,29. 9. Syd,Martin Geertsen,"Venstre, Danmarks Liberale Parti",V,145
Amagerbrokredsen,29. 9. Syd,Jens Rohde,"Venstre, Danmarks Liberale Parti",V,340
Amagerbrokredsen,29. 9. Syd,Partiliste,Enhedslisten - De Rød-Grønne,Ø,472
Amagerbrokredsen,29. 9. Syd,Annelise Ebbe,Enhedslisten - De Rød-Grønne,Ø,53
Amagerbrokredsen,29. 9. Syd,Hanne Schmidt,Enhedslisten - De Rød-Grønne,Ø,25
Amagerbrokredsen,29. 9. Syd,Rikke Fog-Møller,Enhedslisten - De Rød-Grønne,Ø,27
Amagerbrokredsen,29. 9. Syd,Gorm Gunnarsen,Enhedslisten - De Rød-Grønne,Ø,11
Amagerbrokredsen,29. 9. Syd,Gunna Starck,Enhedslisten - De Rød-Grønne,Ø,28
Amagerbrokredsen,29. 9. Syd,Thomas Nyboe Stein,Enhedslisten - De Rød-Grønne,Ø,9
Amagerbrokredsen,29. 9. Syd,John Erik Wagner,(Uden for parti),(Uden for parti),8
